,p_val,avg_log2FC,pct.1,pct.2,p_val_adj,,Explanation,Reference
PLIN1,0,4.570974593,0.923,0.072,0,,Mature adipocyte marker,"Sztalryd, C., & Brasaemle, D. L. (2017). ""The Perilipin family of lipid droplet proteins: Gatekeepers of intracellular lipolysis."" Biochimica et Biophysica Acta."
SORBS1,0,4.545554955,0.94,0.111,0,,Adipocyte marker,"Emont, M. P., et al. (2022). ""A single-cell atlas of human and mouse white adipose tissue."" Nature."
TRHDE,0,4.410319309,0.91,0.082,0,,,
AQP7,0,4.615969783,0.858,0.046,0,,,
KCNIP2-AS1,0,6.24203682,0.839,0.028,0,,,
TRHDE-AS1,0,5.055744572,0.846,0.046,0,,,
GPAM,0,4.792335111,0.924,0.128,0,,Adipocyte marker,"Wendel, A. A., et al. (2009). ""Glycerol-3-phosphate acyltransferase 1 deficiency in mice and its effects on energy metabolism."" Journal of Lipid Research."
PDE3B,0,4.581510894,0.96,0.173,0,,,
AC018616.1,0,4.359634934,0.828,0.048,0,,,
SLC19A3,0,4.534975286,0.819,0.07,0,,,
LIPE-AS1,0,3.840229382,0.862,0.116,0,,,
AL356479.1,0,5.640749308,0.768,0.024,0,,,
RDH5,0,5.352269463,0.777,0.037,0,,,
ADIPOQ,0,3.618807307,0.869,0.13,0,,Mature adipocyte marker,"Emont, M. P., et al. (2022). ""A single-cell atlas of human and mouse white adipose tissue."" Nature."
ITGA7,0,4.492984197,0.777,0.038,0,,,
PNPLA2,0,3.739562966,0.82,0.084,0,,,
DIRC3,0,3.832518549,0.834,0.107,0,,,
PPARG,0,3.063231463,0.926,0.204,0,,,
COL4A2,0,2.981412497,0.897,0.177,0,,,
AC069208.1,0,2.721483685,0.93,0.219,0,,,
TENM3,0,3.450265161,0.82,0.11,0,,,
GYG2,0,5.328783622,0.744,0.036,0,,,
ACVR1C,0,5.363976927,0.734,0.027,0,,,
PRKAR2B,0,3.976134798,0.789,0.09,0,,,
01-Mar,0,4.728677408,0.733,0.034,0,,,
AC006387.1,0,5.277845159,0.729,0.035,0,,,
COL4A1,0,2.913690867,0.87,0.178,0,,,
HOOK2,0,3.363777811,0.822,0.137,0,,,
SOX5,0,2.692009165,0.849,0.167,0,,,
MLXIPL,0,4.192937221,0.718,0.046,0,,,
PCDH9,0,2.940590474,0.804,0.135,0,,,
LPL,0,3.392782373,0.803,0.135,0,,,
TNS1,0,2.833430471,0.875,0.216,0,,,
GPC6,0,3.097710093,0.761,0.103,0,,,
LIMCH1,0,2.750316937,0.846,0.188,0,,,
TMEM132C,0,2.692258214,0.869,0.214,0,,,
PALMD,0,2.332344902,0.821,0.166,0,,,
ACSL1,0,3.569149996,0.77,0.122,0,,,
CARMN,0,3.070094472,0.693,0.046,0,,,
CIDEA,0,3.928385053,0.688,0.042,0,,,
LIPE,0,3.566677765,0.71,0.064,0,,,
MIR193BHG,0,4.892337876,0.665,0.023,0,,,
GPD1,0,4.663832599,0.666,0.025,0,,,
ACACB,0,4.305435759,0.97,0.33,0,,,
PLA2G16,0,2.942694484,0.748,0.122,0,,,
PLIN4,0,3.748721853,0.681,0.055,0,,,
RHOBTB3,0,2.565276304,0.9,0.275,0,,,
LRP1B,0,4.624219676,0.735,0.117,0,,,
PDZRN3,0,2.378423407,0.845,0.231,0,,,
PFKFB3,0,2.714003828,0.791,0.181,0,,,
SIK2,0,3.31253089,0.938,0.33,0,,,
CD36,0,1.906655297,0.969,0.362,0,,,
LVRN,0,4.341263426,0.644,0.037,0,,,
PPP2R1B,0,3.485400305,0.708,0.106,0,,,
LINC00598,0,4.200758174,0.666,0.065,0,,,
BCL2,0,2.13515594,0.826,0.233,0,,,
ADIPOQ-AS1,0,3.429779271,0.641,0.052,0,,,
PECR,0,3.630208121,0.644,0.057,0,,,
DAPK2,0,3.463872635,0.646,0.06,0,,,
SLC16A7,0,2.487251905,0.762,0.183,0,,,
EBF1,0,2.701170598,0.985,0.407,0,,,
PTGER3,0,2.185530703,0.792,0.215,0,,,
ELMOD3,0,2.752996653,0.708,0.142,0,,,
PFKFB1,0,5.907440699,0.571,0.008,0,,,
GLRX,0,2.624585061,0.714,0.153,0,,,
KCNIP2,0,4.714324774,0.581,0.02,0,,,
C2CD2,0,2.680860622,0.687,0.127,0,,,
H2AFY2,0,3.638453701,0.626,0.066,0,,,
GNAI1,0,2.601070522,0.684,0.125,0,,,
PHLDB2,0,2.102791011,0.775,0.216,0,,,
GSE1,0,2.005734513,0.777,0.219,0,,,
PLIN5,0,5.175463111,0.574,0.016,0,,,
GHR,0,3.012536404,0.968,0.414,0,,,
MGST1,0,2.239085106,0.952,0.399,0,,,
CAT,0,2.10978964,0.736,0.184,0,,,
ERV3-1,0,3.257198235,0.62,0.07,0,,,
AC093110.1,0,2.028159416,0.771,0.225,0,,,
ACSS2,0,2.667997289,0.671,0.126,0,,,
SLC7A6OS,0,2.52957594,0.665,0.121,0,,,
KLB,0,4.476154342,0.563,0.022,0,,,
ADAMTS12,0,2.008852586,0.699,0.16,0,,,
GABRE,0,2.389977244,0.662,0.126,0,,,
CAV2,0,2.526582824,0.738,0.205,0,,,
FOXP2,0,1.734427496,0.661,0.128,0,,,
AP001528.2,0,1.897849018,0.742,0.215,0,,,
DMD,0,2.360039896,0.9,0.375,0,,,
MAPK10,0,1.757333265,0.927,0.403,0,,,
TGFBR3,0,1.904854681,0.75,0.227,0,,,
VKORC1L1,0,2.455689805,0.654,0.132,0,,,
ANO6,0,2.182532014,0.901,0.38,0,,,
CPM,0,2.509814095,0.654,0.133,0,,,
GBE1,0,1.963989727,0.778,0.257,0,,,
PALM2-AKAP2,0,4.68446018,0.539,0.018,0,,,
ZNF117,0,2.818891836,0.599,0.081,0,,,
AL139383.1,0,2.767544167,0.6,0.083,0,,,
GREB1L,0,2.948407169,0.596,0.08,0,,,
FERMT2,0,1.840898944,0.757,0.244,0,,,
SLC7A6,0,2.716897158,0.61,0.103,0,,,
ASPH,0,2.272025699,0.923,0.425,0,,,
LRIG1,0,3.046337029,0.572,0.074,0,,,
AC002066.1,0,2.544044509,0.628,0.131,0,,,
EEPD1,0,2.286766713,0.678,0.182,0,,,
ARHGAP24,0,1.529331873,0.846,0.35,0,,,
MMD,0,3.082976689,0.558,0.063,0,,,
TLN2,0,1.874779355,0.828,0.333,0,,,
G0S2,0,2.352769607,0.76,0.267,0,,,
THSD7A,0,1.718378085,0.741,0.248,0,,,
MAOA,0,2.96007742,0.569,0.078,0,,,
PXDN,0,1.998527431,0.652,0.162,0,,,
PTPRS,0,1.629474833,0.703,0.216,0,,,
SLC25A16,0,2.38827264,0.613,0.126,0,,,
IRS2,0,2.916967301,0.56,0.077,0,,,
PRSS23,0,1.912175828,0.91,0.428,0,,,
SORT1,0,3.036198454,0.53,0.048,0,,,
AL365295.1,0,2.603723177,0.551,0.07,0,,,
PRKG1,0,-4.051796565,0.285,0.765,0,,,
RETSAT,0,2.73711905,0.544,0.064,0,,,
AC004160.1,0,1.669044731,0.802,0.323,0,,,
CALCRL,0,2.628696858,0.603,0.126,0,,,
ACSS3,0,2.037561947,0.641,0.165,0,,,
MGEA5,0,1.786730777,0.845,0.369,0,,,
GLCCI1,0,2.523865955,0.587,0.112,0,,,
PRICKLE2,0,1.869592321,0.746,0.271,0,,,
ARHGAP6,0,-4.293754741,0.104,0.578,0,,,
HSDL2,0,1.788462192,0.642,0.169,0,,,
ADIPOR2,0,1.878510416,0.665,0.193,0,,,
AIFM2,0,3.248012916,0.519,0.047,0,,,
AC098829.1,0,2.060633001,0.641,0.169,0,,,
EYS,0,1.893090614,0.635,0.163,0,,,
DLC1,0,1.017525289,0.831,0.361,0,,,
DOCK4,0,-3.809001388,0.159,0.629,0,,,
FZD4,0,2.154767171,0.587,0.117,0,,,
PPP2R5A,0,1.992068863,0.625,0.155,0,,,
BCL6,0,1.914053116,0.607,0.138,0,,,
RTN3,0,1.627908432,0.724,0.255,0,,,
HOXB-AS1,0,2.875560727,0.521,0.059,0,,,
SESTD1,0,1.553977454,0.665,0.203,0,,,
SLC1A3,0,2.686838376,0.539,0.077,0,,,
GPT2,0,4.836018628,0.478,0.016,0,,,
AL360091.3,0,2.41928386,0.557,0.097,0,,,
FABP4,0,1.4006806,0.951,0.491,0,,,
PC,0,4.440969899,0.479,0.019,0,,,
CSAD,0,1.716858156,0.636,0.178,0,,,
AC007529.2,0,3.73796682,0.493,0.036,0,,,
CTIF,0,1.691610507,0.688,0.231,0,,,
LMO3,0,2.021346278,0.549,0.093,0,,,
ACO1,0,2.020097719,0.583,0.127,0,,,
AGPAT2,0,2.447529894,0.519,0.065,0,,,
CIDEC,0,4.419001428,0.467,0.015,0,,,
FRMD4A,0,1.629224741,0.901,0.449,0,,,
TMEM135,0,1.538464889,0.763,0.311,0,,,
ITIH5,0,1.786808229,0.575,0.123,0,,,
MEST,0,2.403139603,0.57,0.119,0,,,
AP000311.1,0,1.609199197,0.867,0.417,0,,,
GRK3,0,2.481559356,0.767,0.318,0,,,
BICC1,0,-4.178718961,0.102,0.548,0,,,
SH3KBP1,0,1.801007031,0.603,0.158,0,,,
ATP1A2,0,4.666308588,0.46,0.016,0,,,
AC104827.1,0,2.581330183,0.51,0.067,0,,,
AL157392.2,0,3.268250201,0.483,0.041,0,,,
ACER3,0,1.700419696,0.617,0.177,0,,,
COBLL1,0,1.543903524,0.894,0.454,0,,,
AC092839.1,0,1.747802287,0.61,0.17,0,,,
MDFIC,0,1.370648808,0.736,0.297,0,,,
DHRS3,0,1.431379444,0.617,0.18,0,,,
LIMA1,0,1.684281425,0.954,0.517,0,,,
NPY1R,0,2.143849487,0.523,0.087,0,,,
FIGN,0,1.201528973,0.705,0.27,0,,,
PPP1R12B,0,1.513407347,0.833,0.398,0,,,
BNIP3L,0,1.457851682,0.646,0.212,0,,,
LINC02237,0,3.430417129,0.453,0.019,0,,,
FAM13A,0,1.769074453,0.874,0.441,0,,,
SLTM,0,1.309538349,0.758,0.325,0,,,
THRB,0,1.131991075,0.775,0.343,0,,,
ARHGEF6,0,2.216877583,0.525,0.094,0,,,
STARD13,0,0.694109076,0.66,0.229,0,,,
STARD13-AS,0,1.543431493,0.55,0.119,0,,,
RNF111,0,1.349523631,0.857,0.426,0,,,
TMEM164,0,2.628354765,0.558,0.128,0,,,
TWIST2,0,1.865138908,0.554,0.126,0,,,
ABCA5,0,1.341294176,0.638,0.211,0,,,
EPB41L3,0,1.893860287,0.624,0.197,0,,,
PSMA1,0,2.389099043,0.512,0.087,0,,,
PTPRM,0,0.42575886,0.772,0.347,0,,,
AC108062.1,0,2.266291224,0.52,0.097,0,,,
TEAD1,0,1.116992652,0.816,0.394,0,,,
LINC01301,0,3.25327676,0.46,0.041,0,,,
ALDH1L1,0,3.474227449,0.451,0.034,0,,,
EYA2,0,1.307078756,0.553,0.136,0,,,
ANGPT1,0,2.199697853,0.502,0.085,0,,,
PHLDB1,0,1.587053047,0.576,0.159,0,,,
RASGRF2,0,2.038781471,0.481,0.065,0,,,
AC131025.2,0,2.933405763,0.437,0.022,0,,,
CLMP,0,1.594886167,0.618,0.203,0,,,
PDE4D,0,-3.693553952,0.196,0.611,0,,,
APOL6,0,2.453826325,0.493,0.079,0,,,
FAM213A,0,1.899920939,0.498,0.084,0,,,
ZBTB16,0,0.532002117,0.673,0.26,0,,,
PCDH9-AS2,0,3.535135599,0.441,0.028,0,,,
AC019197.1,0,3.146412165,0.441,0.029,0,,,
LGR4,0,2.288741853,0.529,0.118,0,,,
TLE1,0,1.673301578,0.557,0.148,0,,,
ALDH2,0,1.674893689,0.6,0.192,0,,,
ITGB1,0,1.192184255,0.669,0.264,0,,,
UNC5C,0,1.41145291,0.538,0.133,0,,,
NR3C1,0,1.229245758,0.87,0.466,0,,,
PTPRF,0,1.344413248,0.603,0.199,0,,,
LDLRAD3,0,2.027031669,0.497,0.094,0,,,
AP002518.2,0,1.399161555,0.714,0.311,0,,,
TBC1D4,0,1.213828118,0.606,0.203,0,,,
NRIP1,0,1.752431234,0.577,0.175,0,,,
FOXO1,0,1.55400628,0.799,0.398,0,,,
FLRT2,0,-4.058998589,0.132,0.532,0,,,
TMEM131L,0,1.395423263,0.654,0.255,0,,,
TUSC5,0,4.368410806,0.411,0.012,0,,,
UGP2,0,1.67786765,0.695,0.297,0,,,
ABCD2,0,2.804233603,0.451,0.054,0,,,
HK2,0,4.255864947,0.415,0.018,0,,,
ITSN1,0,1.136909097,0.847,0.45,0,,,
PRKAG2,0,1.168005373,0.707,0.31,0,,,
ECHDC2,0,0.939069162,0.808,0.412,0,,,
HADH,0,2.425197012,0.463,0.067,0,,,
SPATA9,0,4.203721966,0.417,0.022,0,,,
ATP9A,0,1.694374325,0.524,0.131,0,,,
ADH1B,0,1.738967847,0.812,0.42,0,,,
NRP1,0,0.294652266,0.686,0.294,0,,,
CCDC3,0,3.432185169,0.449,0.057,0,,,
USP33,0,1.256697823,0.744,0.352,0,,,
AC007319.1,0,0.912614152,0.666,0.275,0,,,
LIMS1,0,1.469014286,0.627,0.236,0,,,
TSGA10,0,2.055359543,0.505,0.114,0,,,
RNF150,0,1.158713328,0.632,0.242,0,,,
CPED1,0,1.041265327,0.651,0.262,0,,,
ELL2,0,1.868806291,0.501,0.112,0,,,
EPB41L2,0,0.670236248,0.743,0.354,0,,,
ADHFE1,0,2.198004921,0.474,0.086,0,,,
AC011247.1,0,4.040836831,0.408,0.021,0,,,
TCF7L2,0,1.238735632,0.847,0.46,0,,,
PYGL,0,1.684719646,0.56,0.174,0,,,
Z99289.1,0,1.48969515,0.606,0.22,0,,,
MAST4,0,1.120194811,0.899,0.515,0,,,
ABHD5,0,2.542400894,0.465,0.082,0,,,
EMP1,0,1.447646142,0.645,0.264,0,,,
LINC00968,0,5.255053681,0.4,0.021,0,,,
LSAMP,0,-4.214279712,0.128,0.507,0,,,
AC005699.1,0,-5.822590274,0.047,0.425,0,,,
EPB41,0,1.299705776,0.576,0.198,0,,,
C1QTNF7,0,2.074736616,0.48,0.103,0,,,
ABCA1,0,0.999772151,0.691,0.314,0,,,
RNPC3,0,1.138674846,0.708,0.331,0,,,
CARMIL1,0,-2.656250496,0.222,0.597,0,,,
NTRK2,0,2.56777101,0.423,0.048,0,,,
CDH20,0,4.394608962,0.391,0.017,0,,,
MRAS,0,2.806413869,0.422,0.048,0,,,
FRMD4B,0,-3.958387041,0.106,0.479,0,,,
APBB1IP,0,1.019632972,0.558,0.186,0,,,
PKHD1L1,0,-4.012915986,0.173,0.545,0,,,
AC211433.1,0,1.237456569,0.572,0.2,0,,,
PLPP1,0,0.869087803,0.677,0.306,0,,,
INSR,0,0.993411322,0.652,0.282,0,,,
APCDD1,0,2.598933214,0.438,0.068,0,,,
C19orf12,0,2.379372208,0.44,0.07,0,,,
IRS1,0,2.870424789,0.419,0.049,0,,,
LRRIQ3,0,4.546145649,0.38,0.01,0,,,
PRKCH,0,1.142543965,0.52,0.15,0,,,
RAPGEF4,0,2.37301213,0.414,0.045,0,,,
AC087482.1,0,4.402546044,0.38,0.012,0,,,
NET1,0,2.509805947,0.422,0.054,0,,,
GCLC,0,2.586314421,0.441,0.077,0,,,
ANGPTL4,0,2.170334359,0.454,0.091,0,,,
MARK1,0,2.192829954,0.422,0.059,0,,,
PLCB1,0,-3.563391413,0.303,0.665,0,,,
YAP1,0,0.947922217,0.671,0.311,0,,,
AL359220.1,0,2.708827335,0.408,0.048,0,,,
TPRG1,0,1.487164577,0.495,0.135,0,,,
AC084871.1,0,4.113089653,0.38,0.021,0,,,
CLSTN2,0,3.200161636,0.402,0.044,0,,,
AC025470.2,0,5.298295606,0.365,0.007,0,,,
ADCY5,0,3.921985468,0.373,0.015,0,,,
C1orf132,0,0.980445046,0.625,0.267,0,,,
UPP2,0,3.31479704,0.401,0.044,0,,,
AP000561.1,0,-4.255811224,0.131,0.488,0,,,
HILPDA,0,3.991748926,0.378,0.021,0,,,
LINC02360,0,-4.575421882,0.077,0.434,0,,,
TPM1,0,-3.396588252,0.142,0.498,0,,,
HACD2,0,2.128387574,0.458,0.103,0,,,
PTPRG,0,0.821978445,0.839,0.485,0,,,
PEX11A,0,2.853825407,0.396,0.043,0,,,
DAPK1,0,-3.382616744,0.218,0.571,0,,,
PDGFC,0,0.448109667,0.605,0.252,0,,,
THSD4,0,-4.371185936,0.086,0.439,0,,,
CLMAT3,0,2.444502882,0.415,0.063,0,,,
RFTN1,0,1.121246919,0.559,0.208,0,,,
HIVEP3,0,0.896152049,0.675,0.324,0,,,
ADCY6,0,2.123100459,0.421,0.071,0,,,
CDON,0,-3.690082084,0.137,0.487,0,,,
PCOLCE2,0,0.751839141,0.687,0.338,0,,,
FAM49B,0,0.920996968,0.604,0.255,0,,,
GLYAT,0,5.353628676,0.354,0.005,0,,,
HIPK2,0,1.214371855,0.508,0.159,0,,,
CEP126,0,1.591451271,0.448,0.1,0,,,
PLXDC2,0,-2.63822143,0.338,0.685,0,,,
COX14,0,3.071372323,0.379,0.032,0,,,
LGALS12,0,5.06588126,0.355,0.008,0,,,
LNPEP,0,1.024461364,0.569,0.222,0,,,
FMNL2,0,0.536664726,0.685,0.34,0,,,
MME,0,3.540763211,0.374,0.029,0,,,
SORBS2,0,-4.239243767,0.069,0.414,0,,,
CFLAR,0,0.709358109,0.771,0.427,0,,,
DGAT2,0,2.827593734,0.388,0.045,0,,,
TSPAN15,0,2.677994305,0.383,0.04,0,,,
GTF2I,0,0.899869279,0.615,0.272,0,,,
MCCC1,0,1.435774556,0.485,0.142,0,,,
FAM214A,0,0.873452728,0.658,0.316,0,,,
FAM155A,0,-3.816570925,0.137,0.479,0,,,
MCAM,0,1.999505061,0.4,0.059,0,,,
C14orf180,0,4.880966895,0.348,0.007,0,,,
RTN4,0,0.727530662,0.817,0.476,0,,,
LINC02202,0,2.477056492,0.382,0.042,0,,,
AC012349.1,0,6.135497024,0.349,0.009,0,,,
PDXK,0,1.603021697,0.483,0.144,0,,,
NTM,0,0.678098932,0.66,0.322,0,,,
AL157392.3,0,2.032693331,0.417,0.079,0,,,
CEPT1,0,1.190863256,0.507,0.169,0,,,
IDH1,0,2.200180341,0.429,0.091,0,,,
MYCBP2,0,0.991282492,0.808,0.471,0,,,
BCL2L13,0,1.157880218,0.517,0.18,0,,,
TMEM120B,0,1.784848538,0.438,0.102,0,,,
KANK1,0,0.512412337,0.645,0.31,0,,,
ETFA,0,0.928330719,0.568,0.233,0,,,
SPTBN1,0,1.08938355,0.937,0.603,0,,,
BCKDHB,0,1.165569784,0.511,0.177,0,,,
FOXJ3,0,0.811303565,0.646,0.312,0,,,
UVRAG,0,1.045448447,0.782,0.448,0,,,
AKT3,0,-2.559104118,0.236,0.57,0,,,
TULP4,0,1.623860597,0.465,0.132,0,,,
CACNA2D1,0,0.564563913,0.72,0.387,0,,,
EMC3,0,0.930106289,0.536,0.206,0,,,
LAMC1,0,0.633272757,0.615,0.285,0,,,
PCCA,0,0.644065197,0.712,0.382,0,,,
AC103876.1,0,-5.456215443,0.035,0.363,0,,,
ZBTB20-AS5,0,0.70584735,0.613,0.286,0,,,
GLIS3,0,-3.863844732,0.085,0.412,0,,,
PCED1B,0,0.652260611,0.581,0.254,0,,,
TAPT1-AS1,0,1.394311758,0.469,0.142,0,,,
DENND5B,0,0.932267905,0.555,0.229,0,,,
PDE5A,0,0.851093134,0.662,0.336,0,,,
QKI,0,0.649173233,0.798,0.473,0,,,
AC008840.1,0,4.741018507,0.337,0.012,0,,,
MYO1D,0,-3.617621597,0.088,0.412,0,,,
PLOD2,0,1.203126763,0.533,0.21,0,,,
PICALM,0,0.65229963,0.756,0.433,0,,,
KCNT2,0,-4.017844925,0.075,0.397,0,,,
ACYP2,0,0.600863689,0.693,0.371,0,,,
ENOSF1,0,0.806740775,0.561,0.24,0,,,
ELOVL5,0,1.585773846,0.427,0.106,0,,,
NHLRC3,0,1.163752843,0.523,0.202,0,,,
CFLAR-AS1,0,1.029111,0.492,0.172,0,,,
CRYBG1,0,2.109498567,0.379,0.059,0,,,
CYB5A,0,1.640600617,0.432,0.112,0,,,
PDZD2,0,0.577931666,0.748,0.428,0,,,
UBA2,0,0.991920376,0.502,0.182,0,,,
YWHAG,0,1.681709879,0.419,0.099,0,,,
HEG1,0,-3.676284643,0.107,0.426,0,,,
SLIT2,0,-3.401930981,0.125,0.444,0,,,
INTU,0,0.873245895,0.529,0.211,0,,,
WDR20,0,0.933150729,0.52,0.202,0,,,
CDHR3,0,2.153522799,0.37,0.053,0,,,
MCTP2,0,-4.437111933,0.054,0.371,0,,,
ALDH1A2,0,-4.256740835,0.057,0.373,0,,,
LDB2,0,-3.84883346,0.117,0.433,0,,,
PTEN,0,1.054697761,0.773,0.457,0,,,
GOLGA4,0,0.604982538,0.729,0.414,0,,,
HEPN1,0,3.619562679,0.332,0.017,0,,,
PRKN,0,0.491698914,0.775,0.46,0,,,
PDK4,0,1.250100506,0.65,0.336,0,,,
C9orf84,0,0.577910025,0.64,0.327,0,,,
DOCK11,0,0.615599811,0.645,0.332,0,,,
DGKI,0,4.002964189,0.33,0.018,0,,,
EPB41L4B,0,3.211212275,0.344,0.032,0,,,
CLMN,0,1.28312032,0.455,0.144,0,,,
MYOM1,0,2.350299228,0.361,0.05,0,,,
FAM89A,0,2.902078899,0.338,0.028,0,,,
11-Sep,0,0.753133931,0.516,0.207,0,,,
C8orf34,0,2.693311515,0.344,0.035,0,,,
LPGAT1,0,0.960198733,0.515,0.207,0,,,
CCBE1,0,-4.491555939,0.056,0.364,0,,,
NTNG1,0,-4.347761564,0.052,0.36,0,,,
PCNX1,0,0.684211527,0.638,0.33,0,,,
EIF2B3,0,1.060044136,0.468,0.161,0,,,
AL357153.2,0,1.764238401,0.392,0.085,0,,,
CADPS2,0,-3.869894456,0.065,0.372,0,,,
ITGB1BP1,0,1.028052636,0.479,0.172,0,,,
SLC7A10,0,4.584635079,0.314,0.007,0,,,
SLCO3A1,0,-3.982527895,0.054,0.361,0,,,
AC138123.2,0,3.233905672,0.332,0.026,0,,,
BTG1,0,1.017296878,0.491,0.185,0,,,
C9orf147,0,2.0594102,0.37,0.064,0,,,
CAPN7,0,0.639926065,0.623,0.317,0,,,
GSDMB,0,2.54432308,0.353,0.047,0,,,
MTHFD1,0,2.035747337,0.37,0.064,0,,,
CRY2,0,1.56138541,0.401,0.097,0,,,
NIPSNAP3B,0,2.97937051,0.339,0.035,0,,,
SVIL,0,0.739128382,0.532,0.228,0,,,
AC026333.3,0,4.383244327,0.314,0.01,0,,,
CABLES1,0,1.518654761,0.442,0.139,0,,,
HEBP2,0,1.696257406,0.381,0.078,0,,,
HELZ,0,0.542028417,0.694,0.391,0,,,
SPAG16,0,1.290729157,0.447,0.145,0,,,
TRIO,0,0.551047288,0.753,0.451,0,,,
CC2D2A,0,1.000418928,0.534,0.233,0,,,
C6,0,2.712291303,0.357,0.056,0,,,
KLHL31,0,3.487983088,0.324,0.023,0,,,
MREG,0,3.269198443,0.325,0.024,0,,,
APMAP,0,1.790971751,0.372,0.072,0,,,
CRTC3,0,0.840867137,0.497,0.197,0,,,
RAD23B,0,0.591927861,0.6,0.3,0,,,
SLC8A1,0,-3.004070643,0.293,0.593,0,,,
STAT5B,0,0.878893136,0.487,0.187,0,,,
FASN,0,2.548252349,0.334,0.035,0,,,
SULF1,0,-3.119696596,0.237,0.536,0,,,
PKN2,0,0.55755198,0.766,0.467,0,,,
LINC01481,0,1.444053408,0.432,0.134,0,,,
OSBPL1A,0,0.666211471,0.564,0.266,0,,,
AL139260.1,0,1.254260796,0.432,0.135,0,,,
SH3D19,0,0.63349616,0.752,0.455,0,,,
COPA,0,0.746352671,0.541,0.245,0,,,
TNFAIP8,0,1.138367823,0.495,0.199,0,,,
CSGALNACT1,0,-3.649615485,0.09,0.385,0,,,
NWD2,0,5.493834437,0.301,0.006,0,,,
SPARC,0,0.444696994,0.705,0.41,0,,,
RREB1,0,0.611477684,0.583,0.289,0,,,
SHISA6,0,2.163115636,0.37,0.076,0,,,
GTDC1,0,0.757068168,0.491,0.198,0,,,
DLG1,0,0.537866437,0.699,0.406,0,,,
AC107021.1,0,1.693630222,0.415,0.123,0,,,
CELF1,0,0.419227146,0.635,0.343,0,,,
PARVA,0,0.55838585,0.591,0.299,0,,,
RDH10-AS1,0,1.503335376,0.377,0.085,0,,,
EPS8,0,0.599875839,0.632,0.341,0,,,
PCSK5,0,0.816774223,0.609,0.318,0,,,
RCL1,0,1.581082842,0.392,0.102,0,,,
ZNF680,0,0.798393886,0.503,0.213,0,,,
ZNF160,0,1.450370751,0.416,0.126,0,,,
AKAP12,0,0.905374365,0.487,0.198,0,,,
MAP3K20,0,0.744976494,0.49,0.201,0,,,
PQLC2L,0,2.848065618,0.312,0.023,0,,,
UBR3,0,0.466584648,0.689,0.4,0,,,
PABPN1,0,0.906704875,0.46,0.172,0,,,
AP003086.2,0,0.682216868,0.592,0.304,0,,,
AKT2,0,1.473328211,0.393,0.106,0,,,
ST3GAL5,0,-3.243595315,0.098,0.385,0,,,
STAT5A,0,2.335533401,0.335,0.048,0,,,
CHKA,0,1.636680382,0.371,0.084,0,,,
PTPN4,0,0.849822932,0.476,0.189,0,,,
ST6GAL1,0,-3.919131471,0.058,0.345,0,,,
ITGA1,0,0.957355703,0.391,0.105,0,,,
WT1,0,-4.178292311,0.039,0.325,0,,,
AC098864.1,0,4.502991608,0.294,0.008,0,,,
MYO1C,0,1.167135664,0.416,0.13,0,,,
SEMA5A,0,-3.765628703,0.075,0.361,0,,,
WDR93,0,4.073627065,0.301,0.015,0,,,
ZFAND6,0,0.653982638,0.571,0.285,0,,,
AGBL4,0,1.565912435,0.379,0.094,0,,,
HSPG2,0,0.517186264,0.519,0.234,0,,,
JPX,0,0.493074422,0.796,0.511,0,,,
FHL1,0,1.166880319,0.473,0.188,0,,,
BNC1,0,-3.975173721,0.052,0.336,0,,,
DDX58,0,1.190528291,0.427,0.144,0,,,
SCRN2,0,2.249751003,0.331,0.048,0,,,
SKI,0,0.834606974,0.467,0.184,0,,,
ADK,0,0.478694001,0.625,0.342,0,,,
PAWR,0,-3.705413219,0.066,0.349,0,,,
C2orf88,0,1.36045362,0.401,0.119,0,,,
ETFDH,0,0.834599868,0.456,0.174,0,,,
IFRD1,0,1.29339367,0.396,0.114,0,,,
LURAP1L-AS1,0,1.505396554,0.371,0.089,0,,,
MAN1A1,0,0.459413568,0.639,0.357,0,,,
TNRC6A,0,0.452305996,0.815,0.534,0,,,
ARHGAP18,0,-3.02471263,0.149,0.429,0,,,
CLIC5,0,-4.160214334,0.062,0.342,0,,,
PLXNA4,0,1.008561922,0.442,0.162,0,,,
AC007923.4,0,2.826571156,0.312,0.033,0,,,
FAM107B,0,0.977163962,0.456,0.177,0,,,
SGCG,0,2.543500903,0.311,0.032,0,,,
SUCLA2,0,1.363845257,0.385,0.106,0,,,
TNS2,0,0.887810607,0.429,0.15,0,,,
USP40,0,0.671146097,0.501,0.222,0,,,
RTN1,0,0.831396115,0.392,0.114,0,,,
SLC25A33,0,2.861678429,0.309,0.031,0,,,
CRLS1,0,0.81652433,0.534,0.257,0,,,
ITGB8,0,-4.246045263,0.042,0.319,0,,,
AC008957.2,0,3.567946723,0.295,0.018,0,,,
IGF1,0,1.83976813,0.413,0.136,0,,,
PBX1,0,0.385518386,0.898,0.622,0,,,
RSPO3,0,0.996113658,0.39,0.114,0,,,
GPATCH11,0,1.962057775,0.332,0.057,0,,,
KLHL24,0,0.749210615,0.485,0.21,0,,,
PDHX,0,1.15529141,0.402,0.127,0,,,
ECHDC3,0,3.155294459,0.295,0.02,0,,,
ELMO1,0,-3.998803397,0.07,0.345,0,,,
AL122035.1,0,2.398295975,0.318,0.044,0,,,
LINC02082,0,5.111757655,0.278,0.004,0,,,
TMTC1,0,0.335852872,0.462,0.188,0,,,
EZR,0,-3.426270192,0.085,0.359,0,,,
RALGPS2,0,-3.587897325,0.074,0.348,0,,,
PDE8A,0,0.486856334,0.542,0.269,0,,,
SLC8A1-AS1,0,-4.407449188,0.046,0.319,0,,,
TFDP2,0,0.557673396,0.59,0.317,0,,,
CFH,0,-3.315307408,0.089,0.361,0,,,
NEDD4L,0,0.996638759,0.46,0.188,0,,,
SLC16A4,0,1.105292632,0.404,0.132,0,,,
XYLT1,0,0.99046258,0.444,0.172,0,,,
ZNF438,0,0.55577268,0.519,0.247,0,,,
DECR1,0,0.558992989,0.571,0.299,0,,,
COL1A2,0,-2.595947078,0.208,0.479,0,,,
FAM69A,0,0.68668534,0.517,0.246,0,,,
MDH1,0,1.370937187,0.383,0.112,0,,,
OTUD7B,0,1.016652279,0.408,0.137,0,,,
TTLL7,0,1.206419962,0.356,0.085,0,,,
AC015914.1,0,3.989750882,0.281,0.011,0,,,
ANKRD30A,0,4.668890576,0.278,0.008,0,,,
ATP11A,0,-3.272832814,0.085,0.355,0,,,
ECM2,0,0.411408043,0.569,0.299,0,,,
PER3,0,0.465267292,0.561,0.292,0,,,
ADAM12,0,1.90972884,0.312,0.043,0,,,
RAB30-AS1,0,0.698339896,0.482,0.213,0,,,
SLC22A3,0,3.599215288,0.28,0.011,0,,,
TACC2,0,1.139685821,0.398,0.129,0,,,
AL356599.1,0,0.618850459,0.503,0.235,0,,,
OXNAD1,0,0.846254098,0.411,0.143,0,,,
ABCC6,0,3.777421762,0.28,0.013,0,,,
ADRA1A,0,1.994667142,0.316,0.049,0,,,
NHSL1,0,-3.450059376,0.065,0.332,0,,,
SESN1,0,0.605310194,0.498,0.231,0,,,
BLCAP,0,1.414208835,0.358,0.092,0,,,
RPP38,0,0.857723407,0.437,0.171,0,,,
RBMS3-AS2,0,0.615245404,0.581,0.315,0,,,
GFPT1,0,0.902359438,0.437,0.172,0,,,
ME1,0,0.343823117,0.394,0.129,0,,,
TMEM241,0,0.869517084,0.497,0.232,0,,,
AGFG1,0,0.66884373,0.499,0.235,0,,,
WDPCP,0,1.32842194,0.842,0.578,0,,,
PMEPA1,0,2.164606622,0.304,0.042,0,,,
ATP2B1,0,-2.528390346,0.194,0.455,0,,,
FADS3,0,2.196714019,0.303,0.042,0,,,
FREM1,0,1.101654922,0.336,0.075,0,,,
IGF1R,0,-2.633681316,0.147,0.408,0,,,
PTGR1,0,0.750955029,0.439,0.178,0,,,
SYNE3,0,1.70079594,0.327,0.066,0,,,
ARHGAP44,0,-3.526284439,0.069,0.329,0,,,
LINC01619,0,2.238688053,0.315,0.055,0,,,
LINC02456,0,2.266257056,0.337,0.077,0,,,
LRRN3,0,1.126250051,0.366,0.106,0,,,
OXCT1,0,1.598381422,0.345,0.085,0,,,
AP005329.2,0,2.484769476,0.296,0.037,0,,,
DOCK5,0,-3.06766621,0.113,0.372,0,,,
PIK3CA,0,0.588571255,0.507,0.248,0,,,
GPAT3,0,3.827555337,0.285,0.026,0,,,
ABHD3,0,1.131032058,0.358,0.1,0,,,
AC104123.1,0,1.658339401,0.333,0.075,0,,,
ADGRG2,0,1.257414058,0.363,0.105,0,,,
DHDDS,0,1.300737268,0.359,0.101,0,,,
AC124947.1,0,3.122312816,0.28,0.023,0,,,
SMOC2,0,-3.485605675,0.068,0.325,0,,,
SNX21,0,1.660351889,0.326,0.069,0,,,
BHMT2,0,2.353992223,0.288,0.032,0,,,
FSTL3,0,2.076134669,0.299,0.043,0,,,
MSH3,0,0.563942662,0.508,0.252,0,,,
INTS10,0,1.172827034,0.405,0.15,0,,,
LINC01239,0,2.40026326,0.298,0.043,0,,,
PPFIBP1,0,-3.253863667,0.111,0.366,0,,,
SEMA3A,0,0.651890406,0.482,0.227,0,,,
AKR1C2,0,3.104365487,0.274,0.02,0,,,
ATE1,0,0.450426463,0.506,0.252,0,,,
ZBED3-AS1,0,2.142604987,0.312,0.058,0,,,
COL6A2,0,-2.74039029,0.129,0.382,0,,,
02-Mar,0,1.79758036,0.31,0.057,0,,,
RHOT1,0,0.738977199,0.441,0.188,0,,,
SYN3,0,0.835253896,0.459,0.206,0,,,
TNFRSF21,0,1.402808263,0.351,0.098,0,,,
AC005037.1,0,1.065915638,0.379,0.127,0,,,
AC136424.2,0,3.239842102,0.267,0.015,0,,,
AF127577.2,0,2.2163141,0.293,0.041,0,,,
ECHDC1,0,0.803799201,0.429,0.177,0,,,
GPR180,0,1.577158591,0.319,0.067,0,,,
C3,0,-2.282178558,0.341,0.593,0,,,
BMPER,0,1.275918172,0.343,0.092,0,,,
CCDC36,0,2.430258195,0.281,0.03,0,,,
EPM2A,0,1.915387013,0.309,0.058,0,,,
ACADL,0,1.674450321,0.311,0.061,0,,,
CAMK1D,0,-2.786542792,0.137,0.387,0,,,
GPX4,0,0.898830563,0.356,0.106,0,,,
LINC00969,0,0.473039947,0.526,0.276,0,,,
PITPNC1,0,-2.570527815,0.252,0.502,0,,,
IL18,0,-2.957162653,0.116,0.365,0,,,
MIR99AHG,0,0.390876139,0.843,0.594,0,,,
MGST3,0,0.420093937,0.467,0.219,0,,,
AC007114.2,0,2.160685583,0.295,0.047,0,,,
AIG1,0,0.90319358,0.384,0.136,0,,,
LARP1,0,0.688771634,0.438,0.19,0,,,
PPM1L,0,1.419803586,0.353,0.105,0,,,
VSIG10,0,1.39264309,0.327,0.079,0,,,
DAAM2,0,1.196168655,0.326,0.079,0,,,
STK38L,0,0.975342352,0.373,0.126,0,,,
MBP,0,-2.947640296,0.101,0.348,0,,,
AL031316.1,0,3.220333755,0.265,0.019,0,,,
BOK,0,2.798818446,0.269,0.023,0,,,
RFX3-AS1,0,0.885476429,0.405,0.159,0,,,
PPARGC1B,0,1.319738939,0.36,0.114,0,,,
SH3BP5,0,0.572593799,0.486,0.24,0,,,
MOCS1,0,3.169977955,0.263,0.018,0,,,
C4orf19,0,1.602774792,0.305,0.06,0,,,
FRAS1,0,-4.106847917,0.046,0.291,0,,,
POLN,0,2.181322115,0.295,0.05,0,,,
RASSF4,0,1.311722617,0.342,0.098,0,,,
FAM126B,0,0.876825257,0.418,0.174,0,,,
MTURN,0,1.082145352,0.365,0.121,0,,,
ORMDL1,0,0.407508591,0.485,0.241,0,,,
PIEZO1,0,1.096179442,0.348,0.104,0,,,
STK39,0,0.713857749,0.412,0.168,0,,,
PHACTR1,0,-3.348951581,0.073,0.316,0,,,
ST6GALNAC3,0,-4.232667417,0.048,0.291,0,,,
LAMA4,0,0.649337432,0.932,0.69,0,,,
APP,0,-3.164158735,0.092,0.334,0,,,
NNMT,0,0.499333892,0.466,0.224,0,,,
ANO3,0,3.457952308,0.255,0.013,0,,,
KIAA1958,0,1.46386344,0.324,0.082,0,,,
RHBDL2,0,1.678868651,0.311,0.069,0,,,
MAP3K20-AS1,0,1.280722027,0.327,0.086,0,,,
FAM219B,0,1.699948401,0.302,0.061,0,,,
NMT2,0,0.791747121,0.391,0.151,0,,,
NOVA1,0,-0.416607539,0.413,0.173,0,,,
PARN,0,0.671748702,0.439,0.199,0,,,
PDGFD,0,-3.827528851,0.058,0.298,0,,,
PRDX6,0,0.781774141,0.408,0.168,0,,,
AL391117.1,0,3.02003276,0.265,0.026,0,,,
EHHADH,0,2.477481519,0.272,0.033,0,,,
C10orf76,0,0.564356937,0.47,0.231,0,,,
NPLOC4,0,0.758157707,0.381,0.143,0,,,
AZI2,0,0.961231018,0.428,0.19,0,,,
MOGAT1,0,5.81743176,0.241,0.003,0,,,
SASH1,0,-2.462289424,0.188,0.426,0,,,
VIPR2,0,-4.361446453,0.028,0.265,0,,,
ANTXR1,0,-2.959217615,0.094,0.33,0,,,
COLEC12,0,-3.418683019,0.094,0.33,0,,,
PEX14,0,0.85280364,0.376,0.14,0,,,
CDK14,0,-2.338415601,0.3,0.535,0,,,
RGS22,0,2.488727045,0.269,0.034,0,,,
AC025917.1,0,1.40949091,0.311,0.076,0,,,
SYT2,0,2.071007598,0.285,0.05,0,,,
AC138150.1,0,0.862081698,0.375,0.141,0,,,
BPHL,0,2.288868786,0.268,0.034,0,,,
IMMP2L,0,0.641629062,0.946,0.712,0,,,
SNRK,0,0.413714235,0.427,0.193,0,,,
ADGRD1,0,-3.889847251,0.034,0.267,0,,,
AKAP1,0,1.637221204,0.302,0.069,0,,,
CCDC50,0,0.625772604,0.419,0.186,0,,,
PGM1,0,1.88786631,0.29,0.057,0,,,
TLE4,0,-3.382141883,0.057,0.29,0,,,
ABI3BP,0,-2.458466636,0.217,0.449,0,,,
C10orf10,0,2.210083626,0.267,0.035,0,,,
HRASLS5,0,2.176220218,0.274,0.042,0,,,
STAG3L5P-PVRIG2P-PILRB,0,0.554038669,0.408,0.176,0,,,
AL137145.2,0,2.810755144,0.256,0.025,0,,,
CELF2-AS2,0,0.743200954,0.374,0.143,0,,,
LURAP1L,0,1.198286621,0.319,0.088,0,,,
AC023051.1,0,0.973158628,0.352,0.121,0,,,
AC053527.1,0,0.906559198,0.358,0.127,0,,,
ACOX1,0,1.093784061,0.347,0.116,0,,,
ZFAND5,0,1.306460002,0.367,0.136,0,,,
EZH1,0,0.458220269,0.444,0.214,0,,,
HAND2-AS1,0,-4.028847591,0.035,0.265,0,,,
AC015878.1,0,3.409914084,0.244,0.014,0,,,
AC098679.1,0,1.542295771,0.293,0.063,0,,,
GABPB2,0,0.98146893,0.35,0.12,0,,,
CDH11,0,-3.934300939,0.04,0.269,0,,,
LINC00894,0,0.633421971,0.449,0.22,0,,,
CFAP70,0,1.524704554,0.301,0.072,0,,,
PDZRN4,0,-4.369072378,0.072,0.301,0,,,
RBM28,0,0.826248737,0.364,0.135,0,,,
CCDC18,0,0.592800127,0.393,0.165,0,,,
MYO16,0,2.359887265,0.252,0.024,0,,,
ABHD15-AS1,0,0.531821647,0.423,0.195,0,,,
TTC39C,0,0.406444911,0.451,0.224,0,,,
AC134511.1,0,-4.537937123,0.028,0.254,0,,,
ALDH1A1,0,0.719400311,0.388,0.162,0,,,
FMN2,0,-4.015408714,0.038,0.264,0,,,
SCAI,0,0.795790153,0.391,0.165,0,,,
COL12A1,0,0.777908837,0.362,0.136,0,,,
MOB3B,0,0.54661629,0.42,0.194,0,,,
ATL2,0,0.634604239,0.405,0.18,0,,,
DMGDH,0,1.631190395,0.278,0.053,0,,,
SAMD12,0,-3.699523254,0.055,0.28,0,,,
GPLD1,0,2.596238643,0.252,0.027,0,,,
PLEKHM3,0,0.707212269,0.377,0.152,0,,,
AC018682.1,0,0.758387005,0.362,0.137,0,,,
AP001767.3,0,1.301667506,0.308,0.083,0,,,
PODN,0,-3.173153449,0.064,0.289,0,,,
AC016924.1,0,3.168173231,0.247,0.023,0,,,
FNIP2,0,0.699287117,0.383,0.159,0,,,
NHSL2,0,-3.842559021,0.04,0.264,0,,,
GRIN2B,0,2.552827128,0.252,0.029,0,,,
PRICKLE1,0,-3.25202301,0.083,0.306,0,,,
SUGCT,0,1.334151906,0.291,0.068,0,,,
TMEM161B-AS1,0,0.623006867,0.42,0.197,0,,,
USP45,0,0.643303723,0.411,0.188,0,,,
DDI2,0,1.046738801,0.332,0.11,0,,,
HLCS,0,0.684336113,0.366,0.144,0,,,
DCUN1D4,0,0.518071471,0.423,0.201,0,,,
MEG3,0,-4.310274627,0.032,0.253,0,,,
MKRN2OS,0,1.147858035,0.315,0.094,0,,,
PCK1,0,4.318959036,0.234,0.013,0,,,
BNIP3,0,1.503790353,0.286,0.065,0,,,
LAMTOR5-AS1,0,0.841223354,0.345,0.124,0,,,
PPM1B,0,0.674270692,0.413,0.192,0,,,
GRK5,0,-3.568443815,0.051,0.271,0,,,
PDE7B,0,-2.751797347,0.104,0.324,0,,,
AC068888.1,0,0.551327268,0.379,0.159,0,,,
ZNF827,0,1.042455654,0.318,0.098,0,,,
MGLL,0,0.53128278,0.357,0.137,0,,,
OIP5-AS1,0,0.576661296,0.394,0.175,0,,,
UST,0,-3.967903646,0.045,0.264,0,,,
KCTD8,0,-3.028202384,0.129,0.348,0,,,
CCDC125,0,1.084291109,0.32,0.102,0,,,
COPG2,0,1.037738965,0.327,0.109,0,,,
PRKAR2A,0,0.569718756,0.39,0.172,0,,,
AC011498.4,0,5.638330495,0.22,0.002,0,,,
CLDN1,0,-3.350969311,0.072,0.29,0,,,
CACNA2D3,0,-4.011569111,0.05,0.267,0,,,
ZNF248,0,0.512950224,0.404,0.187,0,,,
TXLNG,0,1.228701187,0.311,0.094,0,,,
FGF13,0,0.345625784,0.321,0.105,0,,,
TSPAN14,0,0.583374864,0.342,0.126,0,,,
AL024474.2,0,0.644673762,0.378,0.162,0,,,
AOC3,0,1.81477302,0.249,0.033,0,,,
SMIM3,0,2.117344744,0.254,0.038,0,,,
SOX5-AS1,0,3.577309802,0.226,0.01,0,,,
TMEM232,0,1.189859916,0.303,0.087,0,,,
BCHE,0,-3.374739621,0.065,0.28,0,,,
FOXN2,0,0.771581249,0.339,0.124,0,,,
GPI,0,0.89866177,0.338,0.123,0,,,
PLEKHG6,0,2.813770179,0.234,0.019,0,,,
BDNF-AS,0,1.068066473,0.315,0.1,0,,,
ECE1,0,0.976376205,0.308,0.093,0,,,
DGKH,0,-3.174044776,0.069,0.284,0,,,
SPRY4-AS1,0,0.842617082,0.349,0.134,0,,,
DEPTOR,0,-3.721918468,0.051,0.265,0,,,
POLI,0,0.988906122,0.319,0.105,0,,,
NBEA,0,-2.837841038,0.083,0.297,0,,,
AFF3,0,0.249798423,0.341,0.128,0,,,
AGBL3,0,1.049551423,0.329,0.116,0,,,
CDC14B,0,0.53534932,0.376,0.163,0,,,
EIF4EBP2,0,1.091916264,0.307,0.094,0,,,
HSD17B4,0,0.584432131,0.401,0.189,0,,,
TBC1D16,0,0.915192355,0.324,0.112,0,,,
AC012085.2,0,0.502240574,0.36,0.148,0,,,
ANKS1B,0,-2.425212644,0.205,0.417,0,,,
TMEM170B,0,2.527273988,0.248,0.036,0,,,
AL136311.1,0,0.469012977,0.385,0.174,0,,,
SMAD6,0,1.178350936,0.289,0.078,0,,,
SLC46A3,0,1.420248634,0.274,0.064,0,,,
SNHG22,0,0.918889751,0.321,0.111,0,,,
DDX5,0,0.544337297,0.878,0.668,0,,,
RASGEF1B,0,1.309099359,0.288,0.078,0,,,
TK2,0,0.953803798,0.319,0.11,0,,,
SFRP4,0,1.204592072,0.282,0.073,0,,,
SGO2,0,-3.410638711,0.072,0.28,0,,,
SHMT1,0,1.481245575,0.27,0.062,0,,,
CCNYL1,0,0.911818487,0.352,0.144,0,,,
ERI2,0,1.091320381,0.298,0.09,0,,,
MAPT,0,2.451958946,0.237,0.029,0,,,
TYRO3,0,1.961791779,0.248,0.04,0,,,
NDUFV3,0,0.6974217,0.346,0.138,0,,,
POR,0,1.182582245,0.285,0.077,0,,,
FLNB,0,-3.591864934,0.043,0.25,0,,,
LINC01197,0,-4.292550416,0.026,0.233,0,,,
NR1D2,0,0.469231391,0.377,0.17,0,,,
AC007388.1,0,0.69762165,0.385,0.179,0,,,
AKAP7,0,0.76734544,0.337,0.131,0,,,
CHN2,0,-2.594444358,0.129,0.335,0,,,
AGL,0,1.402266758,0.319,0.114,0,,,
GTF2E2,0,0.841633124,0.316,0.111,0,,,
VPS45,0,0.497015231,0.378,0.173,0,,,
PTPN3,0,1.292861533,0.294,0.089,0,,,
ROR2,0,-3.078265695,0.096,0.301,0,,,
CFI,0,-3.177959598,0.059,0.263,0,,,
DNHD1,0,0.767857888,0.32,0.116,0,,,
GAREM1,0,0.785617401,0.323,0.119,0,,,
KATNAL2,0,1.137316956,0.292,0.088,0,,,
AACS,0,1.972271821,0.25,0.047,0,,,
COQ8A,0,1.19837492,0.297,0.094,0,,,
SDK1,0,0.930693232,0.362,0.159,0,,,
IFI16,0,-2.81478621,0.081,0.284,0,,,
DRAM2,0,0.68278687,0.33,0.128,0,,,
MYOF,0,-2.508743063,0.114,0.316,0,,,
RASA3,0,0.774618937,0.323,0.121,0,,,
RASD1,0,2.970005823,0.218,0.016,0,,,
AP001831.1,0,0.504664374,0.361,0.159,0,,,
YPEL2,0,0.563822979,0.356,0.154,0,,,
AC092567.1,0,0.89747699,0.31,0.109,0,,,
PVT1,0,-3.458692367,0.048,0.249,0,,,
ARAP2,0,-3.430635716,0.04,0.241,0,,,
LINC02062,0,1.07824611,0.291,0.09,0,,,
CKMT2-AS1,0,0.679044943,0.33,0.13,0,,,
COL1A1,0,-2.468153456,0.124,0.324,0,,,
TENM4,0,1.379882749,0.275,0.075,0,,,
PPFIA2,0,1.688365232,0.241,0.041,0,,,
JADE1,0,0.826661104,0.303,0.104,0,,,
L2HGDH,0,1.731075531,0.256,0.057,0,,,
RORB,0,3.60503256,0.21,0.011,0,,,
CNTN4,0,-3.725063532,0.059,0.257,0,,,
TTC38,0,1.856589556,0.244,0.046,0,,,
MDM2,0,0.520268945,0.353,0.155,0,,,
PLEKHA7,0,0.938798794,0.294,0.096,0,,,
AC027288.3,0,-4.465672216,0.026,0.223,0,,,
AC098617.1,0,-2.875043942,0.122,0.319,0,,,
FGF2,0,0.978352468,0.316,0.119,0,,,
RFTN2,0,1.239542181,0.258,0.061,0,,,
SNTG2,0,0.291913094,0.25,0.053,0,,,
C6orf106,0,0.633454742,0.348,0.151,0,,,
ST7-AS2,0,1.086984665,0.285,0.088,0,,,
ACVR1,0,0.940281343,0.316,0.12,0,,,
PALM,0,1.134221466,0.275,0.079,0,,,
SEMA3D,0,-3.652778334,0.042,0.238,0,,,
SLC27A1,0,0.911298381,0.291,0.095,0,,,
STXBP1,0,0.488225907,0.35,0.154,0,,,
TM4SF1,0,-2.219180276,0.208,0.403,0,,,
AC025164.2,0,2.447348657,0.22,0.025,0,,,
CASC15,0,-3.279204806,0.072,0.267,0,,,
ENPP1,0,2.757919878,0.212,0.017,0,,,
PTGIS,0,-3.901156234,0.039,0.234,0,,,
TCF4,0,-2.222778381,0.314,0.509,0,,,
CD96,0,1.268571976,0.241,0.047,0,,,
DAB2,0,-2.975316968,0.085,0.279,0,,,
KLF12,0,-3.649807987,0.044,0.238,0,,,
ZNF436-AS1,0,2.539789059,0.218,0.024,0,,,
CDO1,0,3.311387435,0.205,0.011,0,,,
SLC19A2,0,1.455519343,0.244,0.051,0,,,
SSB,0,0.65597115,0.321,0.128,0,,,
VEGFA,0,0.832078842,0.331,0.138,0,,,
DDHD1,0,0.697027885,0.318,0.126,0,,,
FMO2,0,0.169862812,0.321,0.129,0,,,
GNGT1,0,-4.219090551,0.034,0.226,0,,,
C7orf49,0,0.918002934,0.288,0.096,0,,,
TUBB6,0,0.574119316,0.346,0.154,0,,,
CPVL,0,-2.981619815,0.08,0.271,0,,,
NEBL,0,-4.033099567,0.039,0.23,0,,,
SRGAP2,0,-3.150007788,0.058,0.249,0,,,
CCDC146,0,0.787763301,0.34,0.15,0,,,
KCND2,0,0.612264818,0.276,0.086,0,,,
CNTFR,0,2.32308581,0.216,0.026,0,,,
PKDCC,0,1.665751387,0.24,0.05,0,,,
ANP32A,0,0.949896297,0.288,0.098,0,,,
ADAMTSL3,0,-3.666271921,0.049,0.238,0,,,
BAG4,0,1.467255073,0.249,0.06,0,,,
C9orf72,0,0.808326892,0.319,0.13,0,,,
NID1,0,0.412804061,0.291,0.102,0,,,
DST,0,-1.975361982,0.374,0.562,0,,,
AC078955.1,0,2.433207244,0.213,0.025,0,,,
EMB,0,-2.832278025,0.079,0.267,0,,,
SPATA6,0,-2.172907742,0.18,0.368,0,,,
LIN52,0,0.846807451,0.284,0.096,0,,,
AC010655.4,0,4.054473006,0.194,0.007,0,,,
AL356270.1,0,3.343733111,0.202,0.015,0,,,
LRRC8B,0,2.028725339,0.221,0.034,0,,,
SFMBT2,0,-3.704954983,0.043,0.23,0,,,
SPARCL1,0,-2.168128292,0.262,0.449,0,,,
GLS,0,-1.916471103,0.349,0.535,0,,,
ACSM5,0,2.983467752,0.2,0.014,0,,,
CECR2,0,3.404215105,0.199,0.013,0,,,
GAS7,0,-3.606294027,0.056,0.242,0,,,
MKX,0,2.591186756,0.215,0.029,0,,,
TMEM144,0,1.715033171,0.228,0.042,0,,,
TMEM44-AS1,0,1.470747842,0.237,0.051,0,,,
ABHD12B,0,2.085137878,0.223,0.038,0,,,
ADGRG6,0,-3.721799103,0.032,0.217,0,,,
CEACAM1,0,1.272144364,0.232,0.047,0,,,
CHST11,0,-3.620262163,0.049,0.234,0,,,
CPT1A,0,-3.511516638,0.035,0.22,0,,,
HDHD3,0,1.49871752,0.24,0.055,0,,,
KLHL5,0,0.419666892,0.307,0.122,0,,,
LRRFIP1,0,-2.285605645,0.174,0.359,0,,,
NKAIN2,0,0.573630157,0.266,0.081,0,,,
SCN3A,0,2.352179416,0.205,0.02,0,,,
EDA,0,-2.728672825,0.093,0.277,0,,,
AL513283.1,0,1.554198903,0.232,0.048,0,,,
FBXO17,0,1.089745717,0.267,0.083,0,,,
TNIP1,0,1.245011944,0.251,0.067,0,,,
XPNPEP3,0,0.579090599,0.318,0.134,0,,,
KANK4,0,1.716427781,0.234,0.051,0,,,
ALK,0,1.401642778,0.251,0.068,0,,,
CCDC170,0,1.457140731,0.235,0.052,0,,,
GALNT18,0,-4.078715295,0.029,0.212,0,,,
HEPACAM,0,2.955083067,0.197,0.014,0,,,
IRX6,0,4.825850731,0.186,0.003,0,,,
MAP7D1,0,1.779774643,0.228,0.045,0,,,
NAA50,0,0.637864757,0.32,0.137,0,,,
PRKCQ,0,1.382878284,0.22,0.037,0,,,
SH2B1,0,0.798213024,0.289,0.106,0,,,
SNCA,0,-4.05206281,0.025,0.208,0,,,
USP6NL,0,0.908713328,0.286,0.103,0,,,
AASS,0,1.190406027,0.284,0.101,0,,,
AL365203.1,0,2.88605959,0.202,0.02,0,,,
SRPX2,0,1.121288001,0.27,0.088,0,,,
ACAT1,0,0.486940205,0.322,0.14,0,,,
ATRNL1,0,-3.833617864,0.035,0.217,0,,,
CAP2,0,0.735835204,0.316,0.134,0,,,
DTX1,0,2.681065693,0.199,0.017,0,,,
FAT1,0,0.85256579,0.288,0.106,0,,,
FBXL7,0,-2.102708372,0.425,0.607,0,,,
LINC02240,0,5.362570869,0.185,0.003,0,,,
PRICKLE2-AS1,0,2.272859823,0.212,0.03,0,,,
H2AFJ,0,0.903506153,0.259,0.078,0,,,
RNF146,0,0.562887535,0.315,0.134,0,,,
AZGP1,0,2.799219377,0.193,0.013,0,,,
GPC3,0,0.593540994,0.305,0.125,0,,,
MCCC2,0,0.942517517,0.282,0.102,0,,,
PHKA2,0,1.068346184,0.263,0.083,0,,,
CS,0,1.477413144,0.234,0.055,0,,,
AC024145.1,0,0.660276882,0.301,0.122,0,,,
ACER2,0,1.626102583,0.226,0.047,0,,,
AL138828.1,0,-3.308638358,0.062,0.241,0,,,
PRICKLE2-AS3,0,2.146831358,0.208,0.029,0,,,
RFESD,0,3.622859522,0.191,0.012,0,,,
SLC39A8,0,-3.111195793,0.06,0.239,0,,,
BTG2,0,1.024384426,0.267,0.089,0,,,
CYP2R1,0,1.505492853,0.239,0.061,0,,,
GLDN,0,2.645398674,0.192,0.014,0,,,
PAMR1,0,-4.031530654,0.03,0.208,0,,,
PNPLA7,0,1.037407234,0.254,0.076,0,,,
SDC2,0,0.644446312,0.292,0.114,0,,,
APIP,0,0.904765908,0.264,0.087,0,,,
EPB41L1,0,0.766475464,0.263,0.086,0,,,
GLI3,0,-2.360749555,0.219,0.396,0,,,
ANXA3,0,-3.754332955,0.031,0.208,0,,,
MAOB,0,1.402188158,0.247,0.07,0,,,
MEOX2,0,-3.843861246,0.041,0.218,0,,,
ZNF429,0,0.712862414,0.293,0.116,0,,,
MYRIP,0,0.294600339,0.28,0.104,0,,,
COL21A1,0,-3.941212713,0.027,0.203,0,,,
AKR1C3,0,1.897954939,0.208,0.032,0,,,
CADM1,0,1.796253872,0.214,0.038,0,,,
FAH,0,2.076342442,0.206,0.03,0,,,
LPIN1,0,1.058761846,0.285,0.109,0,,,
PLCB4,0,-4.094938288,0.037,0.213,0,,,
TMEFF2,0,-2.851330475,0.112,0.288,0,,,
ALOX15,0,-3.849613099,0.025,0.2,0,,,
CEBPA,0,2.423789118,0.196,0.021,0,,,
FLJ27354,0,2.08484905,0.203,0.028,0,,,
LINC00278,0,1.508780256,0.274,0.099,0,,,
NQO2,0,0.807933151,0.265,0.09,0,,,
SLC35G2,0,0.676480769,0.288,0.113,0,,,
SULF2,0,-3.292802136,0.044,0.219,0,,,
TSPAN5,0,-3.830660519,0.031,0.206,0,,,
CGNL1,0,-3.822083467,0.026,0.199,0,,,
RNF144A,0,0.908609976,0.26,0.087,0,,,
SYT1,0,-4.81000102,0.021,0.194,0,,,
UQCRH,0,0.639587721,0.272,0.099,0,,,
AC245041.2,0,-4.561276659,0.013,0.186,0,,,
DDIT4,0,2.019708798,0.205,0.032,0,,,
LRP2,0,-3.586232389,0.039,0.212,0,,,
MTCH2,0,0.911092007,0.256,0.083,0,,,
PCNX2,0,-3.582503257,0.038,0.211,0,,,
TET1,0,0.704520571,0.294,0.121,0,,,
TSEN2,0,0.728004568,0.291,0.118,0,,,
ATP6AP1L,0,0.957576418,0.258,0.086,0,,,
PGD,0,2.268547254,0.199,0.027,0,,,
COL4A5,0,-2.839341078,0.065,0.237,0,,,
MAN2A2,0,1.683561135,0.211,0.039,0,,,
ZBTB20-AS1,0,0.839506689,0.256,0.084,0,,,
FAM19A2,0,0.752272667,0.278,0.107,0,,,
AKR1C1,0,2.48706235,0.19,0.019,0,,,
FNBP1,0,-2.13181693,0.217,0.388,0,,,
THSD7B,0,1.667676212,0.197,0.026,0,,,
BANK1,0,1.207696522,0.238,0.067,0,,,
CNTN3,0,3.107243646,0.183,0.012,0,,,
NFU1,0,0.925930442,0.252,0.081,0,,,
CD34,0,-3.113243229,0.054,0.224,0,,,
LOXL2,0,1.95314975,0.197,0.027,0,,,
PTPRE,0,-3.986075151,0.028,0.198,0,,,
ARL15,0,-2.615531599,0.251,0.421,0,,,
LINC01133,0,-3.913117066,0.017,0.187,0,,,
PIR,0,1.385549263,0.217,0.047,0,,,
RHOXF1-AS1,0,1.642128117,0.214,0.044,0,,,
AC099566.1,0,5.645976597,0.171,0.002,0,,,
GCNT1,0,-3.644385366,0.03,0.199,0,,,
AC010735.2,0,4.212268931,0.174,0.005,0,,,
ANXA6,0,0.673861938,0.254,0.085,0,,,
AC002429.2,0,0.845166464,0.26,0.092,0,,,
SCGB2B2,0,0.798113529,0.261,0.093,0,,,
CREB5,0,-3.797567882,0.037,0.205,0,,,
LEP,0,2.593747597,0.183,0.015,0,,,
RBFOX1,0,-3.311804189,0.127,0.295,0,,,
ROR1,0,-2.244577485,0.249,0.417,0,,,
AC008731.1,0,0.74180061,0.26,0.093,0,,,
AL645568.1,0,0.768961607,0.265,0.098,0,,,
GFPT2,0,-4.389614489,0.026,0.193,0,,,
LINC02232,0,-4.296777819,0.021,0.188,0,,,
PNKD,0,0.835964849,0.26,0.093,0,,,
DUSP6,0,1.496266402,0.212,0.045,0,,,
HACL1,0,0.625850838,0.285,0.118,0,,,
AC138627.1,0,2.411453395,0.192,0.026,0,,,
PEX19,0,2.616994271,0.186,0.02,0,,,
SNCAIP,0,-4.35103547,0.025,0.191,0,,,
LINC00467,0,1.441144428,0.214,0.048,0,,,
SCPEP1,0,0.701156049,0.277,0.112,0,,,
SPTAN1,0,-1.953580875,0.216,0.381,0,,,
PIK3C2B,0,0.640961808,0.243,0.078,0,,,
PDCD1LG2,0,1.394769498,0.221,0.057,0,,,
SLC28A3,0,-3.800810976,0.022,0.186,0,,,
SP1,0,0.777154612,0.256,0.092,0,,,
TYSND1,0,1.901613828,0.198,0.034,0,,,
ZNF592,0,0.805788665,0.255,0.091,0,,,
ANXA8L1,0,-3.462739647,0.042,0.206,0,,,
GPM6A,0,-4.042149411,0.043,0.207,0,,,
TAF8,0,1.042636027,0.235,0.071,0,,,
ARHGEF40,0,1.145704885,0.229,0.066,0,,,
BEAN1,0,1.308029268,0.221,0.058,0,,,
PDE4DIP,0,1.454658724,0.213,0.05,0,,,
CXADR,0,-3.843778931,0.024,0.186,0,,,
NAALAD2,0,1.425251732,0.212,0.05,0,,,
IQCJ-SCHIP1,0,1.044692129,0.254,0.093,0,,,
PLCXD2,0,3.477302189,0.17,0.009,0,,,
COL5A3,0,1.146688381,0.209,0.048,0,,,
FDFT1,0,0.887211246,0.239,0.078,0,,,
CHP1,0,1.03296389,0.231,0.071,0,,,
SMIM8,0,0.670654453,0.262,0.102,0,,,
AC072022.2,0,1.669937927,0.196,0.036,0,,,
ARHGEF26,0,1.045470866,0.246,0.086,0,,,
CCDC69,0,1.055807528,0.228,0.068,0,,,
FAM160A1,0,-4.157162878,0.021,0.181,0,,,
ORMDL3,0,1.936092032,0.191,0.031,0,,,
PPARA,0,0.89639855,0.25,0.09,0,,,
SAR1A,0,0.770428225,0.249,0.089,0,,,
TMEM266,0,1.090669034,0.223,0.063,0,,,
TOM1,0,0.994051118,0.229,0.069,0,,,
BTD,0,1.356376672,0.21,0.05,0,,,
FSIP2,0,0.844836983,0.242,0.082,0,,,
RGL1,0,-2.170674905,0.235,0.394,0,,,
AL139353.2,0,1.131652602,0.221,0.062,0,,,
RGS17,0,1.889552023,0.196,0.037,0,,,
AC108866.1,0,0.879895482,0.243,0.084,0,,,
AR,0,0.767042535,0.251,0.093,0,,,
CRTC3-AS1,0,1.276707611,0.211,0.053,0,,,
MME-AS1,0,4.642527355,0.162,0.004,0,,,
SUCLG1,0,0.648883314,0.259,0.101,0,,,
AOX1,0,-2.011823111,0.301,0.457,0,,,
GDPD5,0,1.004719988,0.231,0.075,0,,,
NEAT1,0,1.420529392,0.993,0.837,0,,,
AL606489.1,0,1.026149526,0.212,0.056,0,,,
GLIS1,0,4.116732968,0.161,0.005,0,,,
ZNF423,0,0.66587123,0.239,0.083,0,,,
ACAD10,0,0.676525157,0.257,0.102,0,,,
AMZ1,0,0.760641923,0.233,0.078,0,,,
ENTPD3-AS1,0,0.897827299,0.224,0.069,0,,,
SLC15A5,0,4.289154305,0.16,0.005,0,,,
AC073082.1,0,1.670165972,0.185,0.031,0,,,
AC104596.1,0,1.343712561,0.215,0.061,0,,,
DNAH6,0,0.863323962,0.247,0.093,0,,,
LENG8-AS1,0,0.894625482,0.223,0.069,0,,,
C11orf63,0,1.363828854,0.199,0.046,0,,,
LYRM1,0,0.906234133,0.229,0.076,0,,,
TIMP1,0,-1.719803063,0.385,0.538,0,,,
TKT,0,0.942144837,0.225,0.072,0,,,
AC010618.3,0,0.711312817,0.239,0.086,0,,,
AC092944.1,0,0.807224019,0.244,0.091,0,,,
MED6,0,0.744397928,0.243,0.09,0,,,
TP53I13,0,1.204502349,0.207,0.054,0,,,
AC034195.1,0,0.830842516,0.236,0.083,0,,,
SLC22A4,0,0.882249143,0.237,0.084,0,,,
AMOTL1,0,0.932124594,0.254,0.102,0,,,
ACOT2,0,1.81670405,0.182,0.03,0,,,
AC090772.2,0,0.736990541,0.226,0.075,0,,,
AC110597.3,0,1.911361622,0.178,0.027,0,,,
THRSP,0,2.772187965,0.163,0.012,0,,,
AK4,0,1.428774278,0.201,0.051,0,,,
DCN,0,-2.041845167,0.509,0.659,0,,,
SLC14A2,0,2.273614992,0.194,0.044,0,,,
AL590867.1,0,5.643284648,0.152,0.002,0,,,
GPD1L,0,1.104129078,0.208,0.058,0,,,
GYS1,0,1.298794805,0.199,0.051,0,,,
RNF180,0,0.584659393,0.226,0.078,0,,,
RDH10,0,1.209750862,0.208,0.06,0,,,
SLC29A1,0,1.504290539,0.186,0.038,0,,,
AP002498.1,0,2.043920553,0.169,0.022,0,,,
QDPR,0,1.304165471,0.198,0.051,0,,,
ITPK1,0,0.931204168,0.214,0.067,0,,,
PALM2,0,3.175800333,0.156,0.009,0,,,
PCDH9-AS4,0,3.724593107,0.153,0.006,0,,,
AC023509.2,0,1.247719004,0.198,0.052,0,,,
ATP5G3,0,0.503344319,0.232,0.086,0,,,
MAMLD1,0,2.192354153,0.171,0.025,0,,,
GLIPR1L1,0,0.697906408,0.228,0.083,0,,,
NSMCE4A,0,0.83281257,0.221,0.076,0,,,
AL845331.2,0,5.759275416,0.146,0.001,0,,,
CCDC80,0,-1.790439006,0.419,0.564,0,,,
AC009126.1,0,0.950694293,0.206,0.063,0,,,
RABGAP1L,0,-1.626759826,0.413,0.555,0,,,
AL590999.1,0,2.439245511,0.158,0.016,0,,,
MAML3,0,-1.826175714,0.386,0.528,0,,,
LINC02256,0,0.756994939,0.223,0.082,0,,,
TMEM100,0,2.912372076,0.154,0.013,0,,,
DLEU2,0,-1.737007557,0.425,0.565,0,,,
ADNP2,0,1.012091031,0.198,0.059,0,,,
DSEL,0,1.250163794,0.184,0.045,0,,,
MAP1LC3A,0,1.128591584,0.189,0.05,0,,,
S100B,0,1.946597713,0.156,0.017,0,,,
AC105339.2,0,1.75162769,0.166,0.028,0,,,
HOXA-AS3,0,1.556106625,0.17,0.032,0,,,
PQLC1,0,0.987803479,0.208,0.07,0,,,
GMCL1,0,0.793122658,0.21,0.073,0,,,
PDP2,0,2.254324393,0.157,0.02,0,,,
STEAP2-AS1,0,1.893145334,0.163,0.026,0,,,
TMEM72-AS1,0,1.177578164,0.188,0.051,0,,,
AP006621.1,0,3.235910764,0.146,0.009,0,,,
CDKN2B,0,3.178001059,0.147,0.01,0,,,
PRR5,0,1.402436617,0.178,0.041,0,,,
RNF157,0,2.890634049,0.146,0.009,0,,,
LRRC34,0,1.777845756,0.163,0.028,0,,,
RBP4,0,0.889223142,0.19,0.055,0,,,
SREBF1,0,1.398911936,0.188,0.053,0,,,
AC139713.2,0,1.359927247,0.171,0.037,0,,,
C3orf62,0,1.60112285,0.169,0.035,0,,,
ISOC1,0,2.033243724,0.154,0.02,0,,,
LDHB,0,0.817776345,0.199,0.065,0,,,
TOB2,0,0.999089462,0.197,0.063,0,,,
AP006621.3,0,0.890192247,0.196,0.063,0,,,
CKMT2,0,1.133483797,0.181,0.048,0,,,
POU6F2,0,2.152825335,0.156,0.023,0,,,
LINC00884,0,2.657670837,0.147,0.014,0,,,
ADAL,0,0.986978909,0.187,0.055,0,,,
MRAP,0,1.274362474,0.163,0.031,0,,,
OSCP1,0,1.373055419,0.172,0.04,0,,,
AP001528.1,0,1.862348063,0.158,0.027,0,,,
FFAR4,0,2.711502679,0.147,0.016,0,,,
MIR22HG,0,1.296330407,0.175,0.044,0,,,
STPG2,0,1.041599771,0.19,0.059,0,,,
DGAT1,0,1.576618098,0.16,0.03,0,,,
ITLN1,0,-2.076475352,0.366,0.495,0,,,
CDKN2C,0,1.8452194,0.15,0.022,0,,,
KLHL21,0,1.070859983,0.177,0.049,0,,,
MLX,0,0.870989098,0.191,0.063,0,,,
LINC00504,0,2.887282026,0.142,0.014,0,,,
ADAM22,0,1.099010682,0.168,0.041,0,,,
AP005059.1,0,3.160768389,0.136,0.009,0,,,
CHCHD10,0,1.09134379,0.169,0.042,0,,,
AKAP13,0,-1.306416242,0.424,0.55,0,,,
AC103740.1,0,1.689515726,0.157,0.031,0,,,
HEATR4,0,1.120727932,0.167,0.041,0,,,
AC091948.1,0,1.055127577,0.179,0.054,0,,,
DIRC3-AS1,0,2.892490434,0.137,0.012,0,,,
HMGCS1,0,0.986216636,0.184,0.059,0,,,
GCLM,0,1.290482158,0.171,0.047,0,,,
C2CD6,0,1.539303887,0.156,0.032,0,,,
GPR135,0,0.900386373,0.184,0.06,0,,,
RGS11,0,1.011253151,0.178,0.054,0,,,
AC008250.1,0,0.84342467,0.178,0.055,0,,,
PLA2G6,0,1.330688824,0.158,0.035,0,,,
GRIA4,0,3.835697521,0.132,0.01,0,,,
NPY5R,0,2.887344716,0.131,0.009,0,,,
SLC29A4,0,3.960302101,0.126,0.004,0,,,
AC048380.1,0,2.16172671,0.139,0.019,0,,,
ARID3A,0,1.060182532,0.167,0.047,0,,,
MYH14,0,2.610357453,0.134,0.014,0,,,
NOTCH1,0,0.916897466,0.166,0.046,0,,,
AC104461.1,0,1.504379295,0.151,0.031,0,,,
BHLHE41,0,1.519155313,0.153,0.033,0,,,
GUCY2C,0,2.079097067,0.141,0.021,0,,,
AC011405.1,0,0.935037278,0.171,0.052,0,,,
AL358394.3,0,2.243695206,0.138,0.019,0,,,
AC022007.1,0,4.149222658,0.122,0.003,0,,,
AC099673.1,0,5.04273832,0.122,0.003,0,,,
ASS1,0,1.649498693,0.148,0.029,0,,,
RGCC,0,1.328067854,0.146,0.027,0,,,
USP30,0,1.171239644,0.159,0.04,0,,,
NOL3,0,0.980038674,0.17,0.052,0,,,
ALDH5A1,0,1.340478196,0.152,0.034,0,,,
LINC00632,0,3.392058296,0.124,0.006,0,,,
MEIS2,0,-1.994341997,0.429,0.546,0,,,
CALD1,0,-1.718296926,0.559,0.676,0,,,
INPP5K,0,1.271440279,0.155,0.038,0,,,
AC025180.1,0,1.599831545,0.138,0.022,0,,,
AC048382.5,0,0.997101818,0.159,0.043,0,,,
GJC1,0,2.024933268,0.129,0.013,0,,,
MYO16-AS1,0,2.581473609,0.127,0.011,0,,,
TRDN,0,2.07638063,0.136,0.02,0,,,
CKB,0,1.213998365,0.155,0.039,0,,,
AC109462.2,0,5.355978923,0.116,0.001,0,,,
CLTCL1,0,0.898428908,0.165,0.05,0,,,
TMEM206,0,1.286162467,0.155,0.04,0,,,
AC008780.1,0,5.026818095,0.116,0.002,0,,,
AC100839.1,0,2.017330849,0.131,0.017,0,,,
CXCL17,0,1.555805491,0.134,0.02,0,,,
KLF15,0,2.255974347,0.127,0.014,0,,,
AL355472.1,0,1.399977881,0.145,0.032,0,,,
EPDR1,0,1.251369978,0.145,0.032,0,,,
CDR1,0,1.288439161,0.138,0.026,0,,,
GRB14,0,2.212655854,0.126,0.014,0,,,
CPEB2-AS1,0,2.835832678,0.122,0.011,0,,,
AF127577.4,0,1.79703814,0.131,0.021,0,,,
AC244131.2,0,1.013921476,0.152,0.042,0,,,
MGP,0,-1.553720564,0.533,0.643,0,,,
GPR146,0,1.60410252,0.132,0.023,0,,,
AC110009.1,0,5.222183515,0.11,0.001,0,,,
ARNTL2,0,1.442907526,0.129,0.02,0,,,
FBXO27,0,2.201327981,0.125,0.016,0,,,
AP003025.2,0,1.48795488,0.138,0.03,0,,,
AFF2,0,3.041493684,0.115,0.007,0,,,
SLC5A6,0,2.45178987,0.12,0.012,0,,,
AC106791.1,0,1.510149931,0.132,0.025,0,,,
AC006269.1,0,3.948277743,0.111,0.004,0,,,
MDFI,0,3.320054154,0.112,0.005,0,,,
SLC25A18,0,1.85042037,0.124,0.017,0,,,
TSKU,0,1.941977806,0.124,0.017,0,,,
TTPA,0,1.926186946,0.128,0.021,0,,,
AC005702.2,0,1.17475216,0.144,0.037,0,,,
DPYD,0,-1.554769651,0.623,0.73,0,,,
AC016910.1,0,1.485730594,0.133,0.027,0,,,
AC135983.1,0,3.739899542,0.111,0.005,0,,,
STOX1,0,2.553765896,0.12,0.014,0,,,
AC114956.3,0,1.499094742,0.132,0.027,0,,,
FABP5,0,2.984309544,0.114,0.009,0,,,
AP003119.2,0,3.465955019,0.11,0.005,0,,,
LINC00472,0,1.091251464,0.145,0.04,0,,,
ACADS,0,1.660575841,0.126,0.022,0,,,
KCTD21-AS1,0,1.570736621,0.131,0.027,0,,,
TM7SF2,0,1.485068637,0.128,0.024,0,,,
SORL1,0,0.696712289,0.145,0.041,0,,,
AC002546.2,0,1.785037741,0.125,0.022,0,,,
RIDA,0,1.401218991,0.132,0.029,0,,,
AC138123.3,0,3.794318438,0.107,0.004,0,,,
FAM47E-STBD1,0,4.037346262,0.106,0.003,0,,,
RGN,0,1.071976907,0.142,0.039,0,,,
AP003025.1,0,1.440183827,0.132,0.03,0,,,
FOXN4,0,6.466909465,0.103,0.001,0,,,
C1QTNF1,0,1.359587151,0.14,0.039,0,,,
AC062017.1,0,1.956846899,0.118,0.017,0,,,
AL160272.1,0,1.616491786,0.125,0.025,0,,,
AP001599.1,0,1.224506484,0.125,0.026,0,,,
TMEM268,0,1.473849873,0.124,0.025,0,,,
CLDND2,0,1.762427032,0.12,0.021,0,,,
AC004540.1,0,1.212577025,0.127,0.029,0,,,
SNTA1,0,1.192813119,0.129,0.031,0,,,
GPT,0,3.221728291,0.104,0.006,0,,,
LINC01252,0,1.651481099,0.118,0.02,0,,,
AL359504.2,0,1.935417719,0.114,0.017,0,,,
GLRB,0,2.687852125,0.106,0.009,0,,,
SPESP1,0,1.331727545,0.127,0.03,0,,,
AP005059.2,0,1.78720913,0.114,0.018,0,,,
PPP1R1A,0,1.69513699,0.11,0.014,0,,,
SLC22A25,0,5.161389076,0.097,0.001,0,,,
AC007780.1,0,1.144342197,0.126,0.031,0,,,
AC022973.3,0,1.554860741,0.117,0.023,0,,,
ENTPD3,0,1.306290533,0.117,0.023,0,,,
NRL,0,1.826472494,0.117,0.023,0,,,
SLC1A5,0,1.49395615,0.115,0.022,0,,,
SMAD7,0,2.026485834,0.11,0.017,0,,,
AC072022.1,0,2.098679998,0.104,0.012,0,,,
AL133415.1,0,1.233180425,0.118,0.026,0,,,
AP000446.1,0,1.421995116,0.117,0.025,0,,,
AP000462.1,0,2.276270421,0.103,0.011,0,,,
DCXR,0,1.720085244,0.113,0.021,0,,,
NNAT,0,2.190541467,0.108,0.016,0,,,
LIN7A,0,1.493485241,0.11,0.019,0,,,
AC005089.1,0,4.184381968,0.093,0.003,0,,,
PPARGC1A,0,1.434194432,0.119,0.029,0,,,
AC084032.1,0,2.561962226,0.1,0.011,0,,,
UFL1-AS1,0,1.340218107,0.117,0.028,0,,,
AC022540.1,0,1.442139433,0.113,0.024,0,,,
AL031429.1,0,3.32225166,0.095,0.006,0,,,
AC006159.1,0,1.724361382,0.106,0.018,0,,,
AC091939.1,0,4.846146144,0.09,0.002,0,,,
GOLGA8M,0,3.281511891,0.093,0.005,0,,,
SYCP1,0,5.389753224,0.089,0.001,0,,,
TBC1D24,0,1.638875786,0.108,0.02,0,,,
STON1-GTF2A1L,0,1.323609476,0.113,0.026,0,,,
AC079226.2,0,3.90061749,0.091,0.004,0,,,
AP002383.3,0,1.849506082,0.103,0.016,0,,,
CNTFR-AS1,0,2.841750652,0.094,0.007,0,,,
PRRT4,0,4.116776754,0.089,0.002,0,,,
RHOF,0,1.57213998,0.108,0.021,0,,,
AC008957.1,0,2.110236045,0.101,0.015,0,,,
ATP6V0E2-AS1,0,2.460898675,0.096,0.01,0,,,
LINC01586,0,2.338557382,0.097,0.011,0,,,
SLC14A2-AS1,0,2.506005397,0.103,0.017,0,,,
AL031963.1,0,2.436336103,0.094,0.009,0,,,
ALDH1L1-AS2,0,4.739077743,0.086,0.002,0,,,
PNPLA3,0,4.215857317,0.088,0.004,0,,,
MESP1,0,2.445819556,0.092,0.009,0,,,
FRMD1,0,4.381323811,0.084,0.002,0,,,
AC010542.2,0,1.474382942,0.104,0.022,0,,,
HOXB8,0,2.99899452,0.088,0.006,0,,,
MT-ND2,0,-1.543666158,0.583,0.664,0,,,
AC078850.2,0,4.496546507,0.083,0.002,0,,,
CTH,0,2.915683546,0.092,0.011,0,,,
RBPMS-AS1,0,1.716185792,0.098,0.017,0,,,
ACOT6,0,2.983969358,0.087,0.006,0,,,
AL513365.2,0,1.613742929,0.098,0.018,0,,,
COL4A2-AS2,0,3.529231532,0.083,0.003,0,,,
IRAK2,0,1.628074601,0.098,0.018,0,,,
LINC01006,0,1.691561879,0.096,0.016,0,,,
AC022973.2,0,1.540872076,0.097,0.018,0,,,
CES1,0,2.727785712,0.085,0.006,0,,,
GPC6-AS1,0,3.715339072,0.082,0.003,0,,,
MGC15885,0,2.061767913,0.09,0.011,0,,,
ADAM21,0,2.812523437,0.086,0.007,0,,,
AL139289.2,0,2.074944394,0.089,0.011,0,,,
ARPP21,0,4.540751287,0.08,0.002,0,,,
CCDC192,0,1.777929228,0.095,0.017,0,,,
CES4A,0,1.891253233,0.092,0.014,0,,,
TOB1-AS1,0,1.806862267,0.093,0.015,0,,,
AC005225.2,0,2.557194547,0.084,0.007,0,,,
AC090518.1,0,1.555332832,0.097,0.02,0,,,
CAHM,0,1.944726134,0.089,0.012,0,,,
CSPG4,0,1.639568683,0.093,0.016,0,,,
FAAH,0,2.764064131,0.083,0.006,0,,,
LINC02206,0,2.239589587,0.088,0.011,0,,,
SLC22A10,0,3.348394614,0.081,0.004,0,,,
AP001266.2,0,2.133782034,0.09,0.014,0,,,
CCDC158,0,3.972427575,0.078,0.002,0,,,
FAM47E,0,2.996194524,0.081,0.005,0,,,
LINC02412,0,4.011039005,0.079,0.003,0,,,
LRRC9,0,1.728005136,0.092,0.016,0,,,
AC006042.2,0,1.572546589,0.093,0.018,0,,,
AC112907.1,0,4.265396457,0.077,0.002,0,,,
SLC27A2,0,2.757934293,0.081,0.006,0,,,
ARL14EPL,0,3.638110317,0.077,0.003,0,,,
ESRRG,0,2.144824856,0.087,0.013,0,,,
LINC00534,0,1.970036901,0.087,0.013,0,,,
RTN4RL1,0,1.591022571,0.091,0.017,0,,,
AC093334.1,0,1.970542115,0.085,0.012,0,,,
HCAR1,0,2.292936194,0.081,0.008,0,,,
TREH,0,3.475189833,0.078,0.005,0,,,
LINC01230,0,5.447217233,0.073,0.001,0,,,
PHLDA3,0,1.660444681,0.087,0.015,0,,,
RNF212B,0,1.846146711,0.087,0.015,0,,,
AL772307.1,0,1.782939813,0.084,0.013,0,,,
AC007529.1,0,4.071057464,0.072,0.002,0,,,
AC099687.1,0,3.044830736,0.073,0.003,0,,,
FAM71F2,0,2.621254738,0.077,0.007,0,,,
FZD5,0,2.239718536,0.079,0.01,0,,,
AC009902.2,0,2.873608334,0.074,0.005,0,,,
SGK2,0,3.345434,0.073,0.004,0,,,
RORA,0,-1.176979269,0.83,0.761,0,,,
AC010655.2,0,4.381192477,0.07,0.002,0,,,
AC109471.3,0,4.909174347,0.069,0.001,0,,,
AL139260.2,0,1.803691825,0.08,0.012,0,,,
AL591686.1,0,5.09042673,0.069,0.001,0,,,
CCL28,0,1.905942025,0.08,0.012,0,,,
DMRTA1,0,3.826922433,0.07,0.002,0,,,
PPP1R1B,0,2.539728914,0.074,0.006,0,,,
SLC2A4,0,2.725964733,0.073,0.005,0,,,
DUSP4,0,2.673619269,0.075,0.008,0,,,
RORB-AS1,0,5.531819171,0.068,0.001,0,,,
AC007450.1,0,2.122223058,0.074,0.008,0,,,
AC007938.2,0,3.205246605,0.071,0.005,0,,,
AC087857.1,0,4.226018963,0.067,0.002,0,,,
AL162497.1,0,3.103364691,0.069,0.004,0,,,
CAPN9,0,4.083543401,0.068,0.003,0,,,
FAM222A,0,4.525177433,0.067,0.002,0,,,
TF,0,2.00715339,0.075,0.01,0,,,
AC099329.1,0,2.393394262,0.072,0.008,0,,,
PRSS51,0,2.036582546,0.076,0.012,0,,,
AC009120.5,0,2.232959443,0.071,0.008,0,,,
AC016907.2,0,3.114373362,0.068,0.005,0,,,
AC026167.1,0,3.899484043,0.066,0.003,0,,,
SULT1C2,0,3.097907986,0.067,0.004,0,,,
LHCGR,0,3.676829896,0.064,0.002,0,,,
LINC01913,0,5.087004229,0.064,0.002,0,,,
ANKRD31,0,2.288974196,0.069,0.008,0,,,
GRHL1,0,2.957299671,0.065,0.005,0,,,
HSPB7,0,2.02322618,0.07,0.01,0,,,
NALT1,0,2.993285536,0.064,0.004,0,,,
AC007938.3,0,2.297179266,0.067,0.008,0,,,
AC100771.2,0,2.456821798,0.066,0.007,0,,,
PRB1,0,1.960006832,0.068,0.009,0,,,
TBL1Y,0,2.427344335,0.067,0.008,0,,,
AC022726.2,0,2.922968203,0.063,0.004,0,,,
AC090993.1,0,4.458900901,0.061,0.002,0,,,
LDHD,0,2.938141385,0.063,0.004,0,,,
AC083967.1,0,4.792339138,0.058,0.001,0,,,
KIAA0408,0,3.356324311,0.06,0.003,0,,,
AL139317.1,0,2.105951898,0.063,0.007,0,,,
LINC00871,0,2.390160373,0.063,0.007,0,,,
LINC01484,0,4.836306995,0.057,0.001,0,,,
ADRB1,0,2.359847327,0.062,0.007,0,,,
GABRA3,0,4.080210106,0.058,0.003,0,,,
NPSR1-AS1,0,3.268429477,0.058,0.004,0,,,
LINC02043,0,3.314577851,0.057,0.003,0,,,
ABHD1,0,2.570208474,0.059,0.006,0,,,
TRPM1,0,3.415365581,0.056,0.003,0,,,
GCOM1,0,2.34687182,0.058,0.006,0,,,
LINC02413,0,3.900197112,0.054,0.002,0,,,
MYRFL,0,3.469546127,0.055,0.003,0,,,
UGT2B4,0,3.798964048,0.054,0.002,0,,,
ARGLU1,0,-1.267577111,0.596,0.647,0,,,
AL160275.1,0,2.887461379,0.055,0.004,0,,,
AL157756.1,0,3.20264858,0.054,0.003,0,,,
AL157392.1,0,2.918071697,0.053,0.003,0,,,
AJ009632.2,0,2.668450041,0.053,0.004,0,,,
LINC02193,0,5.296940341,0.05,0.001,0,,,
AC008991.1,0,3.683223332,0.05,0.002,0,,,
AC123912.4,0,3.869394035,0.05,0.002,0,,,
ARNTL2-AS1,0,2.88835498,0.052,0.004,0,,,
C1orf185,0,3.901260285,0.05,0.002,0,,,
BOK-AS1,0,2.914855686,0.051,0.003,0,,,
AC007327.2,0,2.84630597,0.05,0.003,0,,,
AL356218.1,0,5.718754428,0.047,0,0,,,
ANKRD20A8P,0,3.728327298,0.049,0.002,0,,,
FAM222A-AS1,0,3.413611059,0.049,0.002,0,,,
MYBL2,0,3.272253361,0.048,0.003,0,,,
B2M,0,-1.411537432,0.825,0.869,0,,,
MT-ND1,0,-1.439554701,0.726,0.77,0,,,
AC022360.2,0,4.293335744,0.045,0.001,0,,,
AC099805.1,0,3.650199491,0.046,0.002,0,,,
AL049597.2,0,3.459781521,0.046,0.003,0,,,
LINC01794,0,4.598371258,0.036,0.001,0,,,
AL121820.2,0,4.120802516,0.035,0.001,0,,,
AL683887.1,0,5.430425717,0.034,0,0,,,
MT-ND4,0,-1.512763028,0.823,0.856,0,,,
MT-CO1,0,-1.763054,0.87,0.9,0,,,
MT-ATP6,0,-1.54129106,0.887,0.913,0,,,
MT-CO2,0,-1.469454912,0.858,0.88,0,,,
MT-CYB,0,-1.35979929,0.904,0.918,0,,,
MT-CO3,0,-1.463179918,0.945,0.956,0,,,
MT-ND3,0,-1.080482343,0.928,0.933,0,,,
ZFPM2,0,-1.991569902,0.767,0.766,0,,,
MALAT1,0,1.246636738,1,1,0,,,
GRIP1,4.55E-308,-3.329649704,0.049,0.214,1.27E-303,,,
TFCP2,5.74E-308,0.39396282,0.468,0.233,1.61E-303,,,
LRFN5,7.66E-308,-3.810320231,0.033,0.193,2.15E-303,,,
TRIM66,1.84E-307,0.791244324,0.206,0.073,5.15E-303,,,
KIF13A,2.20E-307,0.494297833,0.672,0.404,6.15E-303,,,
FRMD6,9.82E-307,-3.38955741,0.041,0.204,2.75E-302,,,
FAM186A,1.34E-306,1.114974536,0.139,0.038,3.74E-302,,,
GAPVD1,1.77E-306,0.478462154,0.414,0.2,4.95E-302,,,
AMY2B,1.78E-306,0.864443145,0.207,0.074,4.97E-302,,,
AC023590.1,2.75E-306,-3.972409401,0.024,0.18,7.71E-302,,,
FAM173B,3.92E-305,0.910995326,0.159,0.048,1.10E-300,,,
CPEB2,1.35E-304,0.718962732,0.263,0.107,3.79E-300,,,
AC037487.4,1.55E-304,1.805966221,0.08,0.014,4.35E-300,,,
LIX1-AS1,6.01E-304,0.471261585,0.276,0.113,1.68E-299,,,
AC010136.1,3.20E-303,3.022198413,0.048,0.004,8.97E-299,,,
UNC79,7.45E-303,1.687924119,0.094,0.019,2.09E-298,,,
C5,1.87E-302,1.108596248,0.153,0.046,5.24E-298,,,
PDE10A,1.91E-302,-3.849071422,0.028,0.183,5.36E-298,,,
LINC01612,2.40E-302,5.640388998,0.03,0,6.71E-298,,,
RAPH1,2.71E-302,-1.784505102,0.277,0.426,7.59E-298,,,
LINC01883,5.23E-302,4.911660446,0.032,0.001,1.47E-297,,,
PODXL,1.38E-301,-2.754176293,0.075,0.244,3.88E-297,,,
IGFBP5,1.65E-301,-2.132350532,0.201,0.368,4.61E-297,,,
DHTKD1,2.31E-301,0.840394496,0.178,0.059,6.47E-297,,,
BBOF1,2.36E-301,0.758821429,0.206,0.073,6.60E-297,,,
GNG2,2.64E-301,0.164145369,0.303,0.126,7.41E-297,,,
FAM153B,3.00E-301,-4.452836673,0.012,0.16,8.40E-297,,,
GSN,4.46E-301,0.35197608,0.77,0.494,1.25E-296,,,
PLEKHH2,6.37E-301,-1.850905339,0.244,0.398,1.79E-296,,,
AC107029.2,3.10E-300,1.358300925,0.099,0.021,8.68E-296,,,
CCNC,7.57E-300,0.408868607,0.454,0.226,2.12E-295,,,
DNA2,1.45E-299,1.601623536,0.089,0.017,4.07E-295,,,
TRAF5,1.63E-299,-3.086581399,0.049,0.212,4.57E-295,,,
PAPD7,3.21E-299,0.5897341,0.255,0.102,9.00E-295,,,
TBL1XR1,8.46E-299,0.420252164,0.67,0.391,2.37E-294,,,
LINC00667,9.66E-299,0.864399287,0.178,0.059,2.71E-294,,,
UNG,9.66E-299,1.165206644,0.122,0.031,2.71E-294,,,
SLC25A26,1.55E-298,0.499715025,0.357,0.165,4.36E-294,,,
SEMA3C,1.67E-298,-1.787081765,0.543,0.57,4.67E-294,,,
CPNE8,1.82E-298,-3.146962821,0.055,0.219,5.09E-294,,,
MIR3936HG,3.14E-298,0.359076001,0.438,0.211,8.80E-294,,,
AKIRIN2,4.89E-298,0.79740211,0.192,0.067,1.37E-293,,,
BACH2,6.14E-298,-3.423780455,0.041,0.201,1.72E-293,,,
AC107214.1,1.54E-297,1.3653071,0.104,0.023,4.31E-293,,,
CMYA5,1.72E-297,-2.75323031,0.079,0.247,4.81E-293,,,
DDX24,2.72E-297,0.411515898,0.451,0.226,7.62E-293,,,
GPR75-ASB3,2.87E-297,0.408192659,0.365,0.168,8.06E-293,,,
PTH1R,1.77E-296,0.88180463,0.127,0.033,4.95E-292,,,
PDE1B,1.79E-296,1.65817157,0.081,0.014,5.01E-292,,,
COBL,2.93E-296,-3.681877876,0.03,0.185,8.20E-292,,,
ZBTB25,3.40E-296,0.602077761,0.235,0.091,9.53E-292,,,
MICU3,3.56E-296,0.366791733,0.373,0.171,9.99E-292,,,
LINC00332,4.35E-296,5.772617829,0.031,0,1.22E-291,,,
ALDH6A1,5.72E-296,1.026395423,0.138,0.039,1.60E-291,,,
AC003101.2,1.05E-295,3.303718266,0.04,0.002,2.94E-291,,,
AL136531.2,2.65E-295,0.561148369,0.351,0.163,7.43E-291,,,
BNC2,2.67E-295,-1.119578905,0.803,0.713,7.49E-291,,,
TRERF1,2.90E-295,-3.566122605,0.035,0.191,8.12E-291,,,
RBPMS,3.47E-295,0.396235468,0.818,0.536,9.73E-291,,,
MLYCD,3.53E-295,0.807854229,0.188,0.065,9.91E-291,,,
SIL1,5.83E-295,0.377025978,0.524,0.275,1.63E-290,,,
COL4A3BP,6.84E-295,0.4015698,0.525,0.278,1.92E-290,,,
EPSTI1,6.99E-295,-3.746078541,0.027,0.18,1.96E-290,,,
AC092916.1,8.23E-295,3.810413532,0.034,0.001,2.31E-290,,,
PHF7,1.84E-294,1.142216347,0.127,0.034,5.16E-290,,,
AC092115.3,4.60E-294,1.409790197,0.094,0.019,1.29E-289,,,
RARRES1,5.42E-294,-2.030668638,0.341,0.459,1.52E-289,,,
DISC1,7.76E-294,-3.445354027,0.041,0.199,2.17E-289,,,
RRAS2,2.62E-293,0.467270405,0.389,0.186,7.34E-289,,,
SPAG17,2.65E-293,1.444569674,0.116,0.029,7.43E-289,,,
AL589935.1,5.28E-293,1.053205494,0.134,0.037,1.48E-288,,,
LINC02378,1.06E-292,4.200847532,0.035,0.001,2.97E-288,,,
DCT,1.15E-292,2.814865481,0.046,0.003,3.24E-288,,,
DNAJC27-AS1,3.57E-292,0.973573337,0.156,0.048,1.00E-287,,,
GATA6,5.32E-292,-2.849130843,0.07,0.234,1.49E-287,,,
FOXP4,5.70E-292,1.825532778,0.08,0.014,1.60E-287,,,
NPSR1,5.83E-292,3.53549584,0.042,0.003,1.63E-287,,,
CCND3,9.93E-292,-2.608313751,0.106,0.274,2.78E-287,,,
KIF9-AS1,1.12E-291,0.666186607,0.219,0.082,3.14E-287,,,
FAM199X,1.65E-291,1.105662132,0.2,0.074,4.63E-287,,,
CRADD,1.89E-291,0.347141552,0.5,0.258,5.31E-287,,,
C1orf112,4.51E-291,0.754163451,0.196,0.07,1.26E-286,,,
PLD5,3.46E-290,0.428334662,0.147,0.043,9.71E-286,,,
PREX2,8.94E-290,-0.119835231,0.352,0.151,2.51E-285,,,
LPAR1,9.74E-290,-3.33721219,0.046,0.204,2.73E-285,,,
WT1-AS,9.84E-290,-4.017669809,0.016,0.162,2.76E-285,,,
LINC00174,1.13E-289,0.461705909,0.316,0.14,3.16E-285,,,
ATG14,1.94E-289,0.448150445,0.352,0.163,5.43E-285,,,
AC009779.3,2.54E-289,2.960054097,0.043,0.003,7.13E-285,,,
ACO2,3.53E-289,0.639296562,0.261,0.108,9.89E-285,,,
SLC30A6,5.61E-289,0.494918849,0.308,0.135,1.57E-284,,,
AP002336.2,1.10E-288,0.440686085,0.457,0.234,3.08E-284,,,
RYR2,1.24E-288,-3.599714835,0.042,0.198,3.47E-284,,,
TRANK1,1.82E-288,-2.593482078,0.082,0.248,5.09E-284,,,
ADAMTS5,4.06E-288,0.497228832,0.191,0.066,1.14E-283,,,
PTPRD,5.00E-288,-3.108771788,0.069,0.23,1.40E-283,,,
PLEKHH3,1.44E-287,1.04065931,0.141,0.041,4.04E-283,,,
ZC3H6,2.45E-287,0.41076551,0.396,0.192,6.88E-283,,,
AL020995.1,1.89E-286,0.669595744,0.207,0.075,5.29E-282,,,
PIGZ,3.08E-286,0.803961781,0.172,0.057,8.65E-282,,,
STRADB,4.50E-286,0.367511797,0.366,0.171,1.26E-281,,,
GCC2-AS1,7.20E-286,0.596498463,0.216,0.081,2.02E-281,,,
FOXP4-AS1,1.44E-285,3.206182931,0.04,0.002,4.03E-281,,,
AC110491.2,1.86E-285,0.892706747,0.166,0.054,5.21E-281,,,
NPNT,1.89E-285,-3.675827379,0.033,0.184,5.30E-281,,,
PCDH9-AS3,2.64E-285,3.507826383,0.034,0.001,7.40E-281,,,
CLDN11,2.67E-285,-3.5660797,0.042,0.196,7.47E-281,,,
TARSL2,3.59E-285,0.431176055,0.284,0.12,1.01E-280,,,
PIP5K1B,4.25E-285,-3.044321334,0.062,0.222,1.19E-280,,,
TATDN1,5.91E-285,0.46521315,0.307,0.136,1.66E-280,,,
AL391427.1,6.14E-285,5.064280222,0.031,0.001,1.72E-280,,,
C8orf46,1.19E-284,1.766677022,0.09,0.019,3.34E-280,,,
LENG8,2.02E-284,0.412277566,0.342,0.156,5.65E-280,,,
FHOD3,2.81E-284,0.978757534,0.115,0.029,7.88E-280,,,
AVPI1,3.84E-284,1.498639246,0.093,0.02,1.08E-279,,,
TFPI2,4.09E-284,-2.418162204,0.121,0.286,1.15E-279,,,
HEXIM1,5.60E-284,0.822363691,0.183,0.064,1.57E-279,,,
KLHL8,9.96E-284,0.604494266,0.244,0.098,2.79E-279,,,
STPG2-AS1,1.04E-283,2.086023512,0.068,0.01,2.91E-279,,,
LYPLAL1,1.14E-283,0.410217378,0.526,0.283,3.19E-279,,,
FBXL20,2.36E-283,0.396322365,0.555,0.304,6.60E-279,,,
MTIF3,7.93E-283,0.424659957,0.302,0.132,2.22E-278,,,
SMIM18,1.28E-282,1.688127782,0.077,0.013,3.57E-278,,,
DPP4,2.68E-282,-3.895114816,0.025,0.171,7.50E-278,,,
DFNB59,3.46E-282,0.681263588,0.19,0.067,9.69E-278,,,
PROS1,3.71E-282,-3.051495281,0.042,0.197,1.04E-277,,,
AP003108.2,4.17E-282,0.647776571,0.225,0.087,1.17E-277,,,
AL157395.1,4.24E-282,2.01573979,0.062,0.008,1.19E-277,,,
PGM3,6.20E-282,0.775302551,0.252,0.105,1.74E-277,,,
SLC25A42,1.65E-281,0.830715582,0.175,0.06,4.63E-277,,,
MUC16,4.99E-281,-3.654641367,0.025,0.172,1.40E-276,,,
AC092574.2,5.72E-281,0.581132714,0.242,0.096,1.60E-276,,,
ST8SIA4,1.11E-280,0.790438497,0.219,0.085,3.11E-276,,,
CEP57L1,1.14E-280,0.512331711,0.256,0.105,3.19E-276,,,
PCSK1,1.22E-280,2.121942834,0.061,0.008,3.41E-276,,,
RAB2A,1.91E-280,0.424597011,0.613,0.351,5.36E-276,,,
FKRP,4.95E-280,1.241045188,0.115,0.029,1.39E-275,,,
SLC38A11,5.62E-280,0.901967037,0.066,0.01,1.58E-275,,,
AC079950.1,6.01E-280,2.374197415,0.055,0.006,1.68E-275,,,
PPP1R3E,6.78E-280,0.921470266,0.147,0.045,1.90E-275,,,
AC006504.2,1.52E-279,1.591823059,0.08,0.015,4.26E-275,,,
CPE,1.90E-279,-1.981673153,0.197,0.355,5.32E-275,,,
SLC19A1,4.12E-279,1.456518983,0.096,0.021,1.15E-274,,,
SLC25A45,6.55E-279,0.721862229,0.152,0.047,1.84E-274,,,
KIF6,8.70E-279,1.32596678,0.091,0.019,2.44E-274,,,
AC116614.1,1.32E-278,2.761902059,0.041,0.003,3.70E-274,,,
DSCAML1,1.42E-278,-4.205557842,0.02,0.163,3.97E-274,,,
C1QTNF1-AS1,3.97E-278,2.480419218,0.047,0.004,1.11E-273,,,
DOCK2,6.34E-278,-3.763401347,0.044,0.195,1.78E-273,,,
SRSF4,6.95E-277,0.374414056,0.517,0.277,1.95E-272,,,
UBTD1,1.89E-276,0.910604975,0.178,0.062,5.30E-272,,,
LARP4,3.00E-276,0.619872046,0.359,0.175,8.42E-272,,,
ARG2,5.29E-276,1.140216002,0.12,0.032,1.48E-271,,,
CC2D2B,5.71E-276,0.750146369,0.222,0.087,1.60E-271,,,
ZMAT1,2.19E-275,0.526073043,0.28,0.121,6.14E-271,,,
FNDC3B,2.60E-275,0.419185528,0.85,0.609,7.29E-271,,,
PDK2,5.42E-275,0.758788989,0.177,0.061,1.52E-270,,,
THRAP3,8.24E-275,0.332475492,0.522,0.278,2.31E-270,,,
AL355338.1,2.19E-274,2.098028715,0.06,0.008,6.13E-270,,,
TATDN3,2.62E-274,0.636763331,0.21,0.08,7.33E-270,,,
ESR1,3.89E-274,0.427469188,0.468,0.246,1.09E-269,,,
ADAMTS3,4.25E-274,-3.894139117,0.029,0.174,1.19E-269,,,
PARP14,4.59E-274,-2.680743637,0.076,0.235,1.29E-269,,,
AC010976.1,5.19E-274,0.557057758,0.262,0.11,1.46E-269,,,
GAB2,6.25E-274,0.283104955,0.525,0.279,1.75E-269,,,
SPON1,1.91E-273,0.533157341,0.429,0.218,5.36E-269,,,
RASA1,7.43E-273,0.504858385,0.739,0.48,2.08E-268,,,
XAF1,7.37E-272,-3.589803521,0.03,0.175,2.06E-267,,,
FLI1,9.19E-272,-3.961945,0.037,0.183,2.57E-267,,,
VWA8,2.51E-271,0.348003071,0.557,0.305,7.03E-267,,,
PTPRG-AS1,2.77E-271,0.783230666,0.179,0.062,7.77E-267,,,
LMCD1-AS1,3.25E-271,0.485921359,0.407,0.208,9.12E-267,,,
AC107072.1,4.16E-271,1.499860821,0.077,0.014,1.17E-266,,,
GDAP1L1,5.21E-271,0.878774317,0.152,0.048,1.46E-266,,,
BRCA1,5.26E-271,0.431701812,0.28,0.121,1.48E-266,,,
SIX1,1.60E-270,3.621566758,0.033,0.001,4.49E-266,,,
LAMB1,1.83E-270,-1.598782088,0.549,0.567,5.13E-266,,,
C1R,3.03E-270,-2.077603331,0.15,0.312,8.49E-266,,,
MT-ND5,3.63E-270,-1.691117609,0.39,0.495,1.02E-265,,,
CFAP221,4.35E-270,2.16233136,0.058,0.008,1.22E-265,,,
TEX48,1.82E-269,3.377869475,0.038,0.002,5.10E-265,,,
TMC1,2.21E-269,1.793751114,0.073,0.013,6.19E-265,,,
MLIP,2.80E-269,2.033123385,0.061,0.009,7.85E-265,,,
PRKCD,7.39E-269,1.172079596,0.133,0.039,2.07E-264,,,
TP63,1.20E-268,1.674326355,0.08,0.015,3.36E-264,,,
ACOT11,2.62E-268,1.256323313,0.121,0.034,7.34E-264,,,
INSL6,3.21E-268,1.521935496,0.085,0.018,9.00E-264,,,
MALRD1,4.08E-268,0.738525729,0.172,0.059,1.14E-263,,,
AL109920.1,6.10E-268,5.46839114,0.027,0,1.71E-263,,,
IQCA1,1.45E-267,-4.095347487,0.014,0.149,4.05E-263,,,
CLDN15,2.28E-267,-2.852596848,0.061,0.214,6.40E-263,,,
PDE4B,4.28E-267,-3.303709009,0.054,0.204,1.20E-262,,,
LITAF,6.61E-267,0.497650342,0.204,0.077,1.85E-262,,,
CCT6B,7.05E-267,1.314478673,0.092,0.02,1.98E-262,,,
BCO2,1.36E-266,-3.193860605,0.048,0.197,3.80E-262,,,
SPRED1,5.27E-266,-2.60689996,0.12,0.278,1.48E-261,,,
TTC28,6.15E-266,-1.029109814,0.665,0.65,1.72E-261,,,
ANKRD53,7.47E-266,1.4732921,0.085,0.018,2.09E-261,,,
NXN,2.30E-265,-3.448200101,0.034,0.178,6.43E-261,,,
LINC01194,3.06E-265,3.663834226,0.036,0.002,8.57E-261,,,
AP001172.1,5.90E-265,0.83230134,0.137,0.041,1.65E-260,,,
NELL2,1.38E-264,-2.890625268,0.065,0.217,3.86E-260,,,
MBNL2,2.43E-264,0.407360822,0.664,0.403,6.82E-260,,,
RNF217-AS1,3.64E-264,1.072090248,0.131,0.039,1.02E-259,,,
SPATA22,8.17E-264,0.307537162,0.237,0.094,2.29E-259,,,
TMEM120A,9.35E-264,1.212049832,0.102,0.025,2.62E-259,,,
UBE2E2,1.70E-263,0.395560402,0.851,0.591,4.77E-259,,,
ALS2CR12,2.21E-263,1.480482168,0.089,0.02,6.18E-259,,,
AC092802.1,1.38E-262,0.90869546,0.13,0.038,3.87E-258,,,
SHC1,1.89E-262,0.759889918,0.158,0.052,5.30E-258,,,
ATP23,2.44E-262,1.770741249,0.065,0.01,6.83E-258,,,
AC107419.1,2.76E-262,2.519074641,0.043,0.004,7.72E-258,,,
CGN,1.09E-261,-3.864449463,0.017,0.153,3.07E-257,,,
ABLIM3,1.41E-261,-3.874802933,0.029,0.169,3.96E-257,,,
DPYSL3,3.27E-261,-3.83174008,0.026,0.165,9.16E-257,,,
USP3-AS1,1.61E-260,0.338961126,0.385,0.189,4.52E-256,,,
DMKN,1.69E-260,-3.981014934,0.014,0.147,4.73E-256,,,
FAM222B,2.31E-260,0.408634417,0.314,0.145,6.49E-256,,,
ROBO3,2.86E-260,-2.694292325,0.07,0.223,8.02E-256,,,
IGFBP7,3.13E-260,-2.070983118,0.279,0.41,8.78E-256,,,
MAP7D3,3.86E-260,0.438865656,0.245,0.101,1.08E-255,,,
AC011921.1,4.61E-260,1.259531825,0.102,0.025,1.29E-255,,,
MTERF2,4.77E-260,0.789083087,0.175,0.062,1.34E-255,,,
PGRMC2,6.21E-260,0.47533445,0.272,0.119,1.74E-255,,,
C9orf24,1.40E-259,1.66271133,0.082,0.017,3.91E-255,,,
LETMD1,1.44E-259,0.527958592,0.258,0.11,4.03E-255,,,
RASSF8,1.57E-259,-1.98538648,0.176,0.329,4.39E-255,,,
TLE3,2.71E-259,1.079732491,0.12,0.034,7.60E-255,,,
TENM1,2.81E-259,0.842451592,0.119,0.033,7.88E-255,,,
SYNM,2.86E-259,1.250293752,0.076,0.014,8.01E-255,,,
AC004594.1,9.51E-259,-3.868880866,0.027,0.165,2.67E-254,,,
UPF3A,1.49E-258,0.321869992,0.388,0.192,4.16E-254,,,
LSS,2.19E-258,0.598223972,0.217,0.086,6.14E-254,,,
CPEB4,2.97E-258,0.46816498,0.373,0.185,8.31E-254,,,
FALEC,3.32E-258,1.953672207,0.054,0.007,9.31E-254,,,
CCSER1,5.38E-258,-3.564772426,0.051,0.196,1.51E-253,,,
PPP1R16A,5.83E-258,1.096112832,0.126,0.037,1.63E-253,,,
BTF3L4,7.69E-258,0.50963162,0.276,0.122,2.16E-253,,,
GIPC1,1.57E-257,0.633412706,0.195,0.073,4.39E-253,,,
LINC00240,4.99E-257,0.774138279,0.153,0.05,1.40E-252,,,
ZNF69,9.49E-257,0.842393183,0.154,0.051,2.66E-252,,,
THBS1,1.23E-256,0.912798522,0.128,0.038,3.44E-252,,,
TBC1D20,1.26E-256,0.592717297,0.202,0.077,3.54E-252,,,
FERMT1,2.26E-256,-4.297647378,0.015,0.146,6.32E-252,,,
UTS2B,3.42E-256,2.370940371,0.046,0.005,9.58E-252,,,
PSMD8,4.08E-256,0.61516254,0.2,0.077,1.14E-251,,,
AL354719.2,5.65E-256,4.715436701,0.028,0.001,1.58E-251,,,
CDNF,5.85E-256,1.542860624,0.076,0.015,1.64E-251,,,
FAM178B,9.44E-256,1.739274397,0.061,0.009,2.65E-251,,,
FGGY,1.00E-255,0.457779847,0.315,0.146,2.81E-251,,,
RAMP2-AS1,1.47E-255,1.164704425,0.116,0.032,4.12E-251,,,
PDE8B,1.48E-255,0.656179654,0.409,0.216,4.14E-251,,,
GPX3,1.48E-255,0.639022519,0.177,0.063,4.15E-251,,,
AP001970.1,3.56E-255,1.780730816,0.06,0.009,9.97E-251,,,
PUS10,4.27E-255,0.720795142,0.191,0.072,1.20E-250,,,
CLK4,5.46E-255,0.349146505,0.338,0.16,1.53E-250,,,
DIP2C,5.63E-255,0.420056048,0.609,0.355,1.58E-250,,,
AC010542.3,1.89E-254,0.979320535,0.133,0.041,5.30E-250,,,
NKAIN3,2.99E-254,2.834699817,0.052,0.006,8.37E-250,,,
IDH3A,4.96E-253,0.74533337,0.163,0.057,1.39E-248,,,
SRCIN1,5.56E-253,2.976563246,0.036,0.002,1.56E-248,,,
AL139353.1,8.02E-253,0.755149928,0.164,0.057,2.25E-248,,,
AP000962.1,9.35E-253,0.853852753,0.119,0.033,2.62E-248,,,
SLC9B1,1.34E-252,0.894970218,0.134,0.041,3.75E-248,,,
C5orf15,3.72E-252,0.618655966,0.203,0.079,1.04E-247,,,
MIR4435-2HG,4.94E-252,-3.214215879,0.045,0.187,1.38E-247,,,
ZNF608,5.39E-252,0.423005254,0.307,0.142,1.51E-247,,,
UBOX5-AS1,5.40E-252,0.468179727,0.228,0.093,1.51E-247,,,
ZRANB3,1.06E-251,0.330729795,0.399,0.2,2.97E-247,,,
C19orf18,1.19E-251,1.601036295,0.076,0.015,3.33E-247,,,
LSM6,1.66E-251,0.845899821,0.162,0.056,4.64E-247,,,
MOCOS,2.37E-251,2.198965335,0.079,0.016,6.64E-247,,,
AP000755.2,5.23E-251,1.030009013,0.124,0.036,1.47E-246,,,
ZNF565,5.47E-251,0.290472186,0.447,0.231,1.53E-246,,,
STXBP6,6.25E-251,-3.847450108,0.021,0.153,1.75E-246,,,
XKR9,7.98E-251,1.652943713,0.063,0.01,2.24E-246,,,
WDR19,1.09E-250,0.44098727,0.317,0.149,3.05E-246,,,
LINC01128,1.26E-250,1.401925246,0.079,0.016,3.54E-246,,,
ST5,2.94E-250,-3.14027623,0.047,0.19,8.24E-246,,,
AC010168.1,4.83E-250,0.503428926,0.205,0.08,1.35E-245,,,
C4orf45,7.83E-250,0.925057565,0.125,0.037,2.20E-245,,,
AL138787.2,9.47E-250,0.592446994,0.192,0.073,2.65E-245,,,
EFCAB2,1.54E-249,0.415562938,0.339,0.164,4.32E-245,,,
STK33,2.08E-249,-3.512211471,0.025,0.159,5.84E-245,,,
RAPGEF4-AS1,3.90E-249,2.352349248,0.044,0.004,1.09E-244,,,
NCKAP5L,1.30E-248,0.822979963,0.195,0.076,3.64E-244,,,
ATP13A3,9.26E-248,0.358127365,0.432,0.226,2.59E-243,,,
MYOT,2.30E-247,1.812139522,0.059,0.009,6.44E-243,,,
ABHD15,3.72E-247,1.484562931,0.074,0.014,1.04E-242,,,
FILIP1L,4.02E-247,0.73667138,0.553,0.319,1.13E-242,,,
ALPK3,4.65E-247,1.890743012,0.061,0.009,1.30E-242,,,
TGDS,5.89E-247,0.783821598,0.146,0.048,1.65E-242,,,
KMT2E-AS1,6.11E-247,0.763367755,0.153,0.052,1.71E-242,,,
AC091551.1,7.68E-247,0.657399044,0.184,0.069,2.15E-242,,,
AL445426.1,1.77E-246,0.365523924,0.295,0.133,4.97E-242,,,
MN1,4.01E-246,0.890833704,0.152,0.051,1.12E-241,,,
MCMDC2,5.35E-246,1.32222739,0.08,0.017,1.50E-241,,,
AC025171.1,7.38E-246,0.360832949,0.26,0.113,2.07E-241,,,
MCUB,8.37E-246,-2.653009149,0.069,0.215,2.35E-241,,,
RMND1,8.58E-246,0.44985391,0.265,0.117,2.40E-241,,,
ZDHHC14,1.13E-245,-2.95145104,0.058,0.202,3.17E-241,,,
TSHR,1.33E-245,0.356594089,0.248,0.106,3.72E-241,,,
AMBRA1,1.80E-245,0.366621105,0.429,0.225,5.06E-241,,,
AK9,4.73E-245,0.558107022,0.201,0.079,1.33E-240,,,
CCNF,2.59E-244,1.661758908,0.068,0.012,7.27E-240,,,
HCAR2,2.75E-244,2.757343215,0.037,0.003,7.70E-240,,,
ARID5B,3.59E-244,0.737497983,0.566,0.346,1.01E-239,,,
L3HYPDH,3.90E-244,0.741553503,0.162,0.057,1.09E-239,,,
PSPH,5.54E-244,1.181339977,0.105,0.028,1.55E-239,,,
DIO3OS,8.57E-244,0.882534227,0.117,0.033,2.40E-239,,,
PTENP1-AS,9.98E-244,3.392369493,0.03,0.001,2.80E-239,,,
MBD2,1.04E-243,0.381800601,0.389,0.199,2.91E-239,,,
NR1H3,1.13E-243,0.671933038,0.177,0.065,3.17E-239,,,
CD164,1.17E-243,0.322056982,0.372,0.187,3.27E-239,,,
DTNA,1.26E-243,-1.707972066,0.213,0.361,3.52E-239,,,
TNXB,2.02E-243,-3.154663014,0.039,0.177,5.66E-239,,,
ZRANB2-AS1,2.69E-243,0.36022923,0.408,0.208,7.53E-239,,,
AC108002.1,4.09E-243,2.379119974,0.042,0.004,1.14E-238,,,
RILP,4.38E-243,1.659775023,0.065,0.011,1.23E-238,,,
CCDC7,6.56E-243,0.404885782,0.396,0.203,1.84E-238,,,
AP001453.1,8.23E-243,0.972720527,0.116,0.033,2.31E-238,,,
SYNE1,8.89E-243,-1.984733168,0.304,0.418,2.49E-238,,,
SYCP3,7.75E-242,0.597375739,0.155,0.053,2.17E-237,,,
REST,1.08E-241,0.523252624,0.245,0.106,3.03E-237,,,
DPYSL2,1.49E-241,-2.242418109,0.108,0.259,4.17E-237,,,
AFDN,4.13E-241,-1.84545734,0.237,0.37,1.16E-236,,,
BTBD11,6.04E-241,1.697267992,0.074,0.015,1.69E-236,,,
TMEM98,7.36E-241,-2.915452817,0.041,0.178,2.06E-236,,,
AC074212.1,9.40E-241,1.271612672,0.094,0.023,2.63E-236,,,
AL022322.2,9.52E-241,1.849755527,0.056,0.008,2.67E-236,,,
AL121761.1,1.49E-240,0.394521035,0.295,0.135,4.18E-236,,,
AC087855.1,1.81E-240,4.561548403,0.027,0.001,5.08E-236,,,
ANKRD26,2.88E-240,0.297919661,0.431,0.224,8.08E-236,,,
C21orf58,3.96E-240,0.773601917,0.132,0.042,1.11E-235,,,
TPD52L1,7.25E-240,-2.755251969,0.076,0.22,2.03E-235,,,
FBXO42,1.37E-239,0.307463344,0.437,0.23,3.83E-235,,,
NDUFS1,5.69E-239,0.298126896,0.354,0.174,1.60E-234,,,
TMCO4,5.88E-239,0.531505191,0.222,0.092,1.65E-234,,,
MMP19,1.00E-238,0.622785941,0.18,0.068,2.81E-234,,,
MEDAG,1.36E-238,-3.150900228,0.037,0.171,3.81E-234,,,
LINC01138,1.41E-238,0.537529739,0.182,0.068,3.94E-234,,,
SLC13A4,1.70E-238,0.553131422,0.212,0.086,4.77E-234,,,
CST3,1.95E-238,-1.280139846,0.507,0.563,5.45E-234,,,
NNT-AS1,2.06E-238,0.643013739,0.16,0.056,5.76E-234,,,
TJP2,2.15E-238,0.391942447,0.331,0.161,6.02E-234,,,
CYP3A4,2.50E-238,2.439491982,0.044,0.005,6.99E-234,,,
DRG1,2.69E-238,0.36958967,0.308,0.145,7.54E-234,,,
GOLPH3,4.49E-238,0.352193542,0.319,0.152,1.26E-233,,,
COL4A2-AS1,7.74E-238,2.837945076,0.034,0.002,2.17E-233,,,
C1S,8.55E-238,-1.685675957,0.279,0.402,2.39E-233,,,
CGGBP1,1.28E-237,0.258474426,0.567,0.319,3.58E-233,,,
CCNH,1.43E-237,0.487625406,0.232,0.099,4.02E-233,,,
BMPR1B,5.06E-237,-3.885680324,0.023,0.15,1.42E-232,,,
CYHR1,7.22E-237,0.643659199,0.191,0.074,2.02E-232,,,
EHBP1,1.29E-236,0.415363714,0.845,0.616,3.61E-232,,,
KLHDC1,1.31E-236,0.326781726,0.382,0.193,3.66E-232,,,
FBXO4,1.58E-236,0.966397568,0.126,0.039,4.43E-232,,,
PCCA-AS1,2.03E-236,1.020622731,0.106,0.029,5.70E-232,,,
LRRC69,6.04E-236,0.861757759,0.154,0.054,1.69E-231,,,
CEP63,6.81E-236,0.329543715,0.284,0.13,1.91E-231,,,
GPC6-AS2,1.32E-235,3.634664144,0.03,0.001,3.71E-231,,,
C5orf34,1.43E-235,1.216511312,0.095,0.024,3.99E-231,,,
RNFT1,1.54E-235,0.797701652,0.142,0.047,4.32E-231,,,
GLYCTK,2.03E-235,1.489516909,0.078,0.017,5.68E-231,,,
APPBP2,2.27E-235,0.361482163,0.488,0.271,6.36E-231,,,
SYTL3,2.32E-235,0.274732704,0.167,0.061,6.49E-231,,,
AC007038.1,2.52E-235,0.420322631,0.308,0.147,7.06E-231,,,
BET1,3.23E-235,0.414736853,0.272,0.123,9.05E-231,,,
URGCP,3.79E-235,0.523315676,0.213,0.087,1.06E-230,,,
CRYAB,6.17E-235,0.705485269,0.18,0.069,1.73E-230,,,
MPHOSPH9,6.26E-235,0.36422978,0.284,0.131,1.75E-230,,,
DPP6,7.01E-235,-3.368350857,0.048,0.184,1.97E-230,,,
PRDM16,8.81E-235,0.924854645,0.075,0.015,2.47E-230,,,
ICA1,1.76E-234,0.563067589,0.201,0.081,4.93E-230,,,
AL021026.1,2.09E-234,0.663258879,0.106,0.029,5.86E-230,,,
NUDT6,2.17E-234,0.751459898,0.165,0.06,6.08E-230,,,
AC008147.2,3.45E-234,1.433407636,0.082,0.018,9.66E-230,,,
DLEU1,6.16E-234,-1.914319258,0.199,0.342,1.73E-229,,,
AC004982.2,6.20E-234,1.792758709,0.057,0.009,1.74E-229,,,
PPA1,6.95E-234,0.909592478,0.212,0.089,1.95E-229,,,
SUCO,9.78E-234,-2.008013852,0.178,0.32,2.74E-229,,,
WDR12,1.74E-233,0.361179349,0.323,0.155,4.86E-229,,,
PLA2G4A,3.02E-233,0.465451407,0.267,0.121,8.46E-229,,,
MTA3,4.11E-233,0.319258412,0.414,0.215,1.15E-228,,,
PTPRQ,4.83E-233,-2.072028085,0.289,0.397,1.35E-228,,,
ZMYM5,7.47E-233,0.4177564,0.268,0.121,2.09E-228,,,
AC004889.1,6.53E-232,0.880781487,0.13,0.041,1.83E-227,,,
VEGFB,6.95E-232,0.801703743,0.145,0.049,1.95E-227,,,
TRIM55,7.88E-232,4.38643117,0.027,0.001,2.21E-227,,,
DMRT2,8.36E-232,4.846234262,0.025,0,2.34E-227,,,
STAG1,1.29E-231,-0.853791706,0.676,0.659,3.62E-227,,,
EXT1,1.81E-231,-1.235782182,0.512,0.56,5.08E-227,,,
LINC00671,3.09E-231,1.852233508,0.052,0.007,8.65E-227,,,
AC124242.1,4.25E-231,2.120038325,0.048,0.006,1.19E-226,,,
TNFAIP2,8.05E-231,-2.769979755,0.099,0.24,2.26E-226,,,
LINC01169,1.19E-230,2.251944,0.043,0.005,3.33E-226,,,
SH3PXD2B,1.39E-230,-3.156565082,0.056,0.191,3.90E-226,,,
AC024601.1,1.80E-230,3.945713133,0.027,0.001,5.04E-226,,,
SDHAF4,3.24E-230,0.808355227,0.132,0.043,9.07E-226,,,
NNT,3.35E-230,0.318872306,0.4,0.208,9.39E-226,,,
LINC02058,4.24E-230,-4.249731057,0.01,0.127,1.19E-225,,,
NUDT5,4.42E-230,0.426252556,0.279,0.129,1.24E-225,,,
AC092954.1,4.50E-230,5.238386026,0.024,0,1.26E-225,,,
AC093583.1,5.06E-230,1.72963978,0.056,0.009,1.42E-225,,,
SCYL3,5.82E-230,0.567184205,0.195,0.078,1.63E-225,,,
USP49,6.20E-230,0.64982287,0.158,0.057,1.74E-225,,,
PBLD,6.95E-230,1.247814879,0.092,0.023,1.95E-225,,,
AC008443.1,7.19E-230,0.44283751,0.215,0.089,2.01E-225,,,
DCLK1,8.23E-230,-3.632111151,0.05,0.183,2.31E-225,,,
AL358334.2,9.32E-230,4.270770979,0.026,0.001,2.61E-225,,,
LINC01725,1.27E-229,0.713448113,0.204,0.084,3.56E-225,,,
FOXP1,1.76E-229,-0.786449765,0.739,0.706,4.92E-225,,,
HDAC7,1.96E-229,-2.672635921,0.058,0.195,5.48E-225,,,
AC096719.1,2.29E-229,2.103496227,0.052,0.007,6.43E-225,,,
DICER1-AS1,2.42E-229,0.973293051,0.119,0.036,6.78E-225,,,
MRPS25,4.81E-229,0.384666399,0.281,0.13,1.35E-224,,,
INTS3,6.54E-229,0.407440198,0.24,0.104,1.83E-224,,,
AL354754.1,1.08E-228,2.065566808,0.05,0.007,3.03E-224,,,
AL683813.1,1.30E-228,0.619767983,0.189,0.074,3.65E-224,,,
DOCK9,2.52E-228,-2.167749207,0.152,0.295,7.07E-224,,,
F3,4.78E-228,0.265064131,0.247,0.108,1.34E-223,,,
LINC01485,5.09E-228,2.976988309,0.032,0.002,1.43E-223,,,
TDRD10,5.09E-228,-3.88437307,0.017,0.137,1.43E-223,,,
AP002986.1,3.09E-227,1.861572925,0.061,0.01,8.67E-223,,,
TMEM179,4.35E-227,3.993106993,0.028,0.001,1.22E-222,,,
MAP2,5.40E-227,-4.05376859,0.02,0.141,1.51E-222,,,
AC025423.4,5.70E-227,2.31595977,0.043,0.005,1.60E-222,,,
ADH4,1.35E-226,0.849765182,0.131,0.042,3.79E-222,,,
AP000873.2,1.66E-226,0.508804371,0.202,0.082,4.65E-222,,,
ZNF821,2.04E-226,0.541753437,0.186,0.073,5.72E-222,,,
AC006145.1,3.17E-226,1.396665688,0.084,0.02,8.89E-222,,,
OSMR,5.39E-226,-2.382313394,0.103,0.245,1.51E-221,,,
CHCHD3,8.48E-226,0.317105381,0.446,0.242,2.38E-221,,,
AP000317.2,9.91E-226,1.436295149,0.068,0.013,2.78E-221,,,
AC017083.2,1.06E-225,1.274327896,0.079,0.018,2.98E-221,,,
AC009501.1,1.45E-225,0.765351725,0.137,0.045,4.06E-221,,,
PHF3,1.81E-225,0.345299466,0.581,0.342,5.06E-221,,,
VEPH1,6.25E-225,1.050673382,0.106,0.03,1.75E-220,,,
ABLIM1,9.98E-225,-1.82898978,0.28,0.392,2.80E-220,,,
AL356805.1,1.08E-224,0.558075919,0.157,0.056,3.02E-220,,,
DAB2IP,1.60E-224,0.629780996,0.145,0.05,4.50E-220,,,
PEPD,1.66E-224,0.513866848,0.204,0.084,4.66E-220,,,
ARIH2,1.74E-224,0.275430602,0.359,0.18,4.89E-220,,,
TMEM254-AS1,2.37E-224,1.296501469,0.08,0.018,6.64E-220,,,
ZNF717,4.96E-224,0.485723702,0.203,0.083,1.39E-219,,,
COX20,7.07E-224,0.34661016,0.285,0.133,1.98E-219,,,
LINC02004,8.90E-224,2.197518744,0.043,0.005,2.50E-219,,,
DHRS7B,2.47E-223,0.325419599,0.264,0.12,6.94E-219,,,
PTK2,2.78E-223,-1.17363344,0.514,0.546,7.78E-219,,,
MAVS,3.55E-223,0.397057764,0.256,0.116,9.94E-219,,,
LRRK1,3.58E-223,-2.663498113,0.055,0.19,1.00E-218,,,
NMT1,7.05E-223,0.262246617,0.414,0.218,1.98E-218,,,
GSTK1,1.04E-222,0.283552073,0.265,0.121,2.91E-218,,,
AL137145.1,2.38E-222,2.938840895,0.034,0.002,6.66E-218,,,
HPCAL1,3.52E-222,-2.835228328,0.054,0.187,9.87E-218,,,
HMGB1,7.80E-222,0.267761007,0.554,0.317,2.19E-217,,,
USF3,7.99E-222,0.447547687,0.213,0.09,2.24E-217,,,
AMN,8.41E-222,2.11339745,0.054,0.008,2.36E-217,,,
AL359878.1,1.17E-221,1.362018949,0.076,0.017,3.28E-217,,,
LINC01942,1.52E-221,5.951765442,0.022,0,4.25E-217,,,
TRPM3,1.59E-221,-2.050570104,0.212,0.346,4.45E-217,,,
EIF1B-AS1,1.68E-221,0.417013665,0.238,0.104,4.71E-217,,,
NUDT7,1.83E-221,1.176932092,0.09,0.023,5.13E-217,,,
COQ5,1.91E-221,0.849455077,0.116,0.036,5.36E-217,,,
ADAM32,2.22E-221,0.965675894,0.091,0.023,6.23E-217,,,
TPBG,2.22E-221,-3.129961946,0.029,0.154,6.23E-217,,,
SLC26A7,2.34E-221,1.309472499,0.059,0.01,6.55E-217,,,
LHFPL6,5.33E-221,0.224106193,0.625,0.379,1.49E-216,,,
LIAS,6.86E-221,0.675967556,0.165,0.062,1.92E-216,,,
HMGN2,2.22E-220,0.567062182,0.203,0.084,6.21E-216,,,
B4GALT6,2.80E-220,1.234010313,0.132,0.044,7.84E-216,,,
AL591767.1,3.09E-220,0.738181688,0.132,0.044,8.66E-216,,,
ROBO1,3.37E-220,0.222818001,0.435,0.232,9.45E-216,,,
GAS6,3.61E-220,-2.335291459,0.076,0.215,1.01E-215,,,
CHPT1,6.16E-220,0.248069038,0.373,0.19,1.73E-215,,,
PIEZO2,9.59E-220,-3.79369715,0.025,0.146,2.69E-215,,,
KIAA1671,1.10E-219,-3.283097004,0.037,0.164,3.09E-215,,,
SMARCD3,1.50E-219,0.625842448,0.145,0.05,4.19E-215,,,
LAMB4,1.63E-219,-4.81861369,0.013,0.126,4.56E-215,,,
TMLHE-AS1,5.91E-219,0.227593679,0.463,0.253,1.66E-214,,,
PTPRZ1,6.26E-219,-3.764442738,0.026,0.147,1.75E-214,,,
MTMR10,7.12E-219,0.379021088,0.286,0.136,2.00E-214,,,
ERCC8,1.14E-218,0.469078709,0.232,0.102,3.19E-214,,,
PCDH9-AS1,2.35E-218,2.348415237,0.037,0.003,6.59E-214,,,
PPP6C,3.00E-218,0.443253313,0.243,0.109,8.41E-214,,,
TLCD2,5.69E-218,1.488096073,0.07,0.015,1.59E-213,,,
LRP1,6.43E-218,0.319756906,0.608,0.369,1.80E-213,,,
LAMA3,7.18E-218,-3.576853843,0.027,0.147,2.01E-213,,,
ZNF253,2.12E-217,0.480194161,0.184,0.073,5.95E-213,,,
PLAG1,2.40E-217,0.953378181,0.086,0.021,6.73E-213,,,
TMPRSS9,3.08E-217,1.084402852,0.099,0.027,8.64E-213,,,
ATXN7L1,3.12E-217,0.232927866,0.45,0.243,8.74E-213,,,
PIK3CB,3.71E-217,0.340919467,0.377,0.198,1.04E-212,,,
SEC23A,5.10E-217,0.305326927,0.349,0.177,1.43E-212,,,
AC098851.1,6.37E-217,1.033507927,0.085,0.021,1.78E-212,,,
C20orf194,6.91E-217,-1.909783752,0.248,0.369,1.94E-212,,,
AC078882.1,8.61E-217,6.66474909,0.021,0,2.41E-212,,,
LDAH,1.11E-216,0.32880418,0.332,0.166,3.10E-212,,,
MXRA8,1.28E-216,0.441681221,0.184,0.073,3.58E-212,,,
HIBCH,1.51E-216,0.274414985,0.637,0.382,4.22E-212,,,
PKD2,1.52E-216,-1.53060554,0.388,0.465,4.27E-212,,,
FAM221B,1.54E-216,2.39701179,0.042,0.005,4.31E-212,,,
BICDL1,1.95E-216,-4.153972918,0.015,0.129,5.47E-212,,,
UBQLN1,2.13E-216,0.262080307,0.332,0.165,5.98E-212,,,
SLC38A1,7.52E-216,-3.408450372,0.024,0.143,2.11E-211,,,
UBR5,9.95E-216,0.282939633,0.661,0.403,2.79E-211,,,
PPP2R3A,1.17E-215,0.28767291,0.403,0.215,3.27E-211,,,
KCNMB3,1.38E-215,0.88389852,0.125,0.041,3.88E-211,,,
MBTD1,2.13E-215,0.275099863,0.44,0.238,5.96E-211,,,
AL354809.1,3.82E-215,0.885047246,0.108,0.032,1.07E-210,,,
AC137767.1,5.31E-215,1.244144364,0.077,0.018,1.49E-210,,,
AC018832.1,7.11E-215,1.903631564,0.047,0.006,1.99E-210,,,
COL10A1,7.40E-215,0.433129465,0.206,0.086,2.07E-210,,,
CAPN2,7.43E-215,-1.923634065,0.167,0.303,2.08E-210,,,
DAAM1,7.89E-215,0.264261931,0.573,0.339,2.21E-210,,,
ATP11B,7.91E-214,0.271003618,0.455,0.249,2.22E-209,,,
LINC02352,8.59E-214,1.916896038,0.042,0.005,2.41E-209,,,
ANKRD28,9.12E-214,0.313007361,0.422,0.228,2.56E-209,,,
ZNF682,9.96E-214,0.740766288,0.12,0.038,2.79E-209,,,
PCDH18,1.76E-213,0.588072198,0.134,0.045,4.93E-209,,,
AC073130.1,1.97E-213,2.712945316,0.034,0.003,5.51E-209,,,
AC003101.1,2.15E-213,2.273929539,0.038,0.004,6.02E-209,,,
AC008537.1,3.08E-213,0.792776165,0.135,0.046,8.62E-209,,,
SIPA1L2,6.99E-213,-3.045959085,0.033,0.156,1.96E-208,,,
AP002075.1,8.68E-213,0.911585141,0.128,0.043,2.43E-208,,,
SEC13,9.20E-213,0.22349829,0.332,0.165,2.58E-208,,,
ERG,9.59E-213,-4.013111428,0.024,0.14,2.69E-208,,,
LACTB2,1.17E-212,0.687822848,0.149,0.054,3.29E-208,,,
OGN,3.50E-212,-1.894053442,0.177,0.312,9.82E-208,,,
NPR3,4.85E-212,0.897392716,0.086,0.021,1.36E-207,,,
SLC20A2,5.12E-212,0.297969447,0.358,0.184,1.44E-207,,,
EMILIN2,6.05E-212,-2.919484622,0.037,0.161,1.70E-207,,,
C12orf56,7.88E-212,2.056860517,0.048,0.007,2.21E-207,,,
PCCB,1.07E-211,0.717354552,0.131,0.044,2.99E-207,,,
DENND2A,1.19E-211,-3.274196727,0.039,0.163,3.34E-207,,,
SCRN3,1.43E-211,0.50161951,0.184,0.074,4.00E-207,,,
KIAA1211L,2.87E-211,-4.2835678,0.012,0.122,8.03E-207,,,
CRYBG3,2.88E-211,0.304627498,0.524,0.304,8.06E-207,,,
AC107032.2,3.12E-211,1.632303513,0.058,0.01,8.75E-207,,,
NBPF12,3.23E-211,0.758074506,0.144,0.052,9.05E-207,,,
DNAH12,3.26E-211,1.422843309,0.071,0.015,9.15E-207,,,
HDDC3,5.17E-211,1.12660335,0.087,0.022,1.45E-206,,,
AC008883.1,5.88E-211,0.819320587,0.109,0.033,1.65E-206,,,
FAT4,5.96E-211,-2.944262207,0.046,0.172,1.67E-206,,,
KLF7,6.06E-211,-2.179657935,0.117,0.255,1.70E-206,,,
VSTM4,7.30E-211,0.613578074,0.138,0.048,2.04E-206,,,
CTXND1,7.50E-211,3.257607326,0.032,0.002,2.10E-206,,,
AC020558.1,8.41E-211,1.829768706,0.051,0.008,2.36E-206,,,
PIKFYVE,1.04E-210,0.281180985,0.38,0.199,2.91E-206,,,
METAP1D,2.20E-210,0.40563399,0.242,0.109,6.15E-206,,,
RPS6KA2,2.74E-210,-2.619934993,0.079,0.211,7.67E-206,,,
CASK,3.27E-210,0.221445224,0.507,0.287,9.16E-206,,,
PMM1,3.92E-210,1.04718965,0.093,0.025,1.10E-205,,,
DBT,4.29E-210,0.621774336,0.175,0.069,1.20E-205,,,
FAM19A1,5.54E-210,0.90172779,0.096,0.027,1.55E-205,,,
HNRNPC,5.96E-210,0.307037814,0.65,0.4,1.67E-205,,,
NBPF11,6.12E-210,0.719229152,0.144,0.051,1.71E-205,,,
CABYR,1.22E-209,1.093183282,0.098,0.028,3.43E-205,,,
GCFC2,1.32E-209,0.234780689,0.419,0.224,3.70E-205,,,
OLMALINC,2.07E-209,1.16117445,0.08,0.02,5.79E-205,,,
CPNE4,3.34E-209,1.536900905,0.083,0.021,9.36E-205,,,
EEA1,7.03E-209,0.305289161,0.52,0.302,1.97E-204,,,
AL353801.1,7.52E-209,1.278261187,0.068,0.014,2.11E-204,,,
FAM189A1,1.08E-208,-3.761426293,0.02,0.134,3.02E-204,,,
SLC51A,1.94E-208,0.849455954,0.106,0.032,5.45E-204,,,
SAMD8,1.97E-208,0.462829877,0.27,0.129,5.51E-204,,,
FAS,2.12E-208,-3.150655277,0.03,0.149,5.93E-204,,,
SSBP2,2.22E-208,-0.998604934,0.553,0.59,6.22E-204,,,
GCDH,3.89E-208,0.960878154,0.102,0.03,1.09E-203,,,
INPP5B,4.76E-208,0.325089187,0.31,0.154,1.33E-203,,,
RRAGD,1.38E-206,1.605741315,0.059,0.011,3.87E-202,,,
NOTCH2,2.14E-206,0.200279515,0.417,0.223,6.01E-202,,,
PLEKHG1,2.15E-206,-3.391341987,0.041,0.163,6.02E-202,,,
NPM3,3.60E-206,2.554067083,0.037,0.004,1.01E-201,,,
POLM,4.40E-206,0.694351731,0.146,0.054,1.23E-201,,,
SH3BP5-AS1,6.73E-206,0.715233823,0.131,0.045,1.89E-201,,,
GLRA1,8.16E-206,1.545832721,0.058,0.011,2.29E-201,,,
NRBF2,8.23E-206,0.899450242,0.105,0.032,2.31E-201,,,
AKR1E2,1.03E-205,0.859766743,0.096,0.027,2.88E-201,,,
SLC2A4RG,1.26E-205,0.870700426,0.126,0.042,3.54E-201,,,
HLA-A,1.58E-205,-1.747816769,0.259,0.376,4.43E-201,,,
CYB5B,1.87E-205,0.380562793,0.239,0.109,5.24E-201,,,
AC005550.3,2.12E-205,-4.817798676,0.01,0.115,5.93E-201,,,
HDGFL3,4.20E-205,-3.739115964,0.019,0.131,1.18E-200,,,
GLS2,5.83E-205,0.858232487,0.113,0.035,1.63E-200,,,
TRAF3,7.15E-205,0.330333797,0.273,0.13,2.00E-200,,,
C9orf3,2.11E-204,-1.276178599,0.466,0.512,5.91E-200,,,
AC089983.1,2.21E-204,1.933859135,0.045,0.006,6.20E-200,,,
PCSK6,2.31E-204,0.768573312,0.118,0.038,6.46E-200,,,
PHYH,2.52E-204,0.74355931,0.115,0.037,7.07E-200,,,
AC090115.1,2.69E-204,1.000990399,0.091,0.025,7.54E-200,,,
PHYKPL,6.73E-204,0.24657082,0.583,0.344,1.89E-199,,,
AC021351.1,6.90E-204,1.430944343,0.079,0.019,1.93E-199,,,
ITPR2,9.25E-204,0.156663019,0.752,0.488,2.59E-199,,,
STRN3,2.54E-203,0.228573266,0.528,0.302,7.11E-199,,,
STEAP1,3.05E-203,0.634814891,0.124,0.041,8.54E-199,,,
DISP1,3.18E-203,-3.278725522,0.027,0.142,8.92E-199,,,
SAT1,3.76E-203,0.355659515,0.832,0.601,1.05E-198,,,
LINC01376,3.83E-203,0.140927342,0.392,0.207,1.07E-198,,,
EPB42,4.11E-203,0.22707933,0.355,0.183,1.15E-198,,,
E2F6,5.49E-203,0.893273699,0.113,0.036,1.54E-198,,,
NCOA6,5.56E-203,0.222536482,0.394,0.209,1.56E-198,,,
TRIM52,7.99E-203,0.419046151,0.197,0.083,2.24E-198,,,
CEMIP,8.20E-203,0.308008332,0.277,0.132,2.30E-198,,,
CD44,8.72E-203,-2.858802715,0.061,0.186,2.44E-198,,,
TMEM192,9.98E-203,0.426962259,0.232,0.106,2.80E-198,,,
SLC25A25,1.30E-202,0.745899876,0.138,0.049,3.66E-198,,,
PDLIM5,4.07E-202,-1.263846445,0.403,0.483,1.14E-197,,,
LINC02340,4.20E-202,0.757065731,0.157,0.06,1.18E-197,,,
MTG2,4.21E-202,0.434273822,0.235,0.107,1.18E-197,,,
EVA1C,4.48E-202,-1.928898783,0.179,0.308,1.26E-197,,,
NT5DC3,5.58E-202,0.936998038,0.117,0.038,1.56E-197,,,
FAM76A,1.02E-201,0.507044015,0.191,0.08,2.85E-197,,,
PRB2,2.15E-201,1.646405356,0.047,0.007,6.04E-197,,,
AL161725.1,2.90E-201,1.245901567,0.078,0.019,8.14E-197,,,
NDEL1,2.93E-201,0.247843593,0.317,0.159,8.20E-197,,,
LINC01667,4.58E-201,5.359134783,0.021,0,1.28E-196,,,
IFNGR2,8.38E-201,0.197263135,0.45,0.248,2.35E-196,,,
LINC01554,2.80E-200,3.253625508,0.028,0.002,7.85E-196,,,
NR2F2-AS1,2.80E-200,-1.978087197,0.206,0.333,7.85E-196,,,
AGO3,3.08E-200,0.303862839,0.561,0.334,8.64E-196,,,
AC010260.1,3.64E-200,0.343644334,0.235,0.107,1.02E-195,,,
ALG14,4.70E-200,0.452763135,0.205,0.089,1.32E-195,,,
MEG8,8.07E-200,-4.126745816,0.019,0.128,2.26E-195,,,
MRPL19,8.55E-200,0.314339286,0.293,0.144,2.40E-195,,,
GPR34,1.02E-199,0.337571807,0.172,0.069,2.85E-195,,,
DIXDC1,1.03E-199,0.350692536,0.279,0.135,2.87E-195,,,
CEBPB,1.27E-199,0.360833816,0.299,0.15,3.57E-195,,,
AC112196.1,3.68E-199,1.192147114,0.078,0.019,1.03E-194,,,
ABCC9,5.96E-199,0.289310659,0.238,0.109,1.67E-194,,,
TMBIM1,6.21E-199,0.469771487,0.181,0.074,1.74E-194,,,
IQGAP1,6.41E-199,-1.49868141,0.318,0.416,1.80E-194,,,
NEGR1,9.03E-199,-2.933438113,0.277,0.381,2.53E-194,,,
ATP10D,9.51E-199,-2.51488009,0.065,0.191,2.67E-194,,,
TMSB4X,1.17E-198,-1.529190077,0.363,0.455,3.27E-194,,,
PARD6B,1.54E-198,-2.812797649,0.047,0.167,4.31E-194,,,
AC008780.2,2.14E-198,5.319538394,0.02,0,6.00E-194,,,
SETMAR,2.24E-198,0.580995241,0.156,0.06,6.28E-194,,,
01-Mar,2.94E-198,-2.040844764,0.199,0.319,8.25E-194,,,
AL136131.2,6.77E-198,4.157082642,0.021,0,1.90E-193,,,
RIN3,6.78E-198,-3.316742636,0.032,0.147,1.90E-193,,,
OSBPL10,6.81E-198,-3.092535152,0.037,0.154,1.91E-193,,,
ARHGAP32,7.37E-198,0.367325285,0.477,0.273,2.07E-193,,,
FAM50A,1.85E-197,0.573907343,0.157,0.061,5.17E-193,,,
NPRL3,2.13E-197,0.25982876,0.31,0.155,5.98E-193,,,
CARF,2.90E-197,0.380253116,0.25,0.118,8.14E-193,,,
LINC01135,7.77E-197,0.8058591,0.123,0.042,2.18E-192,,,
TGFBR2,8.42E-197,-1.555234339,0.34,0.431,2.36E-192,,,
C5orf30,8.48E-197,1.255867796,0.081,0.021,2.38E-192,,,
HACD1,9.86E-197,1.17359478,0.087,0.024,2.76E-192,,,
AC113385.1,1.01E-196,2.811600155,0.032,0.003,2.82E-192,,,
CLDN18,1.36E-196,0.874852455,0.107,0.034,3.80E-192,,,
SVIL-AS1,2.68E-196,0.208880836,0.467,0.261,7.52E-192,,,
ARSD,2.91E-196,0.912837976,0.135,0.049,8.16E-192,,,
KDM4B,3.22E-196,0.272107028,0.309,0.155,9.01E-192,,,
AC090114.2,5.99E-196,1.213559864,0.072,0.017,1.68E-191,,,
GOLGA1,7.92E-196,0.278957509,0.291,0.144,2.22E-191,,,
COL5A2,1.12E-195,0.155097397,0.554,0.324,3.13E-191,,,
NFIC,3.11E-195,0.315574376,0.502,0.296,8.72E-191,,,
HLA-B,4.57E-195,-1.694535149,0.287,0.392,1.28E-190,,,
GARNL3,6.18E-195,-2.353588632,0.088,0.216,1.73E-190,,,
LINC00892,1.33E-194,2.083337628,0.033,0.003,3.72E-190,,,
ASAH1,1.45E-194,0.167499362,0.361,0.189,4.08E-190,,,
ME3,2.97E-194,0.150061323,0.325,0.165,8.31E-190,,,
FYN,3.25E-194,-1.394486793,0.312,0.421,9.12E-190,,,
SCP2,3.42E-194,0.304589167,0.47,0.269,9.57E-190,,,
DDHD2,4.03E-194,0.256860084,0.298,0.148,1.13E-189,,,
MYO5C,4.34E-194,-3.877909321,0.016,0.121,1.22E-189,,,
PCK2,6.60E-194,1.299367744,0.082,0.022,1.85E-189,,,
EML3,7.18E-194,0.831787642,0.108,0.034,2.01E-189,,,
MYRF,1.56E-193,-3.452362896,0.016,0.122,4.38E-189,,,
KLK11,2.12E-193,-3.093829724,0.027,0.139,5.94E-189,,,
IL4R,2.25E-193,-3.734531198,0.02,0.126,6.32E-189,,,
GYG2-AS1,2.41E-193,5.724554324,0.02,0,6.74E-189,,,
ITGA8,2.73E-193,0.894590779,0.077,0.019,7.65E-189,,,
SMPD3,3.35E-193,-3.737536386,0.018,0.124,9.38E-189,,,
AC087855.2,4.38E-193,4.863401698,0.02,0,1.23E-188,,,
AL929472.2,4.81E-193,0.737135313,0.13,0.046,1.35E-188,,,
KIAA0907,5.14E-193,0.320370409,0.255,0.121,1.44E-188,,,
ARHGAP42,5.99E-193,0.108443438,0.35,0.18,1.68E-188,,,
TRPC4AP,7.37E-193,0.2159842,0.481,0.273,2.07E-188,,,
THSD4-AS1,8.45E-193,-5.488403632,0.004,0.101,2.37E-188,,,
IQSEC1,9.12E-193,0.216236562,0.241,0.111,2.56E-188,,,
CHST15,1.05E-192,-3.618691872,0.018,0.125,2.95E-188,,,
UGDH-AS1,1.07E-192,0.397731636,0.283,0.14,3.00E-188,,,
EIF4E3,1.36E-192,0.393705067,0.163,0.065,3.80E-188,,,
ARHGEF7-AS2,4.84E-192,3.793983453,0.022,0.001,1.36E-187,,,
AC138028.1,5.04E-192,1.544092193,0.057,0.011,1.41E-187,,,
MET,6.84E-192,-2.253659292,0.084,0.21,1.92E-187,,,
FGF9,1.22E-191,-3.669003851,0.011,0.113,3.42E-187,,,
TJP1,1.70E-191,-1.620886357,0.335,0.416,4.76E-187,,,
UNC13B,2.37E-191,0.292386378,0.227,0.103,6.63E-187,,,
AL359706.1,2.54E-191,0.224328016,0.28,0.137,7.11E-187,,,
ABI2,4.25E-191,-1.719789024,0.212,0.334,1.19E-186,,,
DUSP10,4.98E-191,1.17592392,0.071,0.017,1.39E-186,,,
SYNPO,6.22E-191,0.53329118,0.125,0.043,1.74E-186,,,
RCSD1,8.69E-191,-3.914713248,0.024,0.131,2.44E-186,,,
CAV1,8.88E-191,0.159723757,0.593,0.353,2.49E-186,,,
AC008592.4,9.62E-191,2.049131342,0.038,0.004,2.70E-186,,,
BICD1,9.78E-191,-2.40072342,0.084,0.209,2.74E-186,,,
CRK,1.00E-190,0.334117619,0.251,0.12,2.82E-186,,,
CLUH,1.19E-190,1.094281081,0.084,0.023,3.33E-186,,,
LNCSRLR,1.30E-190,1.571857993,0.063,0.014,3.64E-186,,,
AC092691.1,2.29E-190,-4.638698325,0.015,0.117,6.43E-186,,,
MNAT1,3.59E-190,0.203708668,0.515,0.296,1.01E-185,,,
PIK3CD,6.30E-190,-3.256221813,0.031,0.142,1.77E-185,,,
AC006378.1,7.39E-190,0.734809362,0.121,0.042,2.07E-185,,,
PIK3IP1-AS1,7.86E-190,0.901999977,0.092,0.026,2.20E-185,,,
TMLHE,9.74E-190,0.275439694,0.313,0.16,2.73E-185,,,
GULP1,1.53E-189,-2.176035754,0.103,0.23,4.28E-185,,,
IREB2,1.76E-189,0.246199443,0.362,0.193,4.94E-185,,,
MPST,2.02E-189,0.822052274,0.099,0.03,5.67E-185,,,
UBE2H,2.67E-189,0.239073581,0.554,0.33,7.48E-185,,,
CD47,2.76E-189,-2.014272344,0.131,0.259,7.75E-185,,,
DLGAP1,3.60E-189,-3.017155103,0.062,0.181,1.01E-184,,,
BCL2L2,5.03E-189,0.655863032,0.144,0.055,1.41E-184,,,
SNHG7,5.26E-189,0.343934769,0.22,0.1,1.47E-184,,,
AC009242.1,8.05E-189,1.45580023,0.059,0.012,2.26E-184,,,
AC005899.8,1.01E-188,1.142010554,0.082,0.022,2.84E-184,,,
BDH1,1.28E-188,1.449899269,0.067,0.015,3.58E-184,,,
MICAL2,1.64E-188,-3.094005257,0.037,0.149,4.59E-184,,,
AC012499.1,1.74E-188,3.884856815,0.022,0.001,4.88E-184,,,
SLC16A2,2.51E-188,0.632035936,0.133,0.048,7.03E-184,,,
LTBP4,2.78E-188,-2.155260494,0.116,0.243,7.78E-184,,,
KIAA0232,3.06E-188,0.204056783,0.363,0.192,8.57E-184,,,
ABO,3.70E-188,-4.037054692,0.009,0.107,1.04E-183,,,
ACVR1B,6.77E-188,0.490599209,0.166,0.067,1.90E-183,,,
KLHL4,8.62E-188,-4.341594352,0.016,0.118,2.42E-183,,,
DPYS,1.12E-187,-4.167396139,0.023,0.128,3.15E-183,,,
PZP,1.30E-187,-0.396619864,0.097,0.029,3.65E-183,,,
IFNGR1,1.40E-187,0.186162884,0.351,0.185,3.93E-183,,,
CNRIP1,1.48E-187,0.621548268,0.192,0.084,4.14E-183,,,
SUCLG2-AS1,1.68E-187,0.282789197,0.278,0.137,4.71E-183,,,
KIAA1841,1.76E-187,0.531292494,0.172,0.071,4.93E-183,,,
FAM45A,1.98E-187,0.603825394,0.13,0.047,5.54E-183,,,
AP000473.1,2.62E-187,0.952908171,0.075,0.019,7.34E-183,,,
LSMEM1,3.33E-187,1.619169917,0.052,0.009,9.35E-183,,,
LINC01517,4.74E-187,4.95707707,0.02,0,1.33E-182,,,
RIPOR2,6.28E-187,-3.294255691,0.036,0.148,1.76E-182,,,
TTC7B,7.68E-187,0.211894732,0.292,0.146,2.15E-182,,,
ASPSCR1,7.94E-187,0.612902454,0.145,0.055,2.22E-182,,,
ALDH7A1,8.57E-187,0.309922144,0.273,0.135,2.40E-182,,,
KDR,1.13E-186,-3.255121185,0.027,0.135,3.17E-182,,,
BMPR1A,1.24E-186,0.227000734,0.539,0.316,3.47E-182,,,
GLT8D2,1.65E-186,-3.016480039,0.034,0.145,4.62E-182,,,
ACOT13,1.67E-186,0.393336036,0.194,0.085,4.67E-182,,,
ZNF708,2.89E-186,0.311841432,0.298,0.151,8.10E-182,,,
LNPK,3.45E-186,0.371036687,0.237,0.112,9.67E-182,,,
TYW1,3.90E-186,0.236008187,0.388,0.211,1.09E-181,,,
MAP3K19,3.93E-186,1.614384132,0.05,0.008,1.10E-181,,,
ING5,4.34E-186,0.3524951,0.262,0.128,1.22E-181,,,
HOXB-AS3,6.47E-186,0.316114658,0.241,0.113,1.81E-181,,,
RNF175,7.03E-186,1.732491468,0.053,0.01,1.97E-181,,,
ERMAP,9.57E-186,0.678780254,0.136,0.051,2.68E-181,,,
PAAF1,1.09E-185,0.444701525,0.189,0.082,3.05E-181,,,
LPIN3,1.33E-185,0.565756792,0.178,0.075,3.73E-181,,,
AC021086.1,1.74E-185,1.605030778,0.052,0.009,4.86E-181,,,
ANKRD24,1.97E-185,1.708313352,0.054,0.01,5.52E-181,,,
AC010273.1,2.04E-185,0.912580556,0.085,0.023,5.72E-181,,,
PEMT,2.64E-185,0.965424243,0.083,0.023,7.40E-181,,,
BORCS8,3.06E-185,1.040187715,0.075,0.019,8.56E-181,,,
PARP8,3.09E-185,-2.028139393,0.181,0.303,8.67E-181,,,
SLC9A9,3.53E-185,-2.174596896,0.342,0.42,9.90E-181,,,
PRRX1,5.64E-185,-3.778874971,0.025,0.131,1.58E-180,,,
LRP5,5.76E-185,0.34426968,0.178,0.075,1.61E-180,,,
COL6A1,6.37E-185,-1.498505501,0.295,0.4,1.78E-180,,,
ITPR3,8.15E-185,-3.729497109,0.017,0.118,2.28E-180,,,
SYNPO2,1.15E-184,-2.996851339,0.058,0.174,3.22E-180,,,
GART,1.33E-184,0.381348944,0.212,0.096,3.73E-180,,,
TTC3-AS1,1.43E-184,0.863526431,0.098,0.03,4.02E-180,,,
TPT1,1.76E-184,-1.352069912,0.462,0.519,4.94E-180,,,
ORC2,1.86E-184,0.366030373,0.348,0.188,5.21E-180,,,
TMEM202-AS1,2.15E-184,0.895110785,0.099,0.031,6.03E-180,,,
DNAH9,2.61E-184,0.475945354,0.138,0.051,7.33E-180,,,
NDUFAF2,2.62E-184,0.204889216,0.312,0.16,7.36E-180,,,
TPRG1-AS1,2.71E-184,2.223716309,0.036,0.004,7.61E-180,,,
NIT1,2.75E-184,0.35262544,0.222,0.103,7.70E-180,,,
AC005746.2,3.37E-184,0.624350647,0.122,0.043,9.44E-180,,,
DCTN4,3.56E-184,0.234699229,0.331,0.173,9.98E-180,,,
DDIT3,3.88E-184,0.579875717,0.146,0.056,1.09E-179,,,
MSRA,4.15E-184,0.183029516,0.318,0.164,1.16E-179,,,
OIP5,4.43E-184,1.066170906,0.095,0.029,1.24E-179,,,
AC008592.2,7.45E-184,1.630611382,0.051,0.009,2.09E-179,,,
DCAF5,8.42E-184,0.233673104,0.408,0.227,2.36E-179,,,
TAZ,1.23E-183,0.465202534,0.154,0.061,3.45E-179,,,
RRS1-AS1,2.01E-183,3.783806118,0.023,0.001,5.64E-179,,,
PTGR2,2.21E-183,0.858635146,0.092,0.027,6.19E-179,,,
GPD2,2.23E-183,0.346185502,0.298,0.154,6.24E-179,,,
AGPAT4,2.66E-183,-3.284072825,0.025,0.131,7.44E-179,,,
KRT19,2.71E-183,-2.654202106,0.067,0.186,7.60E-179,,,
COL3A1,4.30E-183,-1.364192558,0.391,0.469,1.20E-178,,,
HOXA6,7.78E-183,1.201815687,0.068,0.016,2.18E-178,,,
TRMT10A,1.02E-182,1.117960366,0.072,0.018,2.87E-178,,,
ZNF133,1.26E-182,0.318258198,0.23,0.108,3.53E-178,,,
PTCD2,1.37E-182,0.664910345,0.123,0.043,3.84E-178,,,
METTL2B,1.94E-182,0.879825983,0.104,0.034,5.45E-178,,,
MGAT3,1.96E-182,2.001284752,0.036,0.004,5.49E-178,,,
PPP1R9A,2.29E-182,0.1949685,0.393,0.215,6.41E-178,,,
MPDZ,3.13E-182,-1.640501878,0.332,0.41,8.78E-178,,,
TANK,3.68E-182,0.205679136,0.574,0.343,1.03E-177,,,
NUDT22,3.97E-182,0.944453684,0.099,0.031,1.11E-177,,,
RBM48,5.08E-182,0.571636012,0.146,0.057,1.42E-177,,,
LINC02086,5.60E-182,2.999394054,0.027,0.002,1.57E-177,,,
MAGI2-AS3,6.83E-182,0.139213273,0.488,0.274,1.91E-177,,,
NUTM2B-AS1,7.25E-182,0.2415401,0.322,0.168,2.03E-177,,,
IL6ST,8.33E-182,-1.405814081,0.352,0.43,2.33E-177,,,
HDHD5-AS1,1.17E-181,0.909447829,0.097,0.03,3.27E-177,,,
LINC02250,1.61E-181,1.233601269,0.066,0.015,4.52E-177,,,
YBX2,1.67E-181,3.455443114,0.024,0.001,4.69E-177,,,
CACNB2,2.65E-181,-2.284038848,0.183,0.298,7.44E-177,,,
CUTC,2.74E-181,0.26076184,0.241,0.114,7.68E-177,,,
AL512662.2,2.86E-181,1.045758995,0.065,0.015,8.01E-177,,,
BAIAP2,5.99E-181,-3.891910337,0.012,0.108,1.68E-176,,,
AL442647.1,6.88E-181,2.017932235,0.041,0.006,1.93E-176,,,
ARHGAP11B,9.22E-181,0.726850601,0.092,0.027,2.58E-176,,,
SMARCD1,1.01E-180,0.579306535,0.142,0.054,2.83E-176,,,
HLX-AS1,1.33E-180,0.614211434,0.178,0.076,3.73E-176,,,
LINC02227,1.34E-180,1.549576459,0.05,0.009,3.74E-176,,,
FTCDNL1,1.49E-180,0.5312035,0.147,0.057,4.16E-176,,,
AC009495.1,2.60E-180,1.849956055,0.045,0.007,7.29E-176,,,
PRDM7,2.63E-180,4.770345786,0.021,0.001,7.37E-176,,,
MAP3K13,2.89E-180,0.329329006,0.264,0.131,8.10E-176,,,
RGL3,8.77E-180,0.960173749,0.084,0.024,2.46E-175,,,
THRB-AS1,1.75E-179,2.039400178,0.039,0.005,4.90E-175,,,
AC010198.1,1.96E-179,0.94262513,0.083,0.023,5.51E-175,,,
CALCB,2.34E-179,1.464340347,0.054,0.011,6.56E-175,,,
GLUL,2.66E-179,0.50827595,0.355,0.202,7.45E-175,,,
ABL2,3.01E-179,0.216042289,0.34,0.18,8.42E-175,,,
DIAPH1,5.69E-179,-2.92079572,0.038,0.148,1.59E-174,,,
STX2,7.90E-179,-2.303167442,0.077,0.197,2.21E-174,,,
OSBPL3,8.87E-179,-3.540819504,0.021,0.123,2.49E-174,,,
RBMS3-AS3,1.25E-178,0.286346805,0.715,0.482,3.49E-174,,,
AL391839.1,1.65E-178,0.386146183,0.196,0.087,4.63E-174,,,
SH3RF2,1.73E-178,0.290335319,0.076,0.02,4.86E-174,,,
SETBP1,2.61E-178,-1.923520826,0.217,0.329,7.31E-174,,,
ANK3,2.80E-178,-0.197418212,0.181,0.076,7.84E-174,,,
SCTR,3.63E-178,0.890419177,0.123,0.045,1.02E-173,,,
SRSF5,5.02E-178,0.251217088,0.759,0.498,1.41E-173,,,
ASPA,5.07E-178,0.112017683,0.207,0.092,1.42E-173,,,
PDE3A,5.44E-178,0.178848271,0.456,0.264,1.52E-173,,,
SCEL,8.14E-178,-3.640464579,0.02,0.12,2.28E-173,,,
CYP3A43,8.44E-178,2.713134298,0.028,0.002,2.36E-173,,,
CPSF2,9.01E-178,0.443872247,0.178,0.077,2.53E-173,,,
FOXN3,1.01E-177,0.1433937,0.624,0.38,2.84E-173,,,
AP005329.3,1.29E-177,1.563737388,0.05,0.009,3.63E-173,,,
KITLG,3.01E-177,-3.36755689,0.018,0.118,8.45E-173,,,
FER,4.01E-177,-1.062378321,0.529,0.55,1.12E-172,,,
GRK4,4.55E-177,0.636279201,0.131,0.049,1.27E-172,,,
LINC02391,5.10E-177,1.183405565,0.086,0.025,1.43E-172,,,
RNF214,6.77E-177,0.278230238,0.237,0.113,1.90E-172,,,
FAM184A,1.30E-176,0.548547975,0.15,0.06,3.64E-172,,,
TMED5,1.59E-176,0.26117245,0.278,0.141,4.46E-172,,,
RANBP3L,1.73E-176,0.937129909,0.092,0.028,4.83E-172,,,
SULT1C3,1.78E-176,3.402309277,0.024,0.001,4.99E-172,,,
COCH,1.85E-176,0.550467468,0.124,0.045,5.19E-172,,,
POLD3,1.90E-176,0.493854771,0.193,0.087,5.32E-172,,,
ZBTB20-AS2,2.39E-176,0.354785704,0.165,0.068,6.69E-172,,,
UBE4B,2.82E-176,0.197426013,0.458,0.264,7.90E-172,,,
NUF2,4.47E-176,0.531893774,0.168,0.071,1.25E-171,,,
CRB1,5.25E-176,1.30599358,0.065,0.015,1.47E-171,,,
SIAH1,5.45E-176,0.361820587,0.202,0.092,1.53E-171,,,
OSTN,8.15E-176,2.557673683,0.037,0.005,2.28E-171,,,
AC004917.1,8.88E-176,1.19133262,0.057,0.012,2.49E-171,,,
RSPO1,1.06E-175,-3.470685406,0.015,0.112,2.96E-171,,,
MTMR12,1.63E-175,0.298109606,0.293,0.151,4.57E-171,,,
PBRM1,1.66E-175,0.205399987,0.581,0.351,4.66E-171,,,
NBEAL1,2.23E-175,0.200058433,0.63,0.392,6.25E-171,,,
ACKR3,2.68E-175,0.263617956,0.16,0.065,7.51E-171,,,
05-Mar,3.41E-175,0.345505576,0.228,0.109,9.55E-171,,,
AC034102.5,3.88E-175,1.054021832,0.077,0.021,1.09E-170,,,
POLR2E,5.95E-175,0.65574289,0.119,0.042,1.67E-170,,,
AC104316.1,6.26E-175,0.351070106,0.171,0.072,1.75E-170,,,
AC103739.2,8.80E-175,1.239577087,0.06,0.013,2.47E-170,,,
AL669831.5,9.04E-175,0.887997468,0.093,0.029,2.53E-170,,,
MYO1E,9.36E-175,-2.73256445,0.064,0.178,2.62E-170,,,
NHS,1.20E-174,0.251489982,0.285,0.145,3.36E-170,,,
DSC3,1.76E-174,-2.98545348,0.022,0.122,4.93E-170,,,
ROCK2,1.91E-174,1.234840386,0.548,0.353,5.35E-170,,,
DIAPH2-AS1,1.96E-174,0.245146055,0.431,0.252,5.49E-170,,,
TUSC3,2.20E-174,-3.598494679,0.02,0.118,6.16E-170,,,
RIPK1,3.08E-174,0.241344804,0.285,0.146,8.63E-170,,,
AUH,1.23E-173,0.185088737,0.5,0.291,3.43E-169,,,
RABGEF1,1.29E-173,0.784807747,0.103,0.034,3.62E-169,,,
ZBTB46,1.78E-173,-3.492140708,0.019,0.117,5.00E-169,,,
EYA1,2.04E-173,0.830190695,0.055,0.011,5.73E-169,,,
AC008592.1,2.10E-173,3.218728498,0.022,0.001,5.88E-169,,,
PSMD11,2.43E-173,0.401253925,0.206,0.095,6.80E-169,,,
TAF1,5.14E-173,0.247965947,0.323,0.172,1.44E-168,,,
FBLN1,8.38E-173,-2.357922758,0.129,0.248,2.35E-168,,,
LYPLAL1-AS1,1.40E-172,1.920811758,0.039,0.006,3.92E-168,,,
SMYD3,1.46E-172,-1.197225399,0.452,0.506,4.09E-168,,,
CCDC196,1.70E-172,0.804998107,0.105,0.035,4.76E-168,,,
BTBD6,2.17E-172,0.906902281,0.08,0.022,6.07E-168,,,
RERG,4.83E-172,-1.845719958,0.3,0.385,1.35E-167,,,
MCTP1,4.92E-172,-3.068817637,0.078,0.191,1.38E-167,,,
SPSB3,5.38E-172,0.253806634,0.261,0.13,1.51E-167,,,
DZIP3,1.77E-171,0.293552296,0.23,0.11,4.96E-167,,,
FAM102B,2.13E-171,-2.817334371,0.047,0.155,5.97E-167,,,
ARHGEF3,2.28E-171,-2.069229001,0.142,0.261,6.39E-167,,,
LINC00909,2.58E-171,0.34129194,0.203,0.093,7.23E-167,,,
C8orf44-SGK3,2.93E-171,0.777251291,0.104,0.035,8.22E-167,,,
PSAT1,4.08E-171,3.120823612,0.024,0.001,1.14E-166,,,
AC093567.1,4.77E-171,1.54354888,0.044,0.007,1.34E-166,,,
LINC00907,4.86E-171,0.979962736,0.079,0.022,1.36E-166,,,
TRAPPC13,5.61E-171,0.334287126,0.202,0.092,1.57E-166,,,
AL034399.2,6.08E-171,0.646615322,0.094,0.03,1.70E-166,,,
PDHA1,6.15E-171,0.515399026,0.135,0.052,1.72E-166,,,
KANTR,6.29E-171,0.238114471,0.301,0.157,1.76E-166,,,
NQO1,6.32E-171,0.661145211,0.135,0.053,1.77E-166,,,
AC084337.2,7.30E-171,0.683303936,0.11,0.038,2.05E-166,,,
ACKR4,7.57E-171,0.660736296,0.115,0.04,2.12E-166,,,
RHOU,9.22E-171,-2.346434391,0.064,0.178,2.59E-166,,,
AC064807.1,9.36E-171,0.557286925,0.117,0.042,2.62E-166,,,
PWWP2B,9.73E-171,1.715937851,0.045,0.008,2.73E-166,,,
TEX26-AS1,1.53E-170,-3.641836247,0.018,0.113,4.29E-166,,,
VSIR,1.54E-170,-2.408171212,0.056,0.168,4.33E-166,,,
LINC01089,1.96E-170,0.68823345,0.118,0.042,5.50E-166,,,
PSME4,2.37E-170,0.162435706,0.362,0.197,6.65E-166,,,
RHOQ,2.97E-170,0.223880368,0.305,0.16,8.33E-166,,,
GKAP1,3.37E-170,0.289299431,0.262,0.132,9.45E-166,,,
ZNF839,3.54E-170,0.63354378,0.122,0.045,9.92E-166,,,
GABBR1,3.78E-170,-2.810655221,0.042,0.149,1.06E-165,,,
CYP27A1,3.81E-170,-2.564610025,0.054,0.165,1.07E-165,,,
PPP1R13L,3.98E-170,-3.187252261,0.027,0.127,1.12E-165,,,
WASF3,5.00E-170,0.158515164,0.303,0.156,1.40E-165,,,
GCNT2,5.28E-170,-3.406259325,0.021,0.118,1.48E-165,,,
AFG1L,7.64E-170,0.367162739,0.202,0.093,2.14E-165,,,
PIM3,8.20E-170,0.664042492,0.135,0.052,2.30E-165,,,
AC009271.1,1.12E-169,-3.277776641,0.03,0.131,3.15E-165,,,
LINC02068,1.17E-169,2.295880788,0.039,0.006,3.27E-165,,,
EGFLAM,1.43E-169,0.878687044,0.082,0.024,4.00E-165,,,
TIMP4,1.43E-169,0.91383187,0.079,0.022,4.01E-165,,,
LPP,1.72E-169,-0.799665722,0.72,0.671,4.81E-165,,,
CDC37L1,2.55E-169,0.303614426,0.214,0.101,7.14E-165,,,
03-Mar,4.06E-169,0.780518061,0.279,0.147,1.14E-164,,,
SATB2,4.53E-169,0.852859584,0.075,0.02,1.27E-164,,,
ZBTB37,4.82E-169,0.403961723,0.174,0.076,1.35E-164,,,
TES,7.45E-169,0.601842996,0.121,0.044,2.09E-164,,,
CDKN1C,7.68E-169,0.307420535,0.185,0.082,2.15E-164,,,
AC104574.2,8.33E-169,2.038795022,0.039,0.006,2.34E-164,,,
HMCN1,9.50E-169,-3.622557859,0.032,0.132,2.66E-164,,,
LACTB2-AS1,9.52E-169,0.891389688,0.088,0.027,2.67E-164,,,
STK3,1.30E-168,0.173928574,0.658,0.413,3.65E-164,,,
CCS,1.83E-168,0.281296812,0.238,0.116,5.12E-164,,,
ZNF397,1.89E-168,0.261641275,0.261,0.131,5.29E-164,,,
ORC3,2.38E-168,0.181632933,0.308,0.161,6.66E-164,,,
NECAB1,3.14E-168,-2.491420451,0.057,0.167,8.79E-164,,,
TTN-AS1,3.95E-168,0.201287826,0.374,0.207,1.11E-163,,,
CARNS1,4.99E-168,-3.359200688,0.013,0.105,1.40E-163,,,
MYO6,5.78E-168,0.133607965,0.253,0.124,1.62E-163,,,
AP002812.2,5.83E-168,0.205793318,0.351,0.191,1.63E-163,,,
UBE2G2,6.87E-168,0.185638891,0.351,0.191,1.93E-163,,,
DCAF10,8.02E-168,0.174888677,0.459,0.267,2.25E-163,,,
ANKRD40,9.38E-168,0.581857126,0.127,0.048,2.63E-163,,,
SAR1B,1.05E-167,0.283724098,0.202,0.093,2.94E-163,,,
FAM151A,1.25E-167,1.82208627,0.041,0.007,3.52E-163,,,
HECTD1,1.54E-167,0.18327904,0.59,0.359,4.31E-163,,,
SAT2,1.68E-167,0.346884327,0.203,0.094,4.71E-163,,,
TMOD3,2.96E-167,-1.84726736,0.16,0.277,8.31E-163,,,
SPTLC2,3.72E-167,-2.29692397,0.09,0.205,1.04E-162,,,
NOCT,3.88E-167,0.406983538,0.161,0.067,1.09E-162,,,
C1orf198,4.08E-167,0.767707922,0.113,0.04,1.14E-162,,,
AC068205.2,4.63E-167,1.171857543,0.058,0.013,1.30E-162,,,
CALB1,1.02E-166,2.324588505,0.033,0.004,2.86E-162,,,
ENPP3,1.13E-166,0.85811481,0.063,0.015,3.17E-162,,,
RIC3,1.58E-166,-2.833724562,0.036,0.139,4.42E-162,,,
MEF2C,2.04E-166,-2.426390415,0.197,0.301,5.73E-162,,,
AL354733.3,2.25E-166,0.229889656,0.27,0.136,6.32E-162,,,
MST1,2.34E-166,-2.695884422,0.038,0.141,6.57E-162,,,
PRKAG2-AS1,2.87E-166,1.424709259,0.05,0.01,8.04E-162,,,
AL022329.2,3.66E-166,3.559408475,0.022,0.001,1.03E-161,,,
FTX,5.12E-166,0.233749097,0.973,0.875,1.44E-161,,,
OVOL2,6.36E-166,0.451119668,0.132,0.051,1.78E-161,,,
TAC4,1.05E-165,0.736550793,0.105,0.036,2.94E-161,,,
NDUFAF5,1.20E-165,0.464214726,0.159,0.067,3.37E-161,,,
AL359232.1,1.22E-165,0.527997135,0.163,0.07,3.43E-161,,,
AL451060.1,2.08E-165,4.062523243,0.018,0,5.82E-161,,,
COPS7B,2.13E-165,0.439221861,0.158,0.066,5.96E-161,,,
OSGIN2,2.44E-165,0.469348637,0.171,0.075,6.84E-161,,,
RNF157-AS1,3.21E-165,3.099487655,0.021,0.001,9.01E-161,,,
RUFY4,3.43E-165,2.928752388,0.026,0.002,9.60E-161,,,
CCDC107,3.46E-165,0.429741056,0.142,0.057,9.70E-161,,,
RNF185,3.76E-165,0.473211885,0.165,0.071,1.05E-160,,,
AC073107.1,4.95E-165,0.318590364,0.235,0.115,1.39E-160,,,
ADORA1,5.28E-165,1.829941958,0.042,0.007,1.48E-160,,,
TOM1L1,7.17E-165,0.151811586,0.373,0.206,2.01E-160,,,
ARFGEF3,1.14E-164,-2.891620703,0.03,0.13,3.21E-160,,,
NAV3,1.28E-164,-1.122320647,0.523,0.556,3.57E-160,,,
ATP2C1,1.79E-164,0.181543927,0.434,0.251,5.01E-160,,,
FAM92A,2.88E-164,0.325470741,0.183,0.081,8.08E-160,,,
ST3GAL6-AS1,2.90E-164,2.24753266,0.031,0.003,8.12E-160,,,
AC108010.1,4.03E-164,0.246998484,0.275,0.141,1.13E-159,,,
POM121,4.57E-164,0.249634618,0.239,0.117,1.28E-159,,,
DHFR,6.04E-164,0.427528934,0.143,0.058,1.69E-159,,,
BOC,6.24E-164,-1.577091537,0.278,0.374,1.75E-159,,,
LINC00862,7.41E-164,0.923666852,0.079,0.023,2.08E-159,,,
AC104532.2,7.86E-164,0.466032504,0.131,0.051,2.20E-159,,,
GATA2-AS1,8.45E-164,0.809486409,0.066,0.016,2.37E-159,,,
PCTP,1.00E-163,0.689004917,0.114,0.041,2.81E-159,,,
ST8SIA1,1.01E-163,-3.236957389,0.026,0.122,2.82E-159,,,
FAM160B2,1.08E-163,0.402302852,0.158,0.066,3.03E-159,,,
IQGAP2,1.41E-163,-3.459665501,0.046,0.149,3.96E-159,,,
AIMP2,1.50E-163,0.548330062,0.135,0.053,4.21E-159,,,
FRS2,1.53E-163,0.202732771,0.435,0.252,4.28E-159,,,
AP000842.2,1.82E-163,-3.939158056,0.01,0.097,5.10E-159,,,
OSMR-AS1,3.36E-163,-2.450177202,0.069,0.179,9.40E-159,,,
AC037198.2,5.63E-163,2.104008234,0.032,0.004,1.58E-158,,,
SP100,5.99E-163,-1.604299207,0.251,0.351,1.68E-158,,,
ALG13-AS1,1.44E-162,0.168565494,0.273,0.139,4.03E-158,,,
BRF1,2.00E-162,0.310760096,0.17,0.074,5.62E-158,,,
SLC44A5,3.42E-162,-3.546929332,0.022,0.116,9.58E-158,,,
AC012254.1,3.59E-162,1.255235743,0.069,0.018,1.01E-157,,,
SH3BGR,3.82E-162,1.303358691,0.056,0.013,1.07E-157,,,
SOGA3,5.00E-162,2.008458518,0.029,0.003,1.40E-157,,,
CCDC28A,6.14E-162,0.425311256,0.17,0.075,1.72E-157,,,
EPHB6,6.36E-162,-2.561568784,0.048,0.153,1.78E-157,,,
AL163636.1,7.15E-162,1.454381953,0.048,0.009,2.00E-157,,,
AL356108.1,7.46E-162,1.567318506,0.042,0.007,2.09E-157,,,
RMND5A,8.77E-162,0.449593844,0.155,0.065,2.46E-157,,,
C1orf52,8.96E-162,0.322897824,0.216,0.103,2.51E-157,,,
HRH1,1.36E-161,-3.806531784,0.023,0.118,3.82E-157,,,
GGNBP2,1.38E-161,0.141031999,0.352,0.194,3.86E-157,,,
NDST1,1.40E-161,0.423533034,0.125,0.047,3.91E-157,,,
RAB1A,1.79E-161,0.18070784,0.56,0.343,5.02E-157,,,
SPINK13,1.93E-161,2.385776843,0.03,0.003,5.40E-157,,,
LYPD6,2.07E-161,-3.461621644,0.018,0.109,5.80E-157,,,
AC004988.1,3.87E-161,1.738595194,0.039,0.006,1.09E-156,,,
FAM196B,4.04E-161,-4.230276319,0.011,0.098,1.13E-156,,,
DDX60,6.69E-161,-3.053179345,0.028,0.124,1.88E-156,,,
CDC14A,6.74E-161,-2.173006335,0.087,0.2,1.89E-156,,,
TLR4,8.32E-161,0.227625046,0.17,0.074,2.33E-156,,,
AC106037.2,8.64E-161,1.513233375,0.045,0.008,2.42E-156,,,
RGS3,1.02E-160,0.456283731,0.109,0.039,2.86E-156,,,
AL163953.1,1.26E-160,3.527183459,0.02,0.001,3.53E-156,,,
AC133550.2,1.33E-160,0.837700355,0.094,0.031,3.73E-156,,,
WIPI1,1.36E-160,0.439975777,0.136,0.054,3.81E-156,,,
LINC00886,1.59E-160,0.443172897,0.16,0.069,4.44E-156,,,
TMEM63A,1.60E-160,0.228215164,0.203,0.095,4.49E-156,,,
RPS6KA3,1.99E-160,-1.687686068,0.19,0.301,5.56E-156,,,
AC108471.2,2.02E-160,2.135620545,0.031,0.003,5.66E-156,,,
EXOC1L,2.30E-160,4.680613667,0.017,0,6.45E-156,,,
AC022973.4,2.42E-160,1.346099949,0.054,0.012,6.79E-156,,,
LINC01476,2.53E-160,1.236063999,0.055,0.012,7.08E-156,,,
HSD11B1,3.56E-160,0.938950567,0.121,0.046,9.98E-156,,,
AL354953.1,4.10E-160,1.333410121,0.049,0.01,1.15E-155,,,
KLHL22,6.09E-160,0.178403358,0.265,0.135,1.71E-155,,,
PNISR,8.20E-160,0.250515262,0.898,0.675,2.30E-155,,,
APOL4,1.35E-159,1.687163847,0.045,0.008,3.78E-155,,,
NRDC,1.56E-159,0.160399858,0.593,0.363,4.38E-155,,,
ZSCAN2,1.91E-159,0.977809695,0.069,0.018,5.36E-155,,,
KANSL1L,3.10E-159,0.169801561,0.665,0.422,8.68E-155,,,
LINC01105,3.11E-159,-4.507567451,0.005,0.086,8.70E-155,,,
PSPC1,3.43E-159,0.161563435,0.409,0.234,9.62E-155,,,
LINC01070,3.64E-159,4.602108317,0.017,0,1.02E-154,,,
ATP1B1,4.08E-159,-2.741809374,0.036,0.136,1.14E-154,,,
AC090833.1,5.35E-159,1.999749707,0.039,0.006,1.50E-154,,,
TSLP,6.86E-159,2.240887489,0.028,0.003,1.92E-154,,,
LETM1,8.80E-159,0.680065419,0.104,0.036,2.47E-154,,,
SPIRE1,1.01E-158,0.14709826,0.296,0.156,2.83E-154,,,
AC090844.2,1.05E-158,1.273193548,0.071,0.019,2.94E-154,,,
IGFBP4,1.34E-158,-2.142071301,0.083,0.195,3.74E-154,,,
ACOT4,1.66E-158,2.466535375,0.027,0.002,4.64E-154,,,
SEC14L2,1.74E-158,0.658192455,0.122,0.046,4.88E-154,,,
ARSG,1.82E-158,0.401162325,0.118,0.044,5.10E-154,,,
AL135791.1,2.23E-158,1.630733541,0.044,0.008,6.24E-154,,,
SMIM4,2.28E-158,0.201297962,0.257,0.131,6.39E-154,,,
AC010181.1,2.42E-158,5.510848921,0.016,0,6.78E-154,,,
AC021439.1,4.35E-158,3.76200566,0.019,0.001,1.22E-153,,,
07-Sep,7.06E-158,-1.52345512,0.25,0.35,1.98E-153,,,
SS18,7.67E-158,0.142286651,0.348,0.191,2.15E-153,,,
FBN1,1.15E-157,-0.262225981,0.529,0.318,3.21E-153,,,
SOCS7,1.22E-157,0.419328769,0.154,0.065,3.42E-153,,,
NFATC2,1.27E-157,-3.875257949,0.017,0.107,3.55E-153,,,
LUCAT1,1.54E-157,2.333147602,0.03,0.003,4.32E-153,,,
AL591895.1,1.69E-157,0.475116185,0.121,0.046,4.73E-153,,,
ACAD9,2.07E-157,0.345762993,0.18,0.082,5.81E-153,,,
AC021739.2,2.94E-157,0.899628521,0.068,0.018,8.23E-153,,,
BCL2L2-PABPN1,2.95E-157,0.544459047,0.135,0.055,8.27E-153,,,
ATP8A1,4.21E-157,-2.759211592,0.053,0.157,1.18E-152,,,
SPDYE3,4.35E-157,0.439480558,0.124,0.047,1.22E-152,,,
AL159153.1,4.70E-157,3.722533565,0.019,0.001,1.32E-152,,,
EPHX2,5.00E-157,0.445414419,0.146,0.061,1.40E-152,,,
RAPGEF5,5.88E-157,-4.003921163,0.021,0.112,1.65E-152,,,
NHLRC2,7.29E-157,0.145476122,0.308,0.165,2.04E-152,,,
SIPA1L1,7.53E-157,-1.886783097,0.176,0.286,2.11E-152,,,
USPL1,7.76E-157,0.281549087,0.239,0.12,2.18E-152,,,
AFG3L2,8.96E-157,0.218676942,0.274,0.143,2.51E-152,,,
STX12,1.46E-156,0.211274509,0.357,0.2,4.10E-152,,,
SLC38A2,2.08E-156,-1.563153864,0.272,0.368,5.83E-152,,,
KIAA1551,2.82E-156,-1.928837846,0.161,0.272,7.89E-152,,,
GCSH,2.87E-156,1.469856105,0.049,0.01,8.04E-152,,,
NUP88,3.13E-156,0.1600217,0.275,0.143,8.77E-152,,,
RPRD2,4.75E-156,0.140966101,0.46,0.271,1.33E-151,,,
Z98884.1,5.73E-156,0.794212308,0.089,0.029,1.60E-151,,,
AC079305.3,6.62E-156,1.120740899,0.063,0.016,1.86E-151,,,
SLFN11,7.50E-156,-3.612255006,0.016,0.104,2.10E-151,,,
PER1,1.06E-155,0.406394743,0.165,0.072,2.98E-151,,,
ACOT1,1.16E-155,2.822132224,0.023,0.002,3.26E-151,,,
CAPS2,1.19E-155,0.201148012,0.264,0.136,3.35E-151,,,
MTERF4,1.26E-155,0.128329273,0.313,0.169,3.54E-151,,,
NARF,1.42E-155,0.299856373,0.194,0.091,3.97E-151,,,
MYO1B,1.71E-155,-3.031341255,0.031,0.127,4.81E-151,,,
HAGH,2.30E-155,0.204348661,0.251,0.127,6.45E-151,,,
PTBP2,2.50E-155,0.162147721,0.559,0.343,7.00E-151,,,
LINC01184,2.87E-155,0.175534374,0.299,0.16,8.05E-151,,,
AC011625.1,2.92E-155,1.271975646,0.054,0.012,8.19E-151,,,
AC124893.1,3.41E-155,4.594464663,0.016,0,9.56E-151,,,
ZNF91,4.60E-155,0.139314337,0.468,0.275,1.29E-150,,,
TBC1D31,7.01E-155,0.469125186,0.11,0.04,1.97E-150,,,
REEP3,7.47E-155,0.151923094,0.292,0.154,2.09E-150,,,
BDNF,1.08E-154,1.352997783,0.051,0.011,3.03E-150,,,
KNDC1,1.26E-154,-4.252038955,0.007,0.088,3.53E-150,,,
H1FX-AS1,1.35E-154,1.131586709,0.055,0.013,3.78E-150,,,
AC090197.1,1.50E-154,1.811345784,0.037,0.006,4.20E-150,,,
AL139300.2,1.88E-154,0.925499222,0.069,0.019,5.28E-150,,,
AC093151.3,2.02E-154,1.479614198,0.043,0.008,5.66E-150,,,
LHFPL4,3.69E-154,1.516917693,0.05,0.01,1.03E-149,,,
CNTLN,3.94E-154,-1.63173087,0.208,0.314,1.10E-149,,,
ZNF44,6.61E-154,0.173410039,0.29,0.154,1.85E-149,,,
NCALD,6.69E-154,-2.688617424,0.073,0.178,1.87E-149,,,
AC123912.1,9.53E-154,0.741123672,0.114,0.043,2.67E-149,,,
AC009119.2,1.15E-153,1.181395224,0.055,0.012,3.22E-149,,,
WDR82,1.45E-153,0.379525922,0.179,0.082,4.06E-149,,,
AP3S2,2.02E-153,0.552519608,0.125,0.049,5.65E-149,,,
HIBADH,2.53E-153,0.149204727,0.475,0.282,7.09E-149,,,
ARHGEF28,2.70E-153,0.110549201,0.451,0.263,7.56E-149,,,
TMEM254,3.06E-153,0.617031584,0.118,0.045,8.56E-149,,,
LRFN4,3.15E-153,1.275368229,0.05,0.011,8.83E-149,,,
ANXA7,3.22E-153,0.255224375,0.217,0.106,9.02E-149,,,
KIFAP3,3.88E-153,-1.711779966,0.172,0.281,1.09E-148,,,
WBP4,5.37E-153,0.234052932,0.226,0.112,1.51E-148,,,
AL049749.1,6.29E-153,4.763594798,0.017,0,1.76E-148,,,
CD109,6.80E-153,-3.084244018,0.023,0.115,1.91E-148,,,
EPHB1,8.32E-153,0.42790136,0.126,0.049,2.33E-148,,,
PLIN2,1.15E-152,0.172036685,0.243,0.123,3.23E-148,,,
AL157911.1,1.18E-152,0.85813454,0.086,0.027,3.29E-148,,,
PPFIA2-AS1,1.92E-152,1.751072749,0.034,0.005,5.39E-148,,,
OPTN,2.20E-152,0.156566508,0.348,0.194,6.17E-148,,,
AC027018.1,2.86E-152,0.126901118,0.298,0.159,8.00E-148,,,
HBP1,3.44E-152,0.125826564,0.335,0.185,9.63E-148,,,
AL157832.3,3.44E-152,0.760973308,0.09,0.03,9.65E-148,,,
PXN,3.47E-152,-2.696774025,0.045,0.144,9.72E-148,,,
FLAD1,3.54E-152,0.683985961,0.097,0.033,9.91E-148,,,
LONP2,4.21E-152,0.152611287,0.553,0.339,1.18E-147,,,
NME9,4.45E-152,0.150790963,0.218,0.106,1.25E-147,,,
MAN1C1,4.72E-152,-2.131327309,0.095,0.204,1.32E-147,,,
STARD9,6.02E-152,-2.214979084,0.095,0.203,1.69E-147,,,
BCAS3,6.60E-152,0.149764505,0.691,0.447,1.85E-147,,,
MRPS27,6.77E-152,0.16015227,0.271,0.142,1.90E-147,,,
ADAMTS17,1.20E-151,-2.526922338,0.059,0.161,3.37E-147,,,
TIAM1,1.47E-151,-2.743690922,0.042,0.14,4.13E-147,,,
OBSCN,1.71E-151,-2.80874737,0.039,0.136,4.80E-147,,,
MAN2C1,1.81E-151,0.220668808,0.206,0.099,5.08E-147,,,
GNS,2.11E-151,0.130020034,0.258,0.133,5.92E-147,,,
CIRBP,2.14E-151,0.132794669,0.519,0.312,6.00E-147,,,
LINC00899,2.43E-151,0.712211453,0.113,0.043,6.81E-147,,,
TAOK1,2.51E-151,0.146423404,0.491,0.295,7.04E-147,,,
RBM15,3.59E-151,0.704976086,0.098,0.034,1.01E-146,,,
CHRDL1,3.64E-151,0.178771841,0.308,0.167,1.02E-146,,,
AC062015.1,3.86E-151,5.530954672,0.015,0,1.08E-146,,,
SMYD4,6.74E-151,0.428807024,0.163,0.072,1.89E-146,,,
SPATS2L,7.84E-151,-1.313037296,0.395,0.449,2.20E-146,,,
MMP28,7.93E-151,0.277855524,0.227,0.114,2.22E-146,,,
PDE1A,8.81E-151,-2.002780374,0.151,0.261,2.47E-146,,,
NUTM2A-AS1,1.12E-150,0.156570249,0.322,0.177,3.15E-146,,,
GATAD1,1.85E-150,0.143619183,0.331,0.182,5.20E-146,,,
RNF217,2.61E-150,0.283662186,0.455,0.277,7.30E-146,,,
MECR,2.74E-150,0.416270714,0.144,0.061,7.69E-146,,,
RMND5B,2.90E-150,0.308325596,0.192,0.091,8.12E-146,,,
A2ML1-AS1,3.04E-150,0.202566657,0.208,0.1,8.52E-146,,,
AC090227.1,4.05E-150,1.435216957,0.048,0.01,1.14E-145,,,
AP002026.1,4.26E-150,0.204910452,0.246,0.125,1.20E-145,,,
AC121247.1,6.32E-150,2.38593366,0.026,0.002,1.77E-145,,,
AL162426.1,7.21E-150,1.289974632,0.048,0.01,2.02E-145,,,
UQCC1,8.05E-150,0.152941879,0.306,0.166,2.26E-145,,,
IL15,8.19E-150,-3.008940116,0.028,0.12,2.29E-145,,,
C17orf53,8.50E-150,2.132106197,0.032,0.004,2.38E-145,,,
PGM5,8.95E-150,-2.925648132,0.044,0.142,2.51E-145,,,
AC026704.1,1.40E-149,0.289863128,0.177,0.081,3.92E-145,,,
02-Mar,1.63E-149,0.481943497,0.119,0.046,4.56E-145,,,
AKAP8L,1.68E-149,0.177941149,0.242,0.123,4.71E-145,,,
SUOX,2.81E-149,0.877589742,0.084,0.027,7.89E-145,,,
NMRK1,2.90E-149,0.265886054,0.218,0.108,8.13E-145,,,
PTPRC,3.60E-149,-2.902228743,0.085,0.188,1.01E-144,,,
C2orf15,4.15E-149,1.538823585,0.039,0.007,1.16E-144,,,
LINC01359,4.23E-149,0.203605026,0.235,0.119,1.19E-144,,,
IWS1,5.05E-149,0.195165151,0.323,0.179,1.41E-144,,,
PLBD1-AS1,5.70E-149,0.915172156,0.073,0.021,1.60E-144,,,
AP003031.2,6.27E-149,3.716169896,0.02,0.001,1.76E-144,,,
TIMP3,6.49E-149,0.408163634,0.677,0.475,1.82E-144,,,
STON2,7.26E-149,-3.723908058,0.021,0.109,2.03E-144,,,
SRGAP2C,9.02E-149,-2.961544841,0.028,0.12,2.53E-144,,,
UCHL1,1.02E-148,1.29219828,0.06,0.015,2.87E-144,,,
PDLIM3,1.10E-148,-3.098389053,0.017,0.102,3.08E-144,,,
CD9,1.31E-148,-2.170552742,0.074,0.179,3.67E-144,,,
AC018643.1,1.35E-148,1.458362754,0.044,0.009,3.79E-144,,,
ZNF189,2.20E-148,0.927559099,0.142,0.061,6.16E-144,,,
FAIM,3.15E-148,0.79465114,0.083,0.027,8.81E-144,,,
ZFP36L2,3.48E-148,-1.440538507,0.239,0.344,9.75E-144,,,
EPHX1,3.69E-148,0.180866482,0.296,0.16,1.03E-143,,,
SYK,4.23E-148,-3.752426726,0.025,0.113,1.18E-143,,,
SEC14L1,4.75E-148,-2.299741599,0.095,0.201,1.33E-143,,,
ACADM,4.82E-148,0.177747568,0.341,0.191,1.35E-143,,,
TBX3,4.86E-148,0.363528626,0.084,0.027,1.36E-143,,,
AL365259.1,5.05E-148,1.724198556,0.033,0.005,1.42E-143,,,
LINC01392,5.46E-148,1.843132721,0.036,0.006,1.53E-143,,,
AC017083.4,6.05E-148,0.792671831,0.087,0.028,1.69E-143,,,
COL19A1,6.61E-148,0.177592076,0.353,0.199,1.85E-143,,,
RNF215,6.69E-148,0.431299481,0.142,0.06,1.87E-143,,,
ITPK1-AS1,1.09E-147,1.373185025,0.046,0.009,3.06E-143,,,
AP000897.2,1.41E-147,1.117501801,0.047,0.01,3.95E-143,,,
UPK3B,1.41E-147,-2.424826425,0.051,0.15,3.95E-143,,,
TALDO1,1.44E-147,0.368843061,0.143,0.061,4.02E-143,,,
MIS12,1.85E-147,0.468805751,0.134,0.055,5.17E-143,,,
RFX8,2.12E-147,-3.835844228,0.01,0.09,5.95E-143,,,
NEK9,2.24E-147,0.136723654,0.268,0.141,6.27E-143,,,
ACSM6,2.34E-147,1.075779024,0.073,0.021,6.57E-143,,,
AC006355.2,2.59E-147,0.386428125,0.138,0.057,7.25E-143,,,
COL8A1,3.50E-147,-1.86095417,0.461,0.472,9.81E-143,,,
GPR173,3.77E-147,-3.67653408,0.011,0.092,1.06E-142,,,
MERTK,4.13E-147,-3.518427236,0.033,0.124,1.16E-142,,,
ZBED3,4.16E-147,0.714522024,0.103,0.038,1.17E-142,,,
DENND5B-AS1,4.29E-147,1.891869777,0.035,0.005,1.20E-142,,,
NSD1,4.83E-147,0.175927565,0.594,0.375,1.35E-142,,,
FGF13-AS1,6.33E-147,2.355559837,0.025,0.002,1.77E-142,,,
AC092954.2,6.52E-147,5.644494227,0.015,0,1.83E-142,,,
TUBG2,9.30E-147,0.552531267,0.11,0.041,2.61E-142,,,
FAAP20,1.11E-146,0.498508688,0.15,0.065,3.11E-142,,,
AL589740.1,1.22E-146,1.648239767,0.05,0.011,3.42E-142,,,
ATG7,1.38E-146,-1.488683836,0.386,0.438,3.87E-142,,,
GNA12,1.57E-146,0.141074362,0.248,0.127,4.39E-142,,,
ENOX2,2.00E-146,0.217257813,0.248,0.129,5.60E-142,,,
AL160313.1,2.26E-146,1.402671399,0.042,0.008,6.32E-142,,,
MADCAM1,3.28E-146,0.735821537,0.081,0.025,9.19E-142,,,
WASF3-AS1,3.42E-146,0.631440541,0.097,0.034,9.58E-142,,,
FGF8,4.85E-146,5.692607294,0.014,0,1.36E-141,,,
SHE,5.62E-146,-3.679863432,0.012,0.093,1.58E-141,,,
GALNT2,6.13E-146,0.182961556,0.288,0.156,1.72E-141,,,
FBXL12,7.01E-146,0.495817095,0.126,0.051,1.96E-141,,,
AC090772.1,7.29E-146,0.791244546,0.074,0.022,2.04E-141,,,
TWIST1,7.56E-146,1.221741784,0.048,0.01,2.12E-141,,,
JAZF1,9.31E-146,-1.454824236,0.297,0.381,2.61E-141,,,
RAI14,9.92E-146,-3.031223005,0.031,0.122,2.78E-141,,,
AL390783.1,1.09E-145,-5.02153621,0.006,0.082,3.04E-141,,,
HOXA5,1.48E-145,0.771496546,0.083,0.027,4.14E-141,,,
AL049869.3,1.52E-145,0.253670239,0.205,0.1,4.25E-141,,,
PLEKHA2,2.37E-145,-2.250812423,0.09,0.195,6.65E-141,,,
ESYT1,3.25E-145,0.339239759,0.163,0.074,9.11E-141,,,
C6orf10,3.39E-145,-4.375341007,0.009,0.088,9.51E-141,,,
NPR1,3.68E-145,0.459522268,0.103,0.037,1.03E-140,,,
ZER1,8.43E-145,0.212883687,0.244,0.126,2.36E-140,,,
MED21,9.68E-145,0.421393444,0.148,0.065,2.71E-140,,,
MED13L,1.21E-144,-0.632417428,0.756,0.697,3.40E-140,,,
TBC1D1,1.73E-144,-2.686921942,0.052,0.15,4.86E-140,,,
HLA-C,1.74E-144,-1.730222498,0.232,0.327,4.87E-140,,,
PISD,1.83E-144,0.255111872,0.23,0.117,5.12E-140,,,
NAT8L,2.37E-144,1.562689751,0.037,0.006,6.63E-140,,,
IQCG,2.47E-144,0.210380734,0.221,0.111,6.93E-140,,,
AL590822.1,3.10E-144,1.403113157,0.051,0.012,8.68E-140,,,
MKL2,3.12E-144,-0.168049099,0.379,0.213,8.73E-140,,,
ELOVL6,3.24E-144,0.421688841,0.145,0.063,9.08E-140,,,
EHMT1,3.44E-144,0.114302137,0.403,0.234,9.65E-140,,,
FYB1,4.34E-144,-3.353762238,0.038,0.13,1.22E-139,,,
AC079447.1,4.73E-144,0.223072994,0.195,0.094,1.33E-139,,,
SYCE2,4.99E-144,1.335733068,0.051,0.012,1.40E-139,,,
ZNF862,5.46E-144,0.141263395,0.308,0.169,1.53E-139,,,
TTTY10,5.53E-144,0.51298347,0.15,0.065,1.55E-139,,,
AC007114.1,8.72E-144,1.104899095,0.064,0.017,2.44E-139,,,
MMAB,1.03E-143,0.430843269,0.135,0.057,2.88E-139,,,
RNF41,1.67E-143,0.482610717,0.148,0.065,4.68E-139,,,
NT5DC1,1.76E-143,0.101493756,0.325,0.181,4.94E-139,,,
MGAM2,2.02E-143,2.982893783,0.024,0.002,5.65E-139,,,
ALG8,2.06E-143,0.223429729,0.194,0.093,5.77E-139,,,
AC109458.2,2.60E-143,5.686739531,0.014,0,7.28E-139,,,
ACTBL2,2.61E-143,5.929122717,0.014,0,7.31E-139,,,
COMMD2,2.98E-143,0.22182796,0.194,0.093,8.35E-139,,,
AC012464.1,3.58E-143,0.959121592,0.069,0.02,1.00E-138,,,
KLHL25,3.73E-143,1.273323688,0.047,0.01,1.05E-138,,,
AL162377.1,5.25E-143,1.304223349,0.048,0.011,1.47E-138,,,
AC008629.1,6.35E-143,0.751835096,0.105,0.039,1.78E-138,,,
AL731566.1,7.02E-143,1.380252523,0.047,0.01,1.97E-138,,,
TPM4,7.30E-143,-2.552593691,0.044,0.138,2.05E-138,,,
VDAC3,7.99E-143,0.138832162,0.251,0.131,2.24E-138,,,
RPAIN,8.34E-143,0.277710924,0.205,0.101,2.34E-138,,,
EIF4ENIF1,9.41E-143,0.299630063,0.207,0.103,2.64E-138,,,
CWC25,1.00E-142,0.254043362,0.207,0.102,2.81E-138,,,
AL138831.1,1.31E-142,1.892102433,0.032,0.004,3.66E-138,,,
DSE,1.40E-142,-1.496153073,0.277,0.362,3.92E-138,,,
GRAMD1C,1.51E-142,-3.395783228,0.013,0.093,4.23E-138,,,
AC087071.2,1.72E-142,0.422278749,0.149,0.065,4.83E-138,,,
ITGB5-AS1,1.83E-142,0.489229505,0.123,0.049,5.12E-138,,,
AL355001.1,3.52E-142,0.755891562,0.081,0.026,9.86E-138,,,
LARP6,3.63E-142,0.624519474,0.091,0.031,1.02E-137,,,
ATXN3,3.68E-142,0.141612498,0.511,0.312,1.03E-137,,,
WDR60,7.11E-142,0.108830614,0.445,0.264,1.99E-137,,,
AC090531.1,7.21E-142,-5.460899678,0.005,0.078,2.02E-137,,,
ZNF146,7.57E-142,0.193359372,0.252,0.132,2.12E-137,,,
RCOR1,8.38E-142,0.237189464,0.28,0.152,2.35E-137,,,
MAST3,9.61E-142,0.765162274,0.089,0.03,2.69E-137,,,
TMEM116,1.12E-141,0.508201057,0.124,0.051,3.14E-137,,,
C1orf122,1.14E-141,0.669829421,0.098,0.035,3.18E-137,,,
LINC00882,1.43E-141,0.391685284,0.14,0.06,4.01E-137,,,
RAD54L2,1.46E-141,0.205622997,0.231,0.118,4.08E-137,,,
VGLL3,2.08E-141,-2.034272667,0.095,0.2,5.83E-137,,,
SRA1,3.45E-141,0.31802405,0.163,0.074,9.66E-137,,,
ERC2,4.87E-141,-3.229405906,0.023,0.107,1.37E-136,,,
SLC2A1-AS1,4.98E-141,2.524313124,0.023,0.002,1.40E-136,,,
ABCA9-AS1,5.80E-141,-0.908818899,0.366,0.199,1.63E-136,,,
TET3,1.25E-140,-2.627128619,0.048,0.142,3.49E-136,,,
AC095032.2,1.26E-140,4.301605898,0.016,0,3.53E-136,,,
FAM204A,1.28E-140,0.141316493,0.299,0.164,3.60E-136,,,
PTPRT,1.57E-140,-3.366373196,0.036,0.125,4.40E-136,,,
TAF5L,1.59E-140,0.495987966,0.105,0.039,4.46E-136,,,
TBC1D5,2.49E-140,-0.722054917,0.731,0.661,6.97E-136,,,
HSD17B6,3.30E-140,-2.861508539,0.026,0.112,9.24E-136,,,
PDPN,5.00E-140,-3.12389337,0.019,0.101,1.40E-135,,,
TMEM143,8.41E-140,0.815836137,0.08,0.026,2.36E-135,,,
SEMA3G,8.42E-140,0.503526264,0.063,0.017,2.36E-135,,,
GLI4,8.70E-140,0.796602857,0.077,0.024,2.44E-135,,,
PRR5L,1.14E-139,0.391930728,0.135,0.057,3.21E-135,,,
DDX60L,1.29E-139,-2.590356748,0.048,0.142,3.61E-135,,,
GAS1,1.33E-139,-2.055680891,0.082,0.184,3.72E-135,,,
SH3BGRL,1.79E-139,-1.785657581,0.161,0.264,5.00E-135,,,
PECAM1,1.98E-139,-3.035221166,0.05,0.144,5.54E-135,,,
ATG10,2.20E-139,0.136749855,0.376,0.218,6.16E-135,,,
SH3RF3,2.26E-139,-2.033344372,0.124,0.228,6.34E-135,,,
PRMT7,3.43E-139,0.271669741,0.183,0.088,9.62E-135,,,
RBBP5,5.59E-139,0.4320365,0.133,0.056,1.57E-134,,,
SMARCA2,5.86E-139,0.156423998,0.582,0.371,1.64E-134,,,
PWRN1,6.22E-139,1.501444509,0.037,0.006,1.74E-134,,,
RMDN2-AS1,8.38E-139,0.563560069,0.117,0.047,2.35E-134,,,
MPC1,9.00E-139,0.358354973,0.177,0.084,2.52E-134,,,
AC016727.1,9.34E-139,0.706616492,0.088,0.03,2.62E-134,,,
ZBED5-AS1,1.05E-138,0.601737114,0.113,0.044,2.93E-134,,,
SCML1,1.43E-138,0.337236468,0.205,0.103,4.00E-134,,,
ARHGEF26-AS1,1.51E-138,1.230372723,0.048,0.011,4.24E-134,,,
HOXA-AS2,1.53E-138,0.471564559,0.141,0.061,4.28E-134,,,
CDC42EP4,2.05E-138,0.563273518,0.12,0.048,5.75E-134,,,
MLLT10,2.76E-138,0.193776065,0.631,0.408,7.74E-134,,,
SEM1,3.62E-138,0.122517697,0.342,0.195,1.01E-133,,,
EFNB2,3.73E-138,-3.770017148,0.013,0.091,1.05E-133,,,
SEMA4D,3.75E-138,-2.907638298,0.028,0.115,1.05E-133,,,
SLC39A14,3.88E-138,0.958758302,0.087,0.03,1.09E-133,,,
SLC25A20,4.30E-138,0.359021171,0.118,0.047,1.21E-133,,,
MAL2,4.69E-138,0.46181223,0.138,0.059,1.31E-133,,,
MOGS,4.75E-138,0.317762312,0.175,0.083,1.33E-133,,,
CDADC1,4.86E-138,0.981785827,0.158,0.073,1.36E-133,,,
HLA-E,4.99E-138,-1.83116674,0.142,0.247,1.40E-133,,,
SURF4,5.24E-138,0.188004305,0.211,0.106,1.47E-133,,,
PKHD1,5.96E-138,2.091619812,0.033,0.005,1.67E-133,,,
USP16,6.92E-138,0.139899073,0.295,0.162,1.94E-133,,,
AL133346.1,1.00E-137,-3.521512032,0.019,0.1,2.81E-133,,,
LINC00710,1.02E-137,0.16983206,0.305,0.169,2.87E-133,,,
DNAH1,1.48E-137,0.680526514,0.092,0.033,4.14E-133,,,
LINC02431,1.65E-137,9.310587781,0.013,0,4.61E-133,,,
WDR43,1.73E-137,0.179526672,0.294,0.163,4.86E-133,,,
PPP3R1,1.75E-137,0.859662355,0.074,0.023,4.89E-133,,,
AL050403.2,3.35E-137,0.222441138,0.192,0.093,9.40E-133,,,
NKAPL,3.83E-137,1.209195049,0.05,0.012,1.07E-132,,,
AC055758.2,5.10E-137,4.238849551,0.016,0.001,1.43E-132,,,
CITED2,5.53E-137,0.620746706,0.104,0.04,1.55E-132,,,
DOCK10,5.70E-137,-3.093063979,0.047,0.138,1.60E-132,,,
SYT9,6.46E-137,1.22048824,0.062,0.017,1.81E-132,,,
ZNF295-AS1,9.84E-137,2.057833513,0.027,0.003,2.76E-132,,,
TH2LCRR,1.07E-136,0.256699784,0.2,0.099,2.99E-132,,,
LINC00484,1.95E-136,0.739749029,0.084,0.028,5.46E-132,,,
WWC1,2.96E-136,-2.758028987,0.049,0.141,8.29E-132,,,
AC241644.2,3.79E-136,5.013245294,0.015,0,1.06E-131,,,
LINC02512,4.17E-136,4.112506955,0.015,0,1.17E-131,,,
CMPK1,4.41E-136,0.118889621,0.211,0.106,1.24E-131,,,
GRAMD2B,4.47E-136,-2.369595318,0.064,0.16,1.25E-131,,,
RRN3,4.53E-136,0.473726089,0.121,0.049,1.27E-131,,,
AF127577.1,6.47E-136,2.123020749,0.028,0.003,1.81E-131,,,
HAND2,7.25E-136,-3.431356629,0.014,0.092,2.03E-131,,,
CPSF7,8.55E-136,0.146604568,0.234,0.121,2.40E-131,,,
AC025244.1,1.06E-135,2.792605256,0.021,0.001,2.96E-131,,,
EML1,1.16E-135,-2.38302813,0.06,0.156,3.24E-131,,,
GADD45B,1.19E-135,0.973210373,0.074,0.024,3.35E-131,,,
RBM26-AS1,1.63E-135,0.899028383,0.067,0.02,4.56E-131,,,
AC105277.1,2.06E-135,1.801134807,0.034,0.005,5.77E-131,,,
INPP5D,2.61E-135,-3.439810107,0.027,0.111,7.31E-131,,,
C1orf21,2.73E-135,-2.10409055,0.136,0.237,7.65E-131,,,
RPA3,2.75E-135,0.111974938,0.281,0.154,7.71E-131,,,
LINC01482,2.93E-135,-3.700214591,0.016,0.094,8.21E-131,,,
ATP5S,2.98E-135,0.393690573,0.149,0.067,8.35E-131,,,
AL357093.2,3.68E-135,0.644941473,0.077,0.025,1.03E-130,,,
RHBDD1,3.73E-135,0.118756428,0.284,0.155,1.05E-130,,,
UBN1,5.32E-135,0.298544034,0.237,0.125,1.49E-130,,,
VIT,5.77E-135,0.49247183,0.102,0.039,1.62E-130,,,
AC013644.1,6.73E-135,6.084323002,0.013,0,1.89E-130,,,
CNTD2,6.80E-135,2.984046422,0.021,0.002,1.90E-130,,,
SRP14-AS1,7.92E-135,0.550885203,0.114,0.045,2.22E-130,,,
SPTBN4,1.31E-134,0.421228095,0.133,0.057,3.67E-130,,,
SLC10A1,1.51E-134,0.463602927,0.121,0.05,4.24E-130,,,
NLGN4Y,1.55E-134,-3.758642378,0.015,0.092,4.34E-130,,,
AL138760.1,1.63E-134,0.464200109,0.122,0.05,4.58E-130,,,
TLL1,1.74E-134,-4.374034215,0.017,0.095,4.87E-130,,,
AC010737.1,1.76E-134,1.825116839,0.033,0.005,4.94E-130,,,
AP000844.2,1.82E-134,1.865032471,0.033,0.005,5.11E-130,,,
DTWD2,2.61E-134,0.323008796,0.158,0.073,7.32E-130,,,
KLHDC10,3.60E-134,0.136370435,0.405,0.242,1.01E-129,,,
STOM,4.39E-134,0.657277584,0.277,0.159,1.23E-129,,,
CLCA4,4.86E-134,3.744452681,0.017,0.001,1.36E-129,,,
GTPBP2,5.04E-134,0.257583247,0.174,0.083,1.41E-129,,,
ITFG2-AS1,5.25E-134,0.376275457,0.152,0.069,1.47E-129,,,
AC007216.4,6.55E-134,0.135776314,0.291,0.161,1.83E-129,,,
SH3BP4,7.33E-134,-2.859685742,0.027,0.11,2.06E-129,,,
EBF3,8.17E-134,-0.351732697,0.199,0.095,2.29E-129,,,
NRBP2,1.03E-133,0.261123217,0.188,0.092,2.89E-129,,,
AC076966.1,1.09E-133,2.528006739,0.024,0.003,3.06E-129,,,
AC092264.1,1.13E-133,1.626459732,0.037,0.007,3.17E-129,,,
NECAB3,1.29E-133,0.853274395,0.072,0.022,3.60E-129,,,
AC019131.1,1.44E-133,1.777091589,0.036,0.006,4.04E-129,,,
PHLPP2,1.46E-133,-1.961284747,0.12,0.22,4.09E-129,,,
NMNAT3,1.56E-133,0.239453946,0.206,0.104,4.37E-129,,,
RAB31,1.84E-133,-2.242952847,0.076,0.174,5.15E-129,,,
ARHGAP22,2.42E-133,-3.606853485,0.018,0.097,6.79E-129,,,
ANKRD33B,2.70E-133,-2.184675877,0.059,0.155,7.55E-129,,,
REXO5,2.81E-133,1.087220132,0.062,0.017,7.89E-129,,,
ZNF337-AS1,2.95E-133,0.422822458,0.126,0.053,8.28E-129,,,
NUP155,2.96E-133,0.284982936,0.169,0.08,8.28E-129,,,
FAM198B,4.11E-133,0.223558041,0.139,0.061,1.15E-128,,,
METTL24,4.27E-133,-4.011280704,0.01,0.084,1.20E-128,,,
CDK5RAP1,6.97E-133,0.257447338,0.153,0.07,1.95E-128,,,
AC026347.1,8.70E-133,0.30275082,0.127,0.053,2.44E-128,,,
IMPAD1,1.21E-132,0.248677957,0.161,0.075,3.40E-128,,,
F13A1,1.92E-132,-3.649119953,0.056,0.147,5.38E-128,,,
AC025682.1,2.56E-132,0.172674075,0.23,0.119,7.19E-128,,,
GLYR1,2.57E-132,0.111166821,0.263,0.142,7.19E-128,,,
IKZF1,2.92E-132,-3.729831437,0.023,0.103,8.17E-128,,,
SLIT3,3.28E-132,-1.042183407,0.671,0.597,9.18E-128,,,
SETD9,3.79E-132,0.625206364,0.079,0.026,1.06E-127,,,
DCAKD,3.81E-132,0.191925025,0.192,0.095,1.07E-127,,,
AL357568.1,5.00E-132,1.171686409,0.044,0.009,1.40E-127,,,
ETS1,8.26E-132,-3.156628275,0.035,0.12,2.31E-127,,,
MRC1,1.07E-131,-2.752288038,0.106,0.202,3.00E-127,,,
TEF,1.21E-131,0.34488439,0.163,0.076,3.39E-127,,,
GNA14-AS1,1.25E-131,0.266315388,0.165,0.078,3.50E-127,,,
GABARAPL1,1.54E-131,0.442234534,0.18,0.088,4.30E-127,,,
AC091271.1,1.55E-131,1.053032609,0.056,0.015,4.33E-127,,,
UHMK1,1.92E-131,0.198651956,0.193,0.096,5.37E-127,,,
MAP3K1,2.02E-131,-1.808878038,0.164,0.262,5.65E-127,,,
WDR88,2.11E-131,0.850059874,0.076,0.025,5.92E-127,,,
BCAT1,3.53E-131,-3.303221842,0.029,0.113,9.89E-127,,,
AQP9,3.81E-131,-3.493145689,0.011,0.085,1.07E-126,,,
MSLN,5.41E-131,-2.247995497,0.072,0.168,1.52E-126,,,
ATP10A,5.93E-131,-2.98842177,0.033,0.118,1.66E-126,,,
RNF168,6.24E-131,0.162465575,0.241,0.128,1.75E-126,,,
GOLGA6L7P,7.53E-131,2.085362748,0.027,0.003,2.11E-126,,,
CCDC113,7.80E-131,1.698073429,0.03,0.004,2.18E-126,,,
MTERF1,1.06E-130,0.129748882,0.276,0.151,2.98E-126,,,
MAPRE2,1.77E-130,-2.310031847,0.053,0.145,4.96E-126,,,
SIDT2,1.85E-130,0.235752904,0.171,0.082,5.18E-126,,,
IDNK,2.15E-130,0.448415001,0.137,0.06,6.02E-126,,,
VLDLR-AS1,2.47E-130,0.247071523,0.405,0.249,6.92E-126,,,
SGK1,2.47E-130,-3.081193796,0.027,0.108,6.93E-126,,,
SCARA3,2.97E-130,-3.234990244,0.016,0.093,8.32E-126,,,
ZNF490,3.09E-130,0.118790183,0.219,0.112,8.67E-126,,,
AOAH,3.79E-130,-3.394226299,0.033,0.118,1.06E-125,,,
PRICKLE2-AS2,4.14E-130,2.484476925,0.022,0.002,1.16E-125,,,
LENG9,4.46E-130,0.722272517,0.09,0.032,1.25E-125,,,
CHD7,5.89E-130,0.137009729,0.17,0.081,1.65E-125,,,
AC099542.1,6.90E-130,2.92254562,0.02,0.001,1.93E-125,,,
AC106881.1,7.26E-130,1.384383781,0.035,0.006,2.03E-125,,,
AC073342.1,9.32E-130,0.27031097,0.142,0.063,2.61E-125,,,
ID3,1.28E-129,-2.562954202,0.044,0.132,3.59E-125,,,
NME3,1.58E-129,0.103145961,0.264,0.143,4.44E-125,,,
FBXL18,1.80E-129,0.462956321,0.123,0.052,5.06E-125,,,
RASSF7,2.26E-129,-3.397121786,0.012,0.086,6.32E-125,,,
LINC01876,2.41E-129,-3.623797525,0.024,0.103,6.74E-125,,,
ABHD17C,3.55E-129,0.959623676,0.059,0.016,9.96E-125,,,
GSS,4.03E-129,0.663988298,0.1,0.038,1.13E-124,,,
SLC44A1,4.17E-129,-1.819880307,0.128,0.228,1.17E-124,,,
AF165147.1,4.92E-129,0.61860797,0.083,0.029,1.38E-124,,,
AL671511.2,5.09E-129,-3.577929944,0.014,0.088,1.43E-124,,,
AC068481.1,5.24E-129,1.591410645,0.033,0.005,1.47E-124,,,
NUPR1,5.43E-129,0.206011746,0.174,0.084,1.52E-124,,,
LINC00311,6.60E-129,2.451988493,0.023,0.002,1.85E-124,,,
SREBF2,7.54E-129,0.114339393,0.265,0.145,2.11E-124,,,
ITGA3,9.51E-129,-3.55059305,0.014,0.088,2.66E-124,,,
MYOZ2,1.28E-128,1.6860435,0.033,0.006,3.59E-124,,,
TMEM178A,1.33E-128,1.492153644,0.039,0.008,3.73E-124,,,
WDR86,1.49E-128,0.279938776,0.114,0.046,4.18E-124,,,
AL161757.5,1.54E-128,1.556637168,0.04,0.008,4.32E-124,,,
ZBTB4,1.66E-128,0.138612163,0.242,0.129,4.66E-124,,,
AC104170.1,2.20E-128,1.320411895,0.043,0.009,6.17E-124,,,
L3MBTL4,2.20E-128,-1.555951555,0.211,0.305,6.18E-124,,,
NCOA3,2.39E-128,-1.571816592,0.222,0.312,6.69E-124,,,
SPDYE2,2.44E-128,0.40264057,0.134,0.059,6.85E-124,,,
RIC1,3.26E-128,0.153458804,0.563,0.358,9.13E-124,,,
ACTG1,4.11E-128,-1.806125424,0.165,0.263,1.15E-123,,,
AC125618.1,4.38E-128,2.38831033,0.025,0.003,1.23E-123,,,
TMEM230,5.54E-128,0.196362727,0.214,0.111,1.55E-123,,,
LANCL1-AS1,7.43E-128,0.185968021,0.195,0.097,2.08E-123,,,
SQSTM1,8.01E-128,0.109010934,0.482,0.301,2.24E-123,,,
GABRB2,8.38E-128,-3.505613543,0.015,0.09,2.35E-123,,,
COL18A1,8.84E-128,-1.984189778,0.101,0.199,2.48E-123,,,
TSHZ3,9.72E-128,-2.73720619,0.034,0.118,2.72E-123,,,
REEP1,1.15E-127,-2.99749,0.024,0.103,3.22E-123,,,
AC005520.2,1.19E-127,0.844993243,0.068,0.021,3.34E-123,,,
S100A6,1.45E-127,-1.362362174,0.385,0.441,4.06E-123,,,
QRICH1,1.96E-127,0.166607035,0.245,0.132,5.49E-123,,,
TRIM22,2.34E-127,-2.106085122,0.063,0.157,6.56E-123,,,
AC097103.2,3.03E-127,0.16375568,0.251,0.136,8.50E-123,,,
ABCA10,3.21E-127,-1.355472825,0.448,0.248,9.01E-123,,,
DNAJC19,4.90E-127,0.236372522,0.167,0.08,1.37E-122,,,
GSTM2,5.12E-127,0.185151006,0.23,0.121,1.44E-122,,,
TPTE2,5.13E-127,1.598593705,0.037,0.007,1.44E-122,,,
SCN2A,7.00E-127,0.886525025,0.096,0.037,1.96E-122,,,
PFDN2,8.07E-127,0.443375723,0.122,0.052,2.26E-122,,,
AC022558.2,8.78E-127,0.2860936,0.177,0.086,2.46E-122,,,
TYW1B,9.02E-127,0.124798845,0.221,0.115,2.53E-122,,,
FAM234A,9.11E-127,0.317130416,0.149,0.068,2.55E-122,,,
MLANA,1.35E-126,0.887694086,0.068,0.021,3.80E-122,,,
DLG5,1.68E-126,0.176381644,0.241,0.129,4.70E-122,,,
ALDH1A3,1.75E-126,-3.478387314,0.017,0.092,4.91E-122,,,
WDR64,2.38E-126,1.770498087,0.034,0.006,6.66E-122,,,
NELL1,2.53E-126,-3.856845618,0.018,0.093,7.09E-122,,,
ARNT2,2.78E-126,-2.717700996,0.032,0.115,7.78E-122,,,
PHLPP1,2.86E-126,0.26429928,0.353,0.212,8.01E-122,,,
TCF7,2.87E-126,0.206774207,0.154,0.071,8.05E-122,,,
AP001527.2,3.22E-126,2.023857967,0.029,0.004,9.01E-122,,,
TPM2,4.42E-126,-1.913376917,0.092,0.189,1.24E-121,,,
ACACA,5.00E-126,0.1665173,0.387,0.232,1.40E-121,,,
AC026746.1,5.00E-126,2.498177877,0.021,0.002,1.40E-121,,,
FHOD1,8.43E-126,0.565383371,0.094,0.036,2.36E-121,,,
RAB40C,9.23E-126,0.4938941,0.112,0.046,2.59E-121,,,
MTRNR2L1,1.11E-125,-2.570165003,0.087,0.181,3.11E-121,,,
C2orf76,1.16E-125,0.343482712,0.133,0.058,3.25E-121,,,
MAP2K6,1.36E-125,0.177735397,0.175,0.085,3.81E-121,,,
TTN,1.53E-125,-0.407578101,0.395,0.228,4.28E-121,,,
GTF2IRD2B,2.45E-125,0.344528487,0.13,0.056,6.85E-121,,,
NFIX,2.53E-125,0.108025534,0.298,0.169,7.08E-121,,,
TPST2,2.59E-125,0.265034131,0.137,0.061,7.26E-121,,,
MKNK2,3.67E-125,0.489477706,0.131,0.058,1.03E-120,,,
ID1,4.56E-125,-2.409693353,0.065,0.156,1.28E-120,,,
AL358334.1,5.13E-125,1.870288767,0.03,0.004,1.44E-120,,,
ZNF580,5.39E-125,0.710355333,0.084,0.03,1.51E-120,,,
NCK1-AS1,5.85E-125,0.429532292,0.123,0.053,1.64E-120,,,
SGPP2,6.40E-125,-4.011838481,0.011,0.081,1.79E-120,,,
AC092329.4,7.55E-125,1.04979814,0.056,0.015,2.12E-120,,,
C2orf83,7.91E-125,3.645140697,0.018,0.001,2.22E-120,,,
MT1X,8.13E-125,0.728842431,0.08,0.028,2.28E-120,,,
SPON1-AS1,8.70E-125,0.751750018,0.08,0.028,2.44E-120,,,
RBP2,9.81E-125,0.990469116,0.062,0.018,2.75E-120,,,
PDGFRA,1.34E-124,-3.066659337,0.028,0.107,3.76E-120,,,
PTK7,1.56E-124,-3.186900613,0.016,0.09,4.36E-120,,,
ERRFI1,1.56E-124,0.142519197,0.197,0.1,4.37E-120,,,
MRS2,1.95E-124,0.343399072,0.163,0.078,5.46E-120,,,
WBP2,2.28E-124,0.402093489,0.12,0.051,6.40E-120,,,
AL121694.1,2.99E-124,0.402609033,0.126,0.055,8.38E-120,,,
ZC3HC1,3.02E-124,0.297321888,0.139,0.063,8.45E-120,,,
AC091976.1,3.32E-124,1.507041302,0.041,0.009,9.30E-120,,,
LRIG2,3.96E-124,0.119742212,0.263,0.145,1.11E-119,,,
FNIP1,4.19E-124,0.238427795,0.191,0.096,1.18E-119,,,
DUSP14,4.40E-124,1.070532222,0.054,0.014,1.23E-119,,,
VPS26A,4.45E-124,0.133785419,0.238,0.128,1.25E-119,,,
AL021707.1,4.65E-124,0.318914421,0.15,0.07,1.30E-119,,,
SLCO2B1,4.85E-124,-3.157847927,0.041,0.125,1.36E-119,,,
INTS6-AS1,6.07E-124,0.40673273,0.142,0.065,1.70E-119,,,
ZSWIM7,6.39E-124,0.172954519,0.254,0.139,1.79E-119,,,
ADRA2A,7.41E-124,1.220722855,0.037,0.007,2.08E-119,,,
AC069185.1,7.41E-124,1.658983697,0.033,0.006,2.08E-119,,,
S100A10,9.34E-124,-1.649809436,0.198,0.293,2.62E-119,,,
TNKS1BP1,9.59E-124,0.276231478,0.188,0.095,2.69E-119,,,
MEP1B,9.86E-124,1.616447214,0.032,0.005,2.76E-119,,,
UBXN8,9.93E-124,0.589891346,0.092,0.035,2.78E-119,,,
SPDYE1,1.13E-123,0.552731717,0.081,0.028,3.17E-119,,,
MYO1F,1.27E-123,-2.569689451,0.054,0.142,3.55E-119,,,
PRKD1,1.57E-123,-1.402400941,0.4,0.436,4.41E-119,,,
TUBD1,1.87E-123,0.427337857,0.116,0.049,5.23E-119,,,
C7orf73,3.08E-123,0.141718966,0.225,0.12,8.64E-119,,,
AL353801.3,3.76E-123,1.45178817,0.036,0.007,1.05E-118,,,
MROH8,4.34E-123,0.546868701,0.109,0.045,1.22E-118,,,
LAMB3,5.88E-123,2.52965325,0.022,0.002,1.65E-118,,,
PLPP7,6.16E-123,1.056360443,0.041,0.009,1.73E-118,,,
SMIM19,6.77E-123,0.102831081,0.235,0.126,1.90E-118,,,
MYO9A,1.37E-122,-0.976104867,0.487,0.502,3.84E-118,,,
ASCC1,1.64E-122,0.165818921,0.2,0.103,4.60E-118,,,
ALCAM,1.99E-122,-3.089398297,0.028,0.106,5.57E-118,,,
CCDC59,2.35E-122,0.302218337,0.138,0.063,6.58E-118,,,
GALNT10,2.60E-122,-2.051313793,0.093,0.187,7.29E-118,,,
CLU,2.64E-122,-1.749636699,0.185,0.277,7.40E-118,,,
NBPF19,4.33E-122,0.521625729,0.109,0.045,1.21E-117,,,
AP005264.1,5.60E-122,4.287973373,0.014,0,1.57E-117,,,
PRKCB,5.62E-122,-3.437034535,0.027,0.104,1.58E-117,,,
AL033397.2,6.72E-122,2.72782446,0.019,0.002,1.88E-117,,,
ZNF546,7.12E-122,0.161323177,0.186,0.093,2.00E-117,,,
AMMECR1L,7.19E-122,0.509605841,0.105,0.043,2.01E-117,,,
WAC-AS1,7.25E-122,0.211913142,0.183,0.092,2.03E-117,,,
AC091729.3,7.70E-122,1.285366559,0.039,0.008,2.16E-117,,,
FN1,9.82E-122,-2.057209776,0.178,0.27,2.75E-117,,,
LRRC1,1.02E-121,-2.567342935,0.044,0.128,2.86E-117,,,
AC008147.1,1.25E-121,1.071095947,0.049,0.012,3.50E-117,,,
KLHL29,1.38E-121,0.179816987,0.284,0.161,3.86E-117,,,
WDR63,1.50E-121,-3.337563835,0.02,0.094,4.19E-117,,,
ATP6V1H,1.77E-121,0.210483396,0.293,0.169,4.97E-117,,,
RPS6KA5,1.79E-121,-2.07065306,0.082,0.175,5.03E-117,,,
MAF,2.21E-121,-2.088176805,0.089,0.183,6.19E-117,,,
TIMM10B,2.56E-121,0.624585418,0.077,0.026,7.18E-117,,,
AC003681.1,2.97E-121,0.128411725,0.199,0.102,8.32E-117,,,
ESRRA,3.09E-121,0.730332237,0.086,0.032,8.66E-117,,,
AL139081.1,3.25E-121,3.218994981,0.016,0.001,9.12E-117,,,
AC112493.1,3.57E-121,1.988662546,0.025,0.003,1.00E-116,,,
AL359076.1,5.36E-121,0.309774742,0.126,0.055,1.50E-116,,,
JRK,5.63E-121,0.446388509,0.112,0.047,1.58E-116,,,
AC002398.2,6.47E-121,1.708212342,0.027,0.004,1.81E-116,,,
NFKBIZ,7.49E-121,-2.155279014,0.089,0.181,2.10E-116,,,
LOXHD1,7.64E-121,-4.364106952,0.01,0.077,2.14E-116,,,
KCTD21,8.37E-121,0.781956639,0.07,0.023,2.34E-116,,,
CMTM8,9.08E-121,0.239710487,0.15,0.071,2.54E-116,,,
FOPNL,9.86E-121,0.384813169,0.129,0.057,2.76E-116,,,
SLC25A1,1.30E-120,0.928851015,0.058,0.017,3.64E-116,,,
EFCAB3,1.32E-120,2.360624987,0.022,0.002,3.71E-116,,,
LYPD6B,1.33E-120,2.196541531,0.022,0.002,3.72E-116,,,
HIRA,1.49E-120,0.527121665,0.126,0.056,4.17E-116,,,
MS4A4E,1.71E-120,-3.879227758,0.021,0.094,4.81E-116,,,
LINC00893,1.94E-120,0.441703507,0.12,0.052,5.45E-116,,,
TIPIN,3.35E-120,0.394947241,0.131,0.058,9.38E-116,,,
DDX39B,3.64E-120,0.179424282,0.205,0.106,1.02E-115,,,
ERMP1,3.76E-120,0.161466493,0.251,0.138,1.05E-115,,,
NBDY,4.68E-120,-2.112937591,0.074,0.165,1.31E-115,,,
MYO5B,5.71E-120,-2.553921983,0.052,0.137,1.60E-115,,,
PRMT9,6.07E-120,0.107548013,0.221,0.117,1.70E-115,,,
AC091906.1,1.24E-119,-4.751264399,0.004,0.067,3.48E-115,,,
GATD1,1.37E-119,0.504645838,0.099,0.039,3.84E-115,,,
GDAP2,2.04E-119,0.152776359,0.204,0.106,5.73E-115,,,
SNRNP35,2.56E-119,0.323080572,0.157,0.075,7.18E-115,,,
GNL3,2.89E-119,0.113750626,0.257,0.142,8.10E-115,,,
NDRG2,2.97E-119,0.486096743,0.116,0.05,8.31E-115,,,
AC015849.3,2.98E-119,0.134615587,0.191,0.096,8.36E-115,,,
STK32B,3.22E-119,-3.086253489,0.029,0.106,9.02E-115,,,
FGF14,3.34E-119,-3.084868197,0.061,0.147,9.37E-115,,,
CDYL,4.00E-119,0.162432815,0.293,0.168,1.12E-114,,,
C14orf39,4.45E-119,3.052273622,0.017,0.001,1.25E-114,,,
LINC01125,4.67E-119,0.733459076,0.069,0.023,1.31E-114,,,
SELENOO,4.94E-119,0.116604227,0.208,0.108,1.39E-114,,,
AC008742.1,5.09E-119,1.604516556,0.028,0.004,1.43E-114,,,
NIT2,5.22E-119,0.311409094,0.148,0.07,1.46E-114,,,
AC005480.1,5.51E-119,0.105944031,0.208,0.108,1.54E-114,,,
LINC00869,5.62E-119,0.428995459,0.09,0.034,1.58E-114,,,
LXN,5.74E-119,-2.034149447,0.103,0.196,1.61E-114,,,
WSB1,5.89E-119,-0.643945741,0.741,0.664,1.65E-114,,,
AUTS2,8.01E-119,-0.998827991,0.668,0.614,2.25E-114,,,
FAM78B,8.57E-119,0.50513534,0.083,0.03,2.40E-114,,,
FAM217A,1.56E-118,0.370131237,0.123,0.054,4.38E-114,,,
TRIM8,1.61E-118,0.495605873,0.103,0.042,4.51E-114,,,
POLR2J3,2.05E-118,0.791331802,0.07,0.023,5.76E-114,,,
PREB,3.58E-118,0.894511559,0.059,0.018,1.00E-113,,,
FMN1,3.62E-118,-3.346175958,0.041,0.121,1.02E-113,,,
STK10,3.86E-118,-2.857598215,0.044,0.127,1.08E-113,,,
ZNF415,4.08E-118,0.916647942,0.055,0.016,1.14E-113,,,
SLC35G1,4.66E-118,0.640017474,0.08,0.029,1.31E-113,,,
COL6A3,5.19E-118,-2.659078841,0.097,0.185,1.46E-113,,,
FREM3,1.02E-117,1.455723664,0.033,0.006,2.85E-113,,,
AL512328.1,1.11E-117,2.513091681,0.021,0.002,3.10E-113,,,
AC105389.2,1.11E-117,3.088298374,0.016,0.001,3.12E-113,,,
GTF2IRD2,1.42E-117,0.481776276,0.113,0.048,3.98E-113,,,
TYR,1.52E-117,3.253132906,0.019,0.002,4.26E-113,,,
ZDHHC18,1.59E-117,0.514792891,0.084,0.031,4.46E-113,,,
AL158212.2,1.63E-117,0.700873524,0.071,0.024,4.56E-113,,,
AC108676.1,1.66E-117,2.584377142,0.019,0.002,4.64E-113,,,
AC007566.1,1.68E-117,0.267790563,0.166,0.082,4.71E-113,,,
AL158206.1,1.70E-117,1.115620183,0.04,0.009,4.77E-113,,,
SDHC,1.77E-117,0.26195707,0.173,0.086,4.97E-113,,,
PIK3R5,1.81E-117,-3.633666096,0.017,0.087,5.07E-113,,,
TMEM182,2.03E-117,0.620540403,0.092,0.036,5.68E-113,,,
CD274,2.07E-117,1.082297512,0.052,0.014,5.80E-113,,,
PNPLA8,3.21E-117,0.178252119,0.207,0.109,9.00E-113,,,
SEC22B,3.66E-117,0.414509329,0.121,0.053,1.03E-112,,,
PCYT1A,3.77E-117,0.321631372,0.123,0.054,1.06E-112,,,
CDCA7L,4.25E-117,-2.491536642,0.036,0.116,1.19E-112,,,
SERPING1,4.47E-117,-1.499254985,0.228,0.313,1.25E-112,,,
RAD51-AS1,4.86E-117,0.102661964,0.207,0.108,1.36E-112,,,
SAMHD1,5.24E-117,-2.22690539,0.098,0.189,1.47E-112,,,
ROBO4,5.53E-117,-3.394118936,0.014,0.083,1.55E-112,,,
LINC00536,8.90E-117,1.922155129,0.028,0.004,2.49E-112,,,
SNX19,1.08E-116,0.154461867,0.172,0.086,3.02E-112,,,
C5orf66,1.09E-116,0.114291457,0.19,0.097,3.04E-112,,,
ZCWPW1,1.10E-116,0.3841941,0.13,0.059,3.09E-112,,,
ZNF740,1.15E-116,0.457989962,0.098,0.039,3.23E-112,,,
BIN1,1.49E-116,0.384154247,0.097,0.039,4.18E-112,,,
MTTP,1.54E-116,2.243148541,0.022,0.003,4.31E-112,,,
AC138356.3,1.84E-116,2.897109698,0.019,0.002,5.16E-112,,,
AL359710.1,1.96E-116,0.622569073,0.087,0.033,5.49E-112,,,
GTF2H3,2.29E-116,0.326190217,0.134,0.061,6.41E-112,,,
GNA14,2.75E-116,0.142259191,0.195,0.101,7.71E-112,,,
NAT9,2.93E-116,0.345501236,0.128,0.057,8.22E-112,,,
MORC4,3.15E-116,0.119372785,0.259,0.145,8.82E-112,,,
SUN2,3.25E-116,0.199588288,0.166,0.082,9.10E-112,,,
TRIM5,3.39E-116,-1.818452259,0.118,0.211,9.51E-112,,,
GALNT15,3.48E-116,-2.853014731,0.03,0.106,9.76E-112,,,
NIPSNAP3A,6.09E-116,0.434124352,0.115,0.049,1.71E-111,,,
ACOX2,9.22E-116,0.36184644,0.099,0.04,2.58E-111,,,
AL390860.1,9.61E-116,0.934021493,0.045,0.011,2.69E-111,,,
RNF145,1.00E-115,-1.849745177,0.112,0.205,2.81E-111,,,
PCGF6,1.00E-115,0.299837335,0.129,0.058,2.81E-111,,,
MYH7B,1.02E-115,0.894056595,0.057,0.017,2.85E-111,,,
RHPN2,1.20E-115,-3.814022133,0.01,0.075,3.36E-111,,,
FKBP10,1.42E-115,-3.288045765,0.015,0.083,3.99E-111,,,
MIEF1,1.63E-115,0.787545451,0.074,0.026,4.57E-111,,,
RNF170,1.79E-115,0.100058555,0.23,0.125,5.03E-111,,,
EPHA4,2.50E-115,-2.624291779,0.056,0.14,7.02E-111,,,
CPNE5,3.20E-115,-3.746858877,0.011,0.076,8.96E-111,,,
C6orf58,3.48E-115,2.281936764,0.022,0.003,9.76E-111,,,
PAXIP1-AS1,3.75E-115,0.382518617,0.109,0.046,1.05E-110,,,
AL513550.1,3.76E-115,0.370751222,0.117,0.051,1.05E-110,,,
MANEA-AS1,3.94E-115,1.137660038,0.047,0.012,1.11E-110,,,
CAV3,4.82E-115,0.941950791,0.061,0.019,1.35E-110,,,
LIG4,5.54E-115,0.658845096,0.076,0.027,1.55E-110,,,
TMOD2,5.72E-115,-2.899661852,0.035,0.112,1.60E-110,,,
SMIM2-AS1,6.18E-115,1.757782673,0.027,0.004,1.73E-110,,,
KLHL30,7.15E-115,3.738797742,0.014,0,2.00E-110,,,
RFX2,8.95E-115,-1.973525716,0.108,0.199,2.51E-110,,,
AP003181.1,9.38E-115,2.306897894,0.027,0.004,2.63E-110,,,
SLC40A1,1.07E-114,-1.748862227,0.154,0.246,2.99E-110,,,
AC108472.1,1.11E-114,-5.44440924,0.002,0.06,3.10E-110,,,
RPLP1,1.28E-114,-1.343911298,0.354,0.415,3.58E-110,,,
PRKAG1,1.44E-114,0.19363735,0.175,0.088,4.04E-110,,,
FGF1,1.47E-114,0.124497876,0.314,0.186,4.11E-110,,,
ZHX1,1.63E-114,0.388679033,0.102,0.042,4.57E-110,,,
DHX57,1.98E-114,0.219732629,0.197,0.104,5.56E-110,,,
LINC00173,2.11E-114,-5.865356017,0.003,0.062,5.92E-110,,,
AC132192.2,2.21E-114,0.671468542,0.078,0.028,6.20E-110,,,
ASTN1,2.39E-114,-3.769825845,0.011,0.076,6.69E-110,,,
GHRL,2.72E-114,0.358735922,0.092,0.036,7.62E-110,,,
SEMA6D,3.32E-114,-2.000556455,0.099,0.189,9.30E-110,,,
FRMD8,3.58E-114,0.576357324,0.086,0.032,1.00E-109,,,
KMT5C,3.81E-114,0.620644992,0.1,0.041,1.07E-109,,,
AC103853.1,6.51E-114,-1.825228462,0.201,0.282,1.82E-109,,,
PNKP,9.78E-114,0.100042079,0.221,0.119,2.74E-109,,,
PTPN13,1.12E-113,-0.969781993,0.421,0.463,3.13E-109,,,
PRDM10,1.34E-113,0.166264389,0.173,0.087,3.76E-109,,,
ARHGAP15,1.49E-113,-2.642381112,0.091,0.179,4.18E-109,,,
KIF21A,2.08E-113,-0.255713744,0.418,0.246,5.82E-109,,,
AC024909.3,2.30E-113,2.245533525,0.019,0.002,6.45E-109,,,
FAM120C,2.44E-113,0.338979748,0.152,0.073,6.84E-109,,,
AC005921.2,3.19E-113,0.764048481,0.066,0.022,8.94E-109,,,
SLC7A2,3.42E-113,-2.629968143,0.041,0.12,9.59E-109,,,
SDHB,4.60E-113,0.142712592,0.177,0.09,1.29E-108,,,
ABHD14A-ACY1,6.89E-113,1.294192079,0.041,0.009,1.93E-108,,,
CTNNA3,8.01E-113,-2.170401224,0.147,0.235,2.24E-108,,,
SMIM14,8.11E-113,0.104673476,0.344,0.208,2.27E-108,,,
FAM20A,8.27E-113,-2.168914244,0.08,0.168,2.32E-108,,,
TOMM70,9.35E-113,0.133579158,0.199,0.105,2.62E-108,,,
CD74,1.05E-112,-1.680148057,0.247,0.324,2.93E-108,,,
PANK1,1.16E-112,1.005271691,0.043,0.011,3.24E-108,,,
SPRED2,1.56E-112,-1.9502257,0.105,0.195,4.37E-108,,,
TC2N,1.57E-112,-2.50348336,0.068,0.153,4.39E-108,,,
EFHB,2.15E-112,1.043875093,0.049,0.013,6.02E-108,,,
AL034417.2,2.21E-112,0.621667188,0.057,0.017,6.19E-108,,,
PREX1,2.61E-112,-3.283566377,0.019,0.088,7.32E-108,,,
AC079921.1,2.63E-112,1.124200187,0.037,0.008,7.36E-108,,,
KANK2,4.91E-112,0.161311418,0.196,0.103,1.38E-107,,,
PPP1R42,4.97E-112,1.346572736,0.053,0.015,1.39E-107,,,
COL24A1,5.08E-112,0.460855435,0.096,0.039,1.42E-107,,,
RIOX2,5.93E-112,0.269003771,0.125,0.056,1.66E-107,,,
ZNF385D,7.91E-112,-3.546034561,0.044,0.121,2.22E-107,,,
BCAP31,1.03E-111,0.125173729,0.171,0.087,2.89E-107,,,
AL022323.4,1.41E-111,-4.281896561,0.009,0.072,3.96E-107,,,
DRAM1,1.47E-111,-2.563644594,0.034,0.11,4.13E-107,,,
ATF7,1.60E-111,0.402207829,0.101,0.042,4.49E-107,,,
SLCO1C1,1.91E-111,1.3523167,0.03,0.005,5.35E-107,,,
ANTXR2,2.61E-111,0.19063832,0.423,0.268,7.32E-107,,,
AL117190.2,2.71E-111,-4.874939169,0.005,0.064,7.61E-107,,,
C5orf64,2.76E-111,1.213492799,0.037,0.008,7.72E-107,,,
VMP1,3.48E-111,0.135850958,0.437,0.275,9.75E-107,,,
MIRLET7DHG,3.49E-111,0.255828131,0.128,0.058,9.78E-107,,,
SPIDR,4.66E-111,-0.920286733,0.571,0.544,1.31E-106,,,
WDR61,5.17E-111,0.190338942,0.183,0.095,1.45E-106,,,
MS4A6A,5.49E-111,-2.458026463,0.087,0.172,1.54E-106,,,
GNAQ,6.33E-111,-1.041336544,0.49,0.5,1.77E-106,,,
MID2,7.24E-111,0.429740916,0.091,0.035,2.03E-106,,,
AL589843.1,1.18E-110,0.839213685,0.062,0.02,3.31E-106,,,
ILKAP,1.28E-110,0.106848293,0.237,0.132,3.59E-106,,,
AC142472.1,1.36E-110,0.843526986,0.063,0.02,3.82E-106,,,
ARSJ,1.46E-110,-4.169042435,0.007,0.067,4.10E-106,,,
ANKRD36C,2.04E-110,-1.954894,0.093,0.181,5.73E-106,,,
ALDH9A1,2.05E-110,0.365728619,0.113,0.05,5.74E-106,,,
PKN2-AS1,2.14E-110,0.532337269,0.087,0.034,5.99E-106,,,
ZNF737,2.23E-110,0.251314456,0.154,0.075,6.26E-106,,,
LINC00426,2.39E-110,0.892675351,0.035,0.007,6.69E-106,,,
SLC41A2,2.99E-110,-1.833393679,0.137,0.225,8.38E-106,,,
C1orf115,3.11E-110,1.224367184,0.044,0.011,8.71E-106,,,
KLF8,3.39E-110,0.156524206,0.187,0.097,9.51E-106,,,
METTL5,4.64E-110,0.245126778,0.137,0.065,1.30E-105,,,
SLC28A2,4.83E-110,0.947859638,0.057,0.017,1.35E-105,,,
GRTP1,5.35E-110,0.563844819,0.083,0.032,1.50E-105,,,
LANCL2,5.66E-110,0.118318381,0.2,0.106,1.59E-105,,,
RGS12,5.90E-110,0.114697375,0.214,0.116,1.65E-105,,,
CDK17,5.96E-110,-1.635995581,0.159,0.248,1.67E-105,,,
PTPRB,6.17E-110,-3.780228957,0.023,0.092,1.73E-105,,,
SC5D,7.77E-110,0.661174708,0.079,0.029,2.18E-105,,,
IL10RA,8.50E-110,-3.456342771,0.017,0.084,2.38E-105,,,
SORBS3,9.43E-110,-2.393731127,0.037,0.114,2.64E-105,,,
ADAM33,1.14E-109,-2.610515696,0.032,0.106,3.19E-105,,,
ATP6V1E2,1.30E-109,0.619578374,0.07,0.024,3.64E-105,,,
CCDC141,1.54E-109,-4.079964206,0.016,0.081,4.32E-105,,,
AC022146.2,1.57E-109,0.21893699,0.14,0.066,4.40E-105,,,
AC008906.2,1.61E-109,0.794386008,0.06,0.019,4.51E-105,,,
PSG8,2.21E-109,0.4613467,0.044,0.011,6.20E-105,,,
AARS,3.04E-109,0.356406954,0.122,0.055,8.51E-105,,,
FGD5,4.30E-109,-3.292961588,0.018,0.085,1.21E-104,,,
SFXN4,4.43E-109,0.299229322,0.156,0.077,1.24E-104,,,
AL627171.1,5.63E-109,1.249408361,0.042,0.01,1.58E-104,,,
ADCY2,5.79E-109,0.835389784,0.074,0.027,1.62E-104,,,
CACNA1C,1.01E-108,-2.351312689,0.125,0.21,2.84E-104,,,
FOXRED1,1.01E-108,0.179039225,0.157,0.077,2.84E-104,,,
FAM129A,1.15E-108,-3.235132395,0.023,0.092,3.23E-104,,,
AL356124.1,1.84E-108,-2.960684752,0.026,0.097,5.15E-104,,,
AL355388.2,1.89E-108,1.692700152,0.029,0.005,5.29E-104,,,
AC018511.2,2.29E-108,0.388743517,0.088,0.034,6.42E-104,,,
CMSS1,2.30E-108,0.473782068,0.427,0.267,6.45E-104,,,
SEC24D,2.75E-108,-1.911753921,0.098,0.186,7.70E-104,,,
MAP4K3,3.19E-108,0.182636848,0.52,0.343,8.95E-104,,,
CASC20,3.27E-108,-4.609874386,0.004,0.061,9.17E-104,,,
HSPA4L,3.49E-108,0.576966907,0.096,0.04,9.79E-104,,,
AC010615.4,3.50E-108,0.440304893,0.115,0.051,9.81E-104,,,
TRMO,3.75E-108,0.402832469,0.1,0.042,1.05E-103,,,
TNMD,3.79E-108,1.740876551,0.025,0.004,1.06E-103,,,
AL365275.1,4.34E-108,0.450209623,0.119,0.053,1.22E-103,,,
FCGRT,4.66E-108,-1.497608149,0.238,0.315,1.31E-103,,,
TMEM41B,5.03E-108,0.107876793,0.199,0.106,1.41E-103,,,
IGF2BP2,5.60E-108,-1.959289124,0.103,0.19,1.57E-103,,,
PPM1K,6.47E-108,0.197043235,0.141,0.067,1.81E-103,,,
RBM10,6.89E-108,0.277967707,0.138,0.065,1.93E-103,,,
ZC3HAV1,7.85E-108,-2.095664695,0.072,0.157,2.20E-103,,,
ELOA-AS1,8.89E-108,0.20744417,0.165,0.083,2.49E-103,,,
PWRN4,9.35E-108,5.541567722,0.011,0,2.62E-103,,,
TNFSF14,1.13E-107,-4.20107848,0.006,0.065,3.16E-103,,,
RAPGEF3,1.17E-107,-3.929742233,0.007,0.067,3.28E-103,,,
PCBD2,1.27E-107,0.156858973,0.2,0.107,3.55E-103,,,
RIPOR3,1.28E-107,-2.380247665,0.054,0.133,3.60E-103,,,
AC073195.1,1.52E-107,1.261207822,0.036,0.008,4.27E-103,,,
TNNC2,1.57E-107,1.266134099,0.033,0.006,4.41E-103,,,
PLEKHH1,1.88E-107,1.06728766,0.044,0.011,5.28E-103,,,
RNF24,2.26E-107,-2.059567484,0.08,0.165,6.33E-103,,,
ANGPTL1,2.49E-107,-1.999191504,0.073,0.157,6.99E-103,,,
FNDC4,2.77E-107,1.413067559,0.034,0.007,7.76E-103,,,
MYZAP,2.83E-107,1.637837581,0.028,0.005,7.92E-103,,,
CSRNP3,3.58E-107,-2.782131955,0.028,0.099,1.00E-102,,,
AC004834.1,3.66E-107,1.212627405,0.037,0.008,1.02E-102,,,
ATXN1L,3.80E-107,0.625386276,0.078,0.029,1.07E-102,,,
LINC01364,3.95E-107,1.040378985,0.04,0.009,1.11E-102,,,
CAMK1,5.41E-107,0.172774431,0.17,0.087,1.52E-102,,,
LINC02427,6.29E-107,1.033016793,0.053,0.016,1.76E-102,,,
DCUN1D3,7.15E-107,0.834990425,0.062,0.02,2.00E-102,,,
CPS1,7.89E-107,0.919494125,0.049,0.014,2.21E-102,,,
AC245297.3,9.73E-107,0.624264863,0.074,0.027,2.73E-102,,,
GRINA,1.06E-106,0.389809553,0.102,0.044,2.98E-102,,,
AC012414.5,1.53E-106,2.190406694,0.023,0.003,4.29E-102,,,
ZHX1-C8orf76,1.96E-106,1.084693797,0.041,0.01,5.48E-102,,,
LINC00663,2.12E-106,0.851842259,0.055,0.017,5.94E-102,,,
FAM149A,2.50E-106,0.301220033,0.107,0.046,7.01E-102,,,
GRIA1,2.56E-106,-3.662892446,0.013,0.076,7.16E-102,,,
ACOT8,2.91E-106,0.335952334,0.117,0.053,8.15E-102,,,
AL590385.2,3.01E-106,-3.740750304,0.013,0.076,8.44E-102,,,
ELK3,3.60E-106,-2.130228159,0.082,0.167,1.01E-101,,,
AC012501.1,4.31E-106,-4.692109951,0.005,0.062,1.21E-101,,,
TNFRSF14,5.47E-106,-2.683117994,0.026,0.097,1.53E-101,,,
PPP1R16B,5.95E-106,-4.348599878,0.011,0.073,1.67E-101,,,
LINC00689,7.67E-106,-5.044876291,0.003,0.058,2.15E-101,,,
SIRT3,8.67E-106,0.202599852,0.136,0.065,2.43E-101,,,
LINC02259,8.95E-106,1.105475647,0.04,0.01,2.51E-101,,,
AF241726.2,9.14E-106,0.148369739,0.209,0.114,2.56E-101,,,
GMPR,1.02E-105,-3.014891192,0.017,0.081,2.86E-101,,,
LINC02334,1.45E-105,0.680025649,0.084,0.033,4.06E-101,,,
LCP2,1.54E-105,-3.335186133,0.02,0.086,4.30E-101,,,
IGFBP6,1.73E-105,-1.641460903,0.223,0.302,4.85E-101,,,
AC090579.1,1.74E-105,-2.427784875,0.064,0.144,4.88E-101,,,
AC104986.2,1.87E-105,0.179410698,0.168,0.086,5.25E-101,,,
SAXO1,1.97E-105,1.018711864,0.048,0.013,5.52E-101,,,
ACSF2,1.98E-105,0.478889553,0.127,0.06,5.54E-101,,,
AC008738.4,2.16E-105,10.09963978,0.01,0,6.06E-101,,,
AC099778.1,2.33E-105,0.668677191,0.069,0.024,6.52E-101,,,
SHROOM3,2.44E-105,0.241459842,0.224,0.125,6.84E-101,,,
AL136985.1,3.70E-105,1.663279114,0.028,0.005,1.04E-100,,,
PEX6,3.86E-105,0.160062877,0.17,0.087,1.08E-100,,,
NODAL,4.03E-105,1.406260628,0.036,0.008,1.13E-100,,,
HDAC9,4.20E-105,-2.362528774,0.152,0.234,1.18E-100,,,
SRRM2,5.23E-105,-0.813979469,0.605,0.566,1.47E-100,,,
BACE2,5.80E-105,-2.343971645,0.063,0.144,1.63E-100,,,
CYP39A1,6.01E-105,-2.425762862,0.037,0.111,1.68E-100,,,
RPS6KL1,6.19E-105,1.186287435,0.044,0.012,1.73E-100,,,
MEGF6,6.39E-105,-3.728416059,0.01,0.07,1.79E-100,,,
PLEKHA1,7.65E-105,-1.73400538,0.13,0.217,2.14E-100,,,
TSTD3,7.94E-105,0.430633652,0.081,0.031,2.23E-100,,,
AC109322.1,8.40E-105,1.564195672,0.031,0.006,2.36E-100,,,
LINC01844,9.61E-105,3.202405383,0.013,0.001,2.69E-100,,,
LINC01843,1.22E-104,2.345309512,0.018,0.002,3.41E-100,,,
HLA-F,1.42E-104,-2.390954616,0.04,0.114,3.97E-100,,,
PDGFRL,1.58E-104,-2.434806292,0.039,0.113,4.44E-100,,,
RBM4B,1.67E-104,0.109405556,0.203,0.109,4.67E-100,,,
CRB2,1.78E-104,-3.23512637,0.009,0.069,4.99E-100,,,
DNAJC9-AS1,1.83E-104,0.41507615,0.087,0.035,5.12E-100,,,
TAF6L,2.08E-104,0.731135934,0.062,0.02,5.83E-100,,,
PAK3,2.13E-104,-4.114280416,0.011,0.072,5.96E-100,,,
AC117386.2,2.21E-104,1.543438416,0.027,0.004,6.20E-100,,,
LINC02554,2.31E-104,4.881181738,0.011,0,6.47E-100,,,
ROBO2,2.80E-104,-3.617756602,0.05,0.126,7.84E-100,,,
GNB4,3.00E-104,-2.18064952,0.056,0.135,8.41E-100,,,
AC012184.3,3.19E-104,0.296744915,0.111,0.049,8.95E-100,,,
PLSCR1,3.51E-104,-2.070462059,0.062,0.143,9.84E-100,,,
COLQ,4.12E-104,0.266389618,0.113,0.05,1.16E-99,,,
AXIN2,4.47E-104,0.460174321,0.097,0.041,1.25E-99,,,
AK2,4.84E-104,0.193640345,0.14,0.068,1.36E-99,,,
Z99289.3,5.39E-104,0.670374606,0.083,0.033,1.51E-99,,,
RHOJ,6.32E-104,-3.611693528,0.017,0.081,1.77E-99,,,
CTDSPL,7.35E-104,-1.518147611,0.183,0.267,2.06E-99,,,
ELMO1-AS1,8.41E-104,-4.882043577,0.007,0.064,2.36E-99,,,
AC024909.1,1.01E-103,1.167220999,0.041,0.01,2.83E-99,,,
ETS2,1.19E-103,-3.236406831,0.016,0.079,3.33E-99,,,
ILF3-AS1,1.79E-103,0.149454579,0.166,0.085,5.00E-99,,,
AMPD3,1.81E-103,0.535984024,0.093,0.038,5.07E-99,,,
SRPX,1.97E-103,0.279111148,0.157,0.079,5.53E-99,,,
UCP2,2.19E-103,0.569806491,0.081,0.031,6.14E-99,,,
SPX,2.21E-103,1.918786473,0.023,0.003,6.19E-99,,,
KIF1BP,2.46E-103,0.445331491,0.124,0.058,6.90E-99,,,
UBE3B,2.85E-103,0.122535707,0.187,0.1,7.99E-99,,,
HPSE2,3.43E-103,0.524758424,0.066,0.023,9.63E-99,,,
RGMB,3.73E-103,0.747048597,0.056,0.018,1.05E-98,,,
RABEPK,4.13E-103,0.212175083,0.139,0.067,1.16E-98,,,
AC004522.2,4.26E-103,2.68655294,0.016,0.001,1.19E-98,,,
AC009113.1,4.63E-103,0.834867861,0.056,0.017,1.30E-98,,,
AC090825.1,5.18E-103,-2.288261199,0.049,0.125,1.45E-98,,,
ABCC4,5.55E-103,-2.879516799,0.023,0.09,1.56E-98,,,
GPNMB,7.01E-103,-1.936189582,0.085,0.169,1.97E-98,,,
SEL1L3,1.24E-102,-3.291056403,0.015,0.077,3.49E-98,,,
UQCRFS1,1.35E-102,0.2487692,0.124,0.058,3.79E-98,,,
FARP1,1.77E-102,-2.007290224,0.081,0.164,4.96E-98,,,
AL136979.1,2.05E-102,0.895902964,0.055,0.017,5.75E-98,,,
IL7,2.67E-102,-1.535818077,0.207,0.287,7.48E-98,,,
XIST,4.19E-102,0.230239882,0.532,0.375,1.17E-97,,,
NPDC1,4.43E-102,-2.519249651,0.032,0.102,1.24E-97,,,
AL139021.1,4.93E-102,0.206551924,0.144,0.071,1.38E-97,,,
MGC32805,6.12E-102,-4.886940529,0.005,0.06,1.72E-97,,,
AC110597.1,7.14E-102,2.108793472,0.019,0.002,2.00E-97,,,
AL358334.3,9.28E-102,2.508221356,0.016,0.001,2.60E-97,,,
FPGS,1.13E-101,0.206237688,0.153,0.077,3.16E-97,,,
AL358335.2,1.24E-101,-4.248620967,0.008,0.065,3.48E-97,,,
ARMC9,1.37E-101,-2.067744267,0.068,0.148,3.83E-97,,,
ADAM10,1.51E-101,-1.477510394,0.227,0.302,4.25E-97,,,
MYCBPAP,1.54E-101,1.196588431,0.036,0.008,4.32E-97,,,
NADK,1.89E-101,0.38707214,0.106,0.047,5.31E-97,,,
SBSPON,1.98E-101,-2.766803816,0.022,0.088,5.56E-97,,,
TMEM87B,2.00E-101,-1.880519615,0.086,0.169,5.61E-97,,,
AL139011.2,2.27E-101,0.565108806,0.081,0.031,6.36E-97,,,
PTGS1,2.29E-101,-2.798726875,0.012,0.072,6.41E-97,,,
SATB1,2.34E-101,0.39255073,0.079,0.031,6.57E-97,,,
IQCK,2.57E-101,-2.148109563,0.061,0.139,7.19E-97,,,
SLC25A35,3.20E-101,1.067218554,0.043,0.011,8.96E-97,,,
NUDT12,3.55E-101,0.28236999,0.12,0.055,9.95E-97,,,
ATF4,3.80E-101,0.324290032,0.114,0.052,1.06E-96,,,
TMEM169,3.87E-101,1.26388437,0.031,0.006,1.08E-96,,,
ZNF135,3.88E-101,0.285031903,0.119,0.055,1.09E-96,,,
SWAP70,4.68E-101,-1.995171262,0.09,0.172,1.31E-96,,,
AC018742.1,5.01E-101,-4.045413445,0.01,0.068,1.41E-96,,,
SP110,5.34E-101,-2.166266956,0.06,0.138,1.50E-96,,,
PLEKHA5,5.78E-101,-1.127536075,0.429,0.456,1.62E-96,,,
NMD3,5.83E-101,-1.85458088,0.13,0.213,1.63E-96,,,
VPS72,5.88E-101,0.505973018,0.088,0.036,1.65E-96,,,
TEC,7.06E-101,-2.643515584,0.033,0.104,1.98E-96,,,
AC106873.1,7.72E-101,0.731596081,0.052,0.016,2.16E-96,,,
ANXA8,8.06E-101,-4.122256248,0.004,0.058,2.26E-96,,,
CRISPLD1,8.55E-101,-3.311467713,0.013,0.074,2.40E-96,,,
C2orf73,1.10E-100,1.007027599,0.042,0.011,3.09E-96,,,
AF127577.3,1.20E-100,2.109324476,0.021,0.003,3.36E-96,,,
ANKDD1B,1.24E-100,0.700335836,0.061,0.021,3.47E-96,,,
AC022272.1,1.31E-100,0.854381185,0.048,0.014,3.68E-96,,,
TMEM108,1.39E-100,-3.814296819,0.009,0.066,3.89E-96,,,
RFX3,1.43E-100,-1.480084912,0.229,0.303,4.01E-96,,,
LINC01798,1.46E-100,-1.951819318,0.103,0.185,4.09E-96,,,
SRGAP2B,1.65E-100,-2.78680153,0.023,0.089,4.63E-96,,,
PGM5P3-AS1,1.98E-100,1.492863933,0.032,0.007,5.54E-96,,,
MYEF2,2.50E-100,0.184205165,0.104,0.045,7.00E-96,,,
ECHS1,3.12E-100,0.303971478,0.097,0.041,8.75E-96,,,
ARHGAP20,3.49E-100,0.514033168,0.277,0.169,9.77E-96,,,
AC009365.2,4.07E-100,0.888589563,0.051,0.015,1.14E-95,,,
IL16,4.12E-100,-1.527898215,0.265,0.328,1.16E-95,,,
ATP8B2,4.83E-100,-3.500890481,0.011,0.069,1.35E-95,,,
TAPBP,5.31E-100,-1.78941764,0.089,0.173,1.49E-95,,,
PEX1,5.68E-100,0.107840477,0.197,0.107,1.59E-95,,,
ADAMTS2,6.13E-100,0.101193472,0.257,0.15,1.72E-95,,,
PCNT,6.22E-100,0.164936905,0.162,0.084,1.74E-95,,,
GTPBP4,7.15E-100,0.204170559,0.129,0.062,2.01E-95,,,
MYH9,7.42E-100,-1.736941725,0.134,0.219,2.08E-95,,,
C17orf67,7.54E-100,-3.739413357,0.01,0.068,2.11E-95,,,
MED8,7.94E-100,0.384192186,0.087,0.035,2.23E-95,,,
CCNG2,1.00E-99,0.354472238,0.115,0.053,2.81E-95,,,
NATD1,1.30E-99,1.120501251,0.039,0.01,3.63E-95,,,
SPIN3,1.35E-99,0.306375264,0.132,0.064,3.77E-95,,,
AC036103.1,1.48E-99,0.452973714,0.083,0.033,4.16E-95,,,
NIPAL3,1.81E-99,-2.410902432,0.041,0.113,5.08E-95,,,
AL162274.1,1.88E-99,1.598379842,0.026,0.004,5.26E-95,,,
PIF1,2.48E-99,1.412540708,0.027,0.005,6.95E-95,,,
EFHC1,2.60E-99,-1.611837249,0.146,0.23,7.28E-95,,,
GALNT9,2.94E-99,-3.783505203,0.007,0.062,8.23E-95,,,
AC108879.1,3.28E-99,3.174764743,0.014,0.001,9.20E-95,,,
SLC4A4,3.33E-99,-1.656155721,0.219,0.291,9.34E-95,,,
TMEM218,3.62E-99,0.396453073,0.087,0.035,1.01E-94,,,
CD163,3.90E-99,-2.25661788,0.105,0.185,1.09E-94,,,
PRAG1,4.09E-99,-3.665223037,0.013,0.072,1.15E-94,,,
ERVK13-1,5.96E-99,0.266283181,0.134,0.065,1.67E-94,,,
HNRNPA2B1,6.44E-99,-0.829111348,0.564,0.535,1.81E-94,,,
CMKLR1,6.67E-99,-3.095697149,0.02,0.083,1.87E-94,,,
ARV1,8.32E-99,0.475225034,0.088,0.036,2.33E-94,,,
MKL1,8.47E-99,-1.410989233,0.289,0.349,2.38E-94,,,
AL109930.1,9.48E-99,-0.364677893,0.585,0.372,2.66E-94,,,
AC090607.3,9.77E-99,4.85400393,0.011,0,2.74E-94,,,
SPAG5-AS1,1.09E-98,0.59524426,0.065,0.023,3.05E-94,,,
ANKRD29,1.29E-98,-2.930180226,0.026,0.092,3.60E-94,,,
AC138028.2,1.36E-98,1.160131458,0.034,0.008,3.83E-94,,,
CCNB1IP1,1.37E-98,0.334468521,0.12,0.057,3.83E-94,,,
GTF3C3,1.44E-98,0.151886797,0.164,0.085,4.03E-94,,,
C22orf34,1.91E-98,-3.544122471,0.014,0.073,5.35E-94,,,
SPINT2,1.94E-98,0.572171987,0.075,0.028,5.45E-94,,,
TNRC6B,2.09E-98,-0.764269796,0.621,0.579,5.85E-94,,,
SCD,2.22E-98,0.47760978,0.198,0.11,6.21E-94,,,
ZFHX3,2.29E-98,-0.361151949,0.39,0.232,6.42E-94,,,
AC026304.1,2.40E-98,1.404920172,0.033,0.007,6.72E-94,,,
AC011287.1,2.46E-98,0.782618544,0.072,0.027,6.91E-94,,,
PPL,2.53E-98,-1.835875668,0.088,0.171,7.08E-94,,,
ZNF506,2.92E-98,0.170698971,0.128,0.061,8.17E-94,,,
RILPL1,3.00E-98,0.104524231,0.184,0.098,8.42E-94,,,
C1orf228,3.71E-98,0.585620737,0.082,0.033,1.04E-93,,,
PRKG1-AS1,4.07E-98,-4.767322622,0.004,0.057,1.14E-93,,,
LPCAT2,4.51E-98,-3.168675766,0.018,0.08,1.26E-93,,,
LINC02060,4.68E-98,2.01866152,0.022,0.003,1.31E-93,,,
AL360093.1,5.59E-98,0.962812457,0.044,0.012,1.57E-93,,,
HCAR3,6.25E-98,3.0840719,0.013,0.001,1.75E-93,,,
AP001269.4,6.31E-98,1.739670582,0.023,0.003,1.77E-93,,,
GLI2,6.93E-98,-2.97717769,0.018,0.08,1.94E-93,,,
DNAH11,8.96E-98,-2.700695536,0.029,0.096,2.51E-93,,,
RELL1,9.06E-98,0.10341775,0.187,0.101,2.54E-93,,,
IGHG4,9.75E-98,-2.860976283,0.013,0.073,2.73E-93,,,
KLF2,1.05E-97,-2.284944203,0.041,0.113,2.93E-93,,,
PHGDH,1.19E-97,0.343522684,0.126,0.06,3.34E-93,,,
AAAS,1.21E-97,0.331137997,0.108,0.048,3.38E-93,,,
AC009299.3,1.37E-97,0.630105903,0.074,0.028,3.85E-93,,,
AC005884.1,1.43E-97,0.488502287,0.072,0.027,4.02E-93,,,
ZBTB48,1.57E-97,0.342553496,0.12,0.057,4.40E-93,,,
AC010319.2,1.59E-97,1.409700709,0.024,0.004,4.47E-93,,,
SMTNL2,1.63E-97,-3.908744251,0.006,0.06,4.57E-93,,,
CYP1B1-AS1,2.12E-97,-2.890057025,0.04,0.11,5.95E-93,,,
TUBGCP5,2.22E-97,0.126764428,0.158,0.081,6.22E-93,,,
MAPRE3,2.36E-97,0.347694228,0.1,0.044,6.62E-93,,,
AP5B1,2.60E-97,1.367430942,0.031,0.007,7.30E-93,,,
MIR222HG,4.06E-97,-3.14473585,0.015,0.075,1.14E-92,,,
ADSSL1,4.57E-97,1.857875578,0.02,0.003,1.28E-92,,,
AL023581.1,6.05E-97,1.272547853,0.034,0.008,1.70E-92,,,
C10orf107,6.12E-97,1.055171158,0.053,0.017,1.72E-92,,,
NAPA,8.17E-97,0.180788851,0.139,0.069,2.29E-92,,,
AC007448.3,9.18E-97,1.087589025,0.034,0.008,2.57E-92,,,
ADAM8,1.05E-96,1.397086603,0.033,0.007,2.96E-92,,,
HPD,1.07E-96,1.420914664,0.03,0.006,3.00E-92,,,
KCNMA1,1.24E-96,-3.232494402,0.051,0.123,3.48E-92,,,
CCDC58,1.28E-96,0.492355908,0.082,0.033,3.59E-92,,,
TTC21B-AS1,2.28E-96,0.22316107,0.118,0.055,6.39E-92,,,
LMAN2L,2.33E-96,0.257215153,0.126,0.061,6.54E-92,,,
MUC15,2.77E-96,3.758873611,0.011,0,7.77E-92,,,
TECR,2.79E-96,0.477557401,0.086,0.036,7.81E-92,,,
ABCA7,2.83E-96,0.880045873,0.047,0.014,7.94E-92,,,
LINC00623,3.25E-96,0.843400964,0.045,0.013,9.11E-92,,,
PTK2B,3.71E-96,-1.829659675,0.104,0.186,1.04E-91,,,
AC093206.1,3.72E-96,2.305407259,0.018,0.002,1.04E-91,,,
AC074386.1,4.55E-96,0.740496223,0.064,0.023,1.27E-91,,,
MRPS15,4.78E-96,0.355355063,0.088,0.037,1.34E-91,,,
P4HA2,7.75E-96,-2.21111024,0.044,0.116,2.17E-91,,,
GS1-124K5.4,8.18E-96,0.98056961,0.048,0.014,2.29E-91,,,
AC010636.2,8.66E-96,0.438528771,0.082,0.033,2.43E-91,,,
NME5,9.81E-96,0.513394943,0.082,0.033,2.75E-91,,,
KYNU,1.17E-95,-3.29588055,0.019,0.08,3.29E-91,,,
TNFRSF1B,1.31E-95,-2.881202967,0.028,0.094,3.68E-91,,,
REC8,1.38E-95,-3.295836125,0.011,0.067,3.88E-91,,,
XG,1.43E-95,1.536798013,0.023,0.003,4.02E-91,,,
EXTL3-AS1,2.58E-95,1.54701564,0.029,0.006,7.23E-91,,,
ARMC1,2.66E-95,0.10977265,0.159,0.082,7.46E-91,,,
ZNF33B,3.00E-95,-1.862272535,0.084,0.164,8.41E-91,,,
ARRDC4,3.15E-95,-2.962404203,0.018,0.078,8.83E-91,,,
FITM2,3.27E-95,0.544496185,0.067,0.025,9.16E-91,,,
SIRT1,3.70E-95,0.154357151,0.177,0.096,1.04E-90,,,
VAV2,3.75E-95,-2.734241344,0.022,0.084,1.05E-90,,,
LYVE1,4.20E-95,-1.932908142,0.142,0.22,1.18E-90,,,
ALDH4A1,4.45E-95,1.774813501,0.023,0.004,1.25E-90,,,
LRRTM3,5.04E-95,-2.75367372,0.036,0.105,1.41E-90,,,
RERE,5.77E-95,0.142749238,0.802,0.589,1.62E-90,,,
FN3K,7.06E-95,0.449115905,0.087,0.036,1.98E-90,,,
TMEM94,7.06E-95,0.274289471,0.117,0.055,1.98E-90,,,
MUM1L1,7.51E-95,-2.938577222,0.021,0.083,2.10E-90,,,
UACA,7.63E-95,-1.117337545,0.349,0.4,2.14E-90,,,
NCKAP1L,8.16E-95,-3.13174652,0.022,0.084,2.29E-90,,,
THAP3,8.29E-95,0.68634618,0.06,0.021,2.32E-90,,,
AC079296.1,8.63E-95,1.271039144,0.03,0.006,2.42E-90,,,
PPP1R12A,1.01E-94,-1.029491474,0.443,0.455,2.83E-90,,,
AC104212.3,1.02E-94,2.073426286,0.021,0.003,2.85E-90,,,
YPEL5,1.14E-94,0.36365624,0.137,0.069,3.21E-90,,,
WWC2,1.18E-94,-1.215320323,0.382,0.409,3.31E-90,,,
AC008608.2,1.25E-94,1.115608171,0.039,0.01,3.49E-90,,,
ENPP2,1.33E-94,-0.275757476,0.196,0.107,3.71E-90,,,
THBS4,1.65E-94,0.1367135,0.105,0.047,4.62E-90,,,
TIMM23,2.14E-94,0.207441997,0.123,0.059,6.00E-90,,,
SLC1A2,2.80E-94,-3.484143529,0.01,0.065,7.85E-90,,,
BAG5,2.97E-94,0.328830767,0.098,0.043,8.31E-90,,,
AL359715.2,3.57E-94,1.13074087,0.033,0.008,9.99E-90,,,
CD55,4.20E-94,-1.919291595,0.114,0.194,1.18E-89,,,
AC093382.1,4.35E-94,2.875004339,0.015,0.001,1.22E-89,,,
AC105760.2,4.52E-94,0.489347774,0.074,0.029,1.27E-89,,,
ZNF627,5.10E-94,0.340947257,0.108,0.05,1.43E-89,,,
TMEM80,5.48E-94,0.325576324,0.099,0.044,1.54E-89,,,
CPA4,5.65E-94,-3.759853571,0.015,0.072,1.58E-89,,,
HERC6,5.70E-94,-2.985766698,0.015,0.073,1.60E-89,,,
AC019186.1,5.80E-94,1.651537047,0.026,0.005,1.63E-89,,,
SLC16A1,5.83E-94,-1.783395058,0.092,0.172,1.63E-89,,,
AC096733.2,7.84E-94,1.371450793,0.029,0.006,2.20E-89,,,
MTSS1,7.87E-94,-2.117967716,0.207,0.278,2.21E-89,,,
DCAF1,7.89E-94,0.171201567,0.153,0.079,2.21E-89,,,
C22orf46,8.82E-94,0.442754955,0.08,0.032,2.47E-89,,,
NUDT4,9.30E-94,0.194483152,0.148,0.076,2.61E-89,,,
AC018618.1,9.79E-94,2.375615923,0.017,0.002,2.74E-89,,,
SCUBE2,1.12E-93,0.512331929,0.058,0.019,3.13E-89,,,
ETV3,1.44E-93,0.512753298,0.08,0.032,4.02E-89,,,
PKP4,1.50E-93,-1.563129064,0.21,0.285,4.21E-89,,,
MIR31HG,1.74E-93,-4.972203651,0.004,0.054,4.88E-89,,,
ITLN2,1.91E-93,-3.347594926,0.008,0.061,5.34E-89,,,
AC005833.2,2.25E-93,1.589963629,0.024,0.004,6.31E-89,,,
PAPPA,2.25E-93,-2.199402423,0.086,0.163,6.31E-89,,,
GPR63,2.32E-93,-3.822730257,0.006,0.059,6.50E-89,,,
CRELD1,2.34E-93,0.177442145,0.138,0.069,6.55E-89,,,
MYCBP2-AS1,2.45E-93,1.431252079,0.029,0.006,6.87E-89,,,
SPDYE5,2.47E-93,0.418676549,0.085,0.035,6.91E-89,,,
LSAMP-AS1,2.78E-93,-6.057725065,0.002,0.049,7.80E-89,,,
PILRB,3.73E-93,0.181840044,0.09,0.038,1.05E-88,,,
AC078850.1,4.02E-93,5.068075535,0.01,0,1.13E-88,,,
SMURF2,5.00E-93,-1.514873824,0.266,0.328,1.40E-88,,,
TRAPPC3,5.26E-93,0.305497724,0.098,0.043,1.47E-88,,,
MT-ND4L,5.99E-93,-1.318587535,0.258,0.326,1.68E-88,,,
AEBP1,6.22E-93,-2.446148139,0.037,0.105,1.74E-88,,,
TBL1XR1-AS1,6.64E-93,0.924018471,0.042,0.012,1.86E-88,,,
KDM4A-AS1,7.52E-93,0.257851938,0.117,0.055,2.11E-88,,,
ZNF714,7.58E-93,0.284307336,0.116,0.055,2.13E-88,,,
RXRA,7.63E-93,0.170752262,0.145,0.074,2.14E-88,,,
AC010997.3,1.25E-92,0.599520386,0.059,0.021,3.49E-88,,,
CEP135,1.68E-92,-2.003342952,0.066,0.141,4.70E-88,,,
LINC00222,1.77E-92,1.070052189,0.039,0.01,4.96E-88,,,
AC099811.4,1.89E-92,1.212565115,0.03,0.007,5.30E-88,,,
GPR82,2.00E-92,0.545396617,0.061,0.021,5.60E-88,,,
RRP36,2.30E-92,0.143393102,0.13,0.064,6.45E-88,,,
CR1L,2.76E-92,1.920353586,0.028,0.006,7.73E-88,,,
NYAP2,2.85E-92,2.288769229,0.018,0.002,7.99E-88,,,
CFAP47,3.23E-92,1.615430555,0.025,0.004,9.07E-88,,,
OXCT1-AS1,3.33E-92,2.462216398,0.018,0.002,9.33E-88,,,
ERBB4,3.70E-92,-0.862878211,0.37,0.437,1.04E-87,,,
AL391684.1,4.00E-92,0.677582849,0.063,0.023,1.12E-87,,,
C8orf76,4.31E-92,0.355261646,0.081,0.033,1.21E-87,,,
NFASC,4.76E-92,-3.292776928,0.021,0.082,1.34E-87,,,
AC109446.3,6.96E-92,1.386820961,0.032,0.007,1.95E-87,,,
NKTR,7.95E-92,-0.903082943,0.538,0.519,2.23E-87,,,
COQ7,8.10E-92,0.257580069,0.118,0.056,2.27E-87,,,
DDIT4-AS1,9.70E-92,5.072529371,0.01,0,2.72E-87,,,
AC007192.2,1.54E-91,0.595103903,0.053,0.017,4.33E-87,,,
AL359317.2,1.57E-91,0.146352416,0.132,0.065,4.40E-87,,,
TADA2A,1.69E-91,0.115665783,0.161,0.085,4.74E-87,,,
SLAIN1,1.72E-91,-3.175562216,0.009,0.062,4.81E-87,,,
AL136164.2,1.86E-91,1.054428056,0.037,0.01,5.21E-87,,,
PDE1C,2.03E-91,-3.346969847,0.015,0.072,5.68E-87,,,
PDGFRB,2.45E-91,-1.698390008,0.102,0.184,6.87E-87,,,
FAM13A-AS1,2.86E-91,0.328858913,0.107,0.05,8.00E-87,,,
PELI1,2.90E-91,-2.035662604,0.084,0.161,8.13E-87,,,
NOX4,3.73E-91,0.662850184,0.07,0.027,1.04E-86,,,
PSAP,5.74E-91,-1.150049488,0.461,0.465,1.61E-86,,,
ABHD14B,5.76E-91,0.525401255,0.071,0.027,1.61E-86,,,
PSMB9,6.09E-91,-2.675820008,0.027,0.09,1.71E-86,,,
LINC02328,6.42E-91,-3.232687162,0.02,0.079,1.80E-86,,,
RTL8C,8.07E-91,0.260628408,0.12,0.058,2.26E-86,,,
NDUFC2-KCTD14,1.00E-90,1.237568586,0.032,0.007,2.81E-86,,,
LINC01416,1.05E-90,-3.603529983,0.012,0.067,2.95E-86,,,
AL049874.3,1.23E-90,3.831603784,0.011,0,3.46E-86,,,
BCL7A,1.29E-90,0.385775142,0.094,0.041,3.60E-86,,,
AC091059.1,1.32E-90,0.951233582,0.043,0.012,3.71E-86,,,
COL25A1,1.39E-90,-0.541697618,0.106,0.049,3.90E-86,,,
SCN9A,1.49E-90,-3.051159277,0.042,0.109,4.18E-86,,,
DNAJA4,1.51E-90,0.791827183,0.046,0.014,4.22E-86,,,
SOX4,1.51E-90,-2.056227033,0.052,0.124,4.24E-86,,,
ABR,1.54E-90,-1.79532041,0.152,0.228,4.30E-86,,,
IFI44,1.90E-90,-2.601554989,0.027,0.09,5.33E-86,,,
MYO18A,2.37E-90,-2.462506739,0.034,0.1,6.64E-86,,,
RNASE1,2.40E-90,-1.350473149,0.307,0.361,6.71E-86,,,
AL109613.1,2.52E-90,0.66809677,0.054,0.018,7.07E-86,,,
ATP2B4,2.55E-90,0.105515876,0.507,0.344,7.15E-86,,,
CD63,3.31E-90,-1.040488185,0.472,0.479,9.29E-86,,,
AL162253.1,3.60E-90,1.617375163,0.024,0.004,1.01E-85,,,
LRRC39,4.10E-90,0.428648653,0.087,0.037,1.15E-85,,,
FAM71D,4.14E-90,1.347514066,0.032,0.007,1.16E-85,,,
CD59,5.01E-90,-1.735092314,0.119,0.198,1.41E-85,,,
KRT18,5.13E-90,-2.423073389,0.036,0.102,1.44E-85,,,
SOS1,5.99E-90,0.109845599,0.621,0.431,1.68E-85,,,
MSR1,6.87E-90,-2.749655294,0.045,0.112,1.93E-85,,,
ACTA2,6.94E-90,-2.447312285,0.048,0.118,1.95E-85,,,
PLEKHA6,7.49E-90,-3.194731914,0.017,0.074,2.10E-85,,,
CFD,7.68E-90,-0.879296138,0.852,0.744,2.15E-85,,,
AF250324.1,7.70E-90,0.377494727,0.094,0.042,2.16E-85,,,
AC025580.3,7.81E-90,2.312708021,0.017,0.002,2.19E-85,,,
ZNF22,8.42E-90,0.329715165,0.096,0.043,2.36E-85,,,
AC132219.1,1.03E-89,0.344095776,0.074,0.029,2.88E-85,,,
MSI2,1.06E-89,-0.121957011,0.397,0.247,2.97E-85,,,
FTL,1.32E-89,-1.006422548,0.58,0.558,3.71E-85,,,
EVI5,1.43E-89,-1.15325038,0.375,0.405,4.01E-85,,,
WDR11-AS1,1.54E-89,0.701526216,0.055,0.019,4.32E-85,,,
ESR2,1.74E-89,-0.193340576,0.186,0.101,4.88E-85,,,
MAP7,2.12E-89,0.135845854,0.131,0.065,5.95E-85,,,
TMEM65,2.33E-89,-1.936187664,0.092,0.168,6.52E-85,,,
KBTBD12,2.35E-89,-2.785344266,0.015,0.071,6.58E-85,,,
TMEM255A,2.43E-89,-3.235149897,0.008,0.06,6.82E-85,,,
CLDN2,2.64E-89,1.97938648,0.02,0.003,7.40E-85,,,
LRTM1,2.85E-89,-4.770859086,0.003,0.051,7.98E-85,,,
PLEKHA4,3.05E-89,-3.642790929,0.008,0.06,8.56E-85,,,
DCC,3.20E-89,0.815308279,0.047,0.015,8.97E-85,,,
AL591806.3,3.43E-89,0.613189958,0.077,0.031,9.61E-85,,,
STBD1,4.06E-89,2.174230864,0.017,0.002,1.14E-84,,,
RHBDD3,4.29E-89,0.498061499,0.075,0.03,1.20E-84,,,
DANT2,4.43E-89,-1.26034696,0.248,0.316,1.24E-84,,,
AC006141.1,4.64E-89,0.377424079,0.092,0.04,1.30E-84,,,
CEBPA-AS1,5.06E-89,2.082143222,0.018,0.002,1.42E-84,,,
AP001781.2,5.09E-89,3.10135487,0.013,0.001,1.43E-84,,,
ENTPD5,5.42E-89,0.170986606,0.128,0.064,1.52E-84,,,
LINC01032,7.02E-89,1.634312825,0.025,0.005,1.97E-84,,,
NPAS3,9.07E-89,-1.025792355,0.536,0.51,2.54E-84,,,
COL28A1,9.29E-89,1.38328737,0.03,0.007,2.60E-84,,,
IL17RD,9.53E-89,-3.153869117,0.015,0.071,2.67E-84,,,
AC092535.3,9.89E-89,0.116263317,0.13,0.064,2.77E-84,,,
INHBB,1.10E-88,1.135582762,0.028,0.006,3.09E-84,,,
PTTG1IP,1.13E-88,-1.70038331,0.107,0.185,3.15E-84,,,
CXXC5,1.15E-88,0.759489661,0.059,0.021,3.22E-84,,,
KLC4,1.25E-88,0.214032312,0.127,0.063,3.52E-84,,,
RBM45,1.39E-88,0.19919021,0.147,0.077,3.90E-84,,,
AC068389.4,1.48E-88,1.166156451,0.03,0.006,4.14E-84,,,
DHRS11,1.60E-88,1.405649322,0.03,0.007,4.49E-84,,,
AF274856.1,2.07E-88,2.53117544,0.016,0.002,5.80E-84,,,
AL021368.4,2.09E-88,0.194224501,0.114,0.054,5.86E-84,,,
SPSB1,2.10E-88,0.230603557,0.167,0.09,5.88E-84,,,
EOGT,2.40E-88,0.386179398,0.078,0.032,6.73E-84,,,
FRMD6-AS2,2.53E-88,-4.072279699,0.009,0.06,7.10E-84,,,
DGAT2L6,2.54E-88,1.014165264,0.042,0.012,7.11E-84,,,
POLR3H,2.67E-88,0.419077454,0.085,0.036,7.49E-84,,,
AL645728.1,2.69E-88,1.482768527,0.028,0.006,7.53E-84,,,
SLC6A6,2.71E-88,-3.008317465,0.018,0.075,7.60E-84,,,
SIGLEC1,2.74E-88,-3.026535577,0.026,0.086,7.68E-84,,,
AC005162.3,3.05E-88,-3.178812874,0.016,0.072,8.54E-84,,,
ITM2B,3.54E-88,-0.86550558,0.586,0.55,9.92E-84,,,
STK40,3.96E-88,0.126763283,0.143,0.074,1.11E-83,,,
LINC02139,4.04E-88,2.562226331,0.016,0.002,1.13E-83,,,
AC005670.2,4.57E-88,0.392477466,0.088,0.038,1.28E-83,,,
MCOLN3,5.09E-88,-3.342561566,0.01,0.062,1.43E-83,,,
DZIP1,5.21E-88,-3.264984778,0.014,0.068,1.46E-83,,,
ADGRF5,6.08E-88,-3.347237933,0.017,0.073,1.70E-83,,,
DMTN,7.51E-88,0.662725936,0.047,0.015,2.10E-83,,,
ITSN2,7.85E-88,-0.103349482,0.545,0.35,2.20E-83,,,
AP000442.1,8.25E-88,2.597181218,0.015,0.001,2.31E-83,,,
AC090618.1,9.18E-88,2.106214179,0.019,0.002,2.57E-83,,,
HOMEZ,9.72E-88,0.733658453,0.055,0.019,2.72E-83,,,
CLSTN1,1.01E-87,-1.805772152,0.089,0.165,2.83E-83,,,
DPP10,1.09E-87,-2.895471362,0.029,0.09,3.06E-83,,,
SDR42E2,1.34E-87,0.785164428,0.045,0.014,3.75E-83,,,
CARS,1.79E-87,0.163301681,0.15,0.079,5.02E-83,,,
AL022329.1,1.86E-87,2.385449038,0.016,0.002,5.20E-83,,,
AC092431.1,1.95E-87,0.612594871,0.05,0.016,5.46E-83,,,
AL049820.1,2.09E-87,0.63928808,0.054,0.018,5.85E-83,,,
AC136424.1,2.17E-87,2.81122061,0.012,0.001,6.10E-83,,,
CTTNBP2NL,2.84E-87,-2.122335564,0.063,0.134,7.95E-83,,,
AL355488.2,2.98E-87,0.62759047,0.055,0.019,8.36E-83,,,
AAMP,3.60E-87,0.33166934,0.099,0.046,1.01E-82,,,
SAMM50,4.50E-87,0.306188533,0.099,0.045,1.26E-82,,,
KIAA1614,4.67E-87,0.434148604,0.073,0.029,1.31E-82,,,
LINC02397,6.24E-87,2.245629866,0.014,0.001,1.75E-82,,,
MAMDC2-AS1,7.12E-87,-2.933577663,0.049,0.115,1.99E-82,,,
MED9,8.71E-87,0.388382828,0.074,0.03,2.44E-82,,,
TIPARP,9.73E-87,1.065014557,0.133,0.07,2.73E-82,,,
SGCZ,1.22E-86,-3.60048159,0.033,0.095,3.43E-82,,,
PHTF2,1.24E-86,-1.602316473,0.147,0.224,3.47E-82,,,
TMEM140,1.31E-86,0.2150316,0.112,0.054,3.67E-82,,,
ARHGAP25,1.34E-86,-2.425772181,0.058,0.127,3.74E-82,,,
OAF,1.45E-86,-2.608148496,0.037,0.1,4.06E-82,,,
AP000266.1,1.58E-86,3.539285231,0.012,0.001,4.42E-82,,,
SAMSN1,1.64E-86,-3.238537489,0.021,0.079,4.59E-82,,,
STAB1,1.78E-86,-2.410621961,0.051,0.119,4.98E-82,,,
LRRC75A,1.98E-86,0.11821254,0.136,0.069,5.54E-82,,,
N4BP2L1,2.02E-86,-1.9733702,0.065,0.137,5.66E-82,,,
NREP-AS1,2.10E-86,1.291338093,0.032,0.008,5.87E-82,,,
ASH1L,2.33E-86,0.114805898,0.718,0.51,6.53E-82,,,
ASXL2,2.39E-86,-0.106476978,0.324,0.199,6.69E-82,,,
TRAM2-AS1,2.70E-86,0.618754254,0.057,0.02,7.56E-82,,,
CPSF3,3.38E-86,0.25479146,0.118,0.058,9.47E-82,,,
AL121748.2,3.90E-86,1.119182578,0.029,0.006,1.09E-81,,,
ZNF664,4.09E-86,0.455102777,0.081,0.034,1.15E-81,,,
TMTC2,4.10E-86,-1.662310447,0.162,0.238,1.15E-81,,,
AC007383.3,4.18E-86,0.65636583,0.049,0.016,1.17E-81,,,
AC026894.1,4.41E-86,-3.636025843,0.01,0.061,1.23E-81,,,
TNIK,4.43E-86,-2.385141187,0.057,0.126,1.24E-81,,,
DCUN1D5,4.50E-86,0.126292329,0.136,0.07,1.26E-81,,,
RXRG,4.54E-86,2.209081548,0.015,0.001,1.27E-81,,,
NLRC4,5.43E-86,0.633089833,0.082,0.035,1.52E-81,,,
ZNF462,6.68E-86,-1.534374852,0.161,0.236,1.87E-81,,,
AL158817.1,6.73E-86,3.994857809,0.01,0,1.89E-81,,,
DAPK1-IT1,7.12E-86,-3.745034497,0.008,0.057,1.99E-81,,,
LHPP,8.24E-86,0.240353129,0.099,0.046,2.31E-81,,,
TMEM176B,8.66E-86,-2.213873752,0.04,0.105,2.43E-81,,,
AL606468.1,8.88E-86,2.875460578,0.013,0.001,2.49E-81,,,
ZFYVE1,1.10E-85,0.161194349,0.142,0.074,3.07E-81,,,
TRAK1,1.15E-85,-0.150696956,0.353,0.218,3.21E-81,,,
LCLAT1,1.45E-85,-2.288027808,0.044,0.11,4.07E-81,,,
NR6A1,1.75E-85,0.103661338,0.157,0.084,4.92E-81,,,
INSIG1,1.99E-85,0.599956361,0.068,0.027,5.58E-81,,,
LILRB5,2.49E-85,-2.882896803,0.029,0.09,6.98E-81,,,
AGAP1,2.60E-85,-1.152717264,0.401,0.421,7.28E-81,,,
PIK3AP1,3.72E-85,-3.369324236,0.018,0.073,1.04E-80,,,
ANKRD46,3.73E-85,0.101803332,0.136,0.07,1.04E-80,,,
FGD2,4.28E-85,-4.103373386,0.009,0.059,1.20E-80,,,
LINC01594,4.39E-85,2.22083335,0.015,0.001,1.23E-80,,,
MAST4-AS1,4.72E-85,1.734603376,0.023,0.004,1.32E-80,,,
TAF1A-AS1,5.56E-85,1.671125853,0.022,0.004,1.56E-80,,,
TST,6.02E-85,0.472820187,0.076,0.031,1.69E-80,,,
FAM157C,6.39E-85,1.475681452,0.034,0.009,1.79E-80,,,
AL137230.2,6.74E-85,0.514723765,0.061,0.022,1.89E-80,,,
BCL9L,9.18E-85,0.409604484,0.093,0.042,2.57E-80,,,
AC015853.3,9.22E-85,0.165843255,0.102,0.048,2.58E-80,,,
PKIB,9.56E-85,0.76625293,0.055,0.019,2.68E-80,,,
NLGN1,9.61E-85,-1.287991896,0.354,0.393,2.69E-80,,,
TBC1D22A,1.00E-84,-1.078053342,0.438,0.442,2.81E-80,,,
HMCES,1.22E-84,0.289849723,0.114,0.056,3.42E-80,,,
MGME1,1.26E-84,0.180026507,0.116,0.057,3.54E-80,,,
GBA2,1.31E-84,0.169623385,0.119,0.059,3.68E-80,,,
CNTN2,1.59E-84,1.606962796,0.02,0.003,4.45E-80,,,
MUC4,1.74E-84,1.180412824,0.032,0.008,4.87E-80,,,
SYNJ2,1.75E-84,-3.158324315,0.014,0.066,4.91E-80,,,
MTHFSD,1.81E-84,0.235207146,0.098,0.045,5.06E-80,,,
LINC01473,1.88E-84,0.255184017,0.109,0.052,5.26E-80,,,
IFI27L1,2.06E-84,0.325211705,0.091,0.041,5.78E-80,,,
TMEM26,2.13E-84,-5.055314603,0.003,0.048,5.97E-80,,,
PITPNA-AS1,2.57E-84,0.730234319,0.043,0.013,7.19E-80,,,
TM6SF1,2.67E-84,-3.085925868,0.013,0.065,7.47E-80,,,
AC107067.1,2.91E-84,1.579372276,0.023,0.004,8.15E-80,,,
IPO9-AS1,2.99E-84,-0.278358479,0.342,0.214,8.37E-80,,,
MACROD2-AS1,3.58E-84,0.555239002,0.071,0.028,1.00E-79,,,
TARID,3.59E-84,0.182094916,0.074,0.03,1.01E-79,,,
GATA1,3.71E-84,2.552131553,0.014,0.001,1.04E-79,,,
VAV3,3.95E-84,-2.477488742,0.051,0.117,1.11E-79,,,
DGKE,4.10E-84,-3.079360232,0.017,0.072,1.15E-79,,,
ANKHD1-EIF4EBP3,4.23E-84,0.381732425,0.082,0.035,1.19E-79,,,
MS4A7,4.34E-84,-2.649328189,0.041,0.104,1.22E-79,,,
CYTH4,4.50E-84,-3.425755725,0.012,0.063,1.26E-79,,,
KIFC3,4.82E-84,-1.992282391,0.062,0.132,1.35E-79,,,
C2CD5,6.14E-84,-1.375848944,0.217,0.284,1.72E-79,,,
ARHGAP4,6.71E-84,-3.289922025,0.015,0.068,1.88E-79,,,
HOXA3,9.75E-84,0.243561628,0.115,0.056,2.73E-79,,,
SLC18B1,9.81E-84,-2.200048829,0.045,0.111,2.75E-79,,,
OSGIN1,1.00E-83,1.487286711,0.022,0.004,2.81E-79,,,
AC009975.1,1.04E-83,0.441214992,0.074,0.03,2.90E-79,,,
HMGN3-AS1,1.05E-83,0.827017813,0.043,0.013,2.94E-79,,,
ZFAT,1.56E-83,0.181541899,0.123,0.062,4.36E-79,,,
KRT8,1.82E-83,-2.455191921,0.034,0.095,5.10E-79,,,
SYPL2,2.42E-83,0.804771671,0.043,0.013,6.78E-79,,,
CDCP1,2.44E-83,-3.354599005,0.009,0.058,6.83E-79,,,
SGO1-AS1,2.54E-83,0.213421304,0.137,0.072,7.11E-79,,,
AC139530.1,2.79E-83,0.512014368,0.061,0.023,7.82E-79,,,
MATR3,3.33E-83,0.141838599,0.149,0.079,9.33E-79,,,
AC012613.1,3.41E-83,-4.396302233,0.005,0.05,9.57E-79,,,
AC003102.1,3.61E-83,0.95013354,0.035,0.009,1.01E-78,,,
HTRA1,3.74E-83,-1.640031911,0.128,0.203,1.05E-78,,,
HYKK,3.85E-83,0.555486101,0.055,0.019,1.08E-78,,,
AP005671.1,4.28E-83,1.33005316,0.026,0.005,1.20E-78,,,
PTGFRN,4.40E-83,-2.350271633,0.03,0.09,1.23E-78,,,
CDH23,5.58E-83,-1.574681815,0.163,0.237,1.56E-78,,,
AC034102.6,5.66E-83,0.585277082,0.051,0.017,1.59E-78,,,
AC093865.1,6.26E-83,0.29761379,0.092,0.042,1.75E-78,,,
ATXN1,6.47E-83,-0.819059686,0.553,0.535,1.81E-78,,,
ZNF605,6.81E-83,0.310678908,0.1,0.047,1.91E-78,,,
AC011346.1,6.93E-83,2.613246534,0.014,0.001,1.94E-78,,,
NMNAT1,7.98E-83,0.202023287,0.097,0.045,2.24E-78,,,
AL162274.2,8.27E-83,1.36091518,0.029,0.007,2.32E-78,,,
DTX3,9.47E-83,-3.714036751,0.006,0.052,2.66E-78,,,
AC021752.1,1.00E-82,0.433420009,0.076,0.032,2.80E-78,,,
AC127502.2,1.19E-82,1.803117182,0.022,0.004,3.32E-78,,,
GAS6-AS1,1.21E-82,-3.026243922,0.015,0.067,3.39E-78,,,
ZNF596,1.41E-82,-2.374626728,0.052,0.117,3.94E-78,,,
AC093152.1,1.52E-82,-2.156005566,0.051,0.117,4.26E-78,,,
AC016747.2,1.68E-82,0.831134414,0.041,0.012,4.72E-78,,,
MSRB2,2.18E-82,0.127428276,0.136,0.071,6.12E-78,,,
UQCRC2,2.22E-82,-0.10276401,0.288,0.177,6.22E-78,,,
RAD23A,3.25E-82,0.127715975,0.15,0.08,9.10E-78,,,
PUS7,3.25E-82,0.106582547,0.141,0.074,9.11E-78,,,
TMPO,3.32E-82,-1.759513426,0.09,0.163,9.29E-78,,,
LINC01902,3.35E-82,-3.44664032,0.009,0.057,9.38E-78,,,
FGFR2,3.43E-82,0.610971859,0.066,0.026,9.60E-78,,,
MAPK11,3.46E-82,1.041133229,0.03,0.007,9.71E-78,,,
AC127164.1,3.47E-82,0.237138485,0.1,0.047,9.73E-78,,,
ZFAND4,3.64E-82,0.11385384,0.131,0.067,1.02E-77,,,
AC007040.2,3.69E-82,0.467293518,0.054,0.019,1.03E-77,,,
CCDC62,4.02E-82,0.954013348,0.037,0.01,1.13E-77,,,
AC006453.2,4.40E-82,0.292512247,0.075,0.031,1.23E-77,,,
STPG3-AS1,4.50E-82,2.222035605,0.013,0.001,1.26E-77,,,
GINS3,4.51E-82,1.049826403,0.031,0.007,1.26E-77,,,
UNKL,5.16E-82,0.111749799,0.159,0.087,1.45E-77,,,
PRSS55,5.19E-82,3.492325176,0.011,0.001,1.46E-77,,,
TUBA1A,6.88E-82,-2.154005649,0.043,0.107,1.93E-77,,,
AC079336.4,7.31E-82,-4.096428695,0.006,0.052,2.05E-77,,,
PLEK,8.61E-82,-3.201352197,0.017,0.069,2.41E-77,,,
SHANK2,9.36E-82,-2.945550524,0.019,0.074,2.62E-77,,,
AL592430.1,9.80E-82,1.203073717,0.023,0.004,2.75E-77,,,
NEO1,1.02E-81,-1.41131238,0.234,0.295,2.85E-77,,,
ZFYVE9,1.15E-81,-0.133229257,0.338,0.21,3.23E-77,,,
CEBPG,1.22E-81,0.584139512,0.059,0.022,3.42E-77,,,
C8orf34-AS1,1.40E-81,2.411506857,0.012,0.001,3.92E-77,,,
OLFM2,1.50E-81,0.342517153,0.072,0.029,4.22E-77,,,
TRAPPC8,1.76E-81,-0.130612818,0.321,0.199,4.94E-77,,,
SMAD3,1.79E-81,-0.10997327,0.342,0.214,5.01E-77,,,
DCDC1,2.35E-81,-2.295488745,0.032,0.092,6.58E-77,,,
CENPV,2.52E-81,0.37145105,0.085,0.037,7.06E-77,,,
HYI,2.93E-81,0.415480785,0.081,0.035,8.20E-77,,,
AP001496.1,3.37E-81,3.092520857,0.012,0.001,9.45E-77,,,
C3orf67-AS1,3.59E-81,1.198561078,0.034,0.009,1.01E-76,,,
RTN4IP1,3.83E-81,0.41634378,0.065,0.025,1.07E-76,,,
SCUBE1,4.14E-81,1.956156917,0.016,0.002,1.16E-76,,,
AC007036.1,4.57E-81,1.18676345,0.03,0.007,1.28E-76,,,
CSF1R,5.44E-81,-2.480979254,0.046,0.109,1.53E-76,,,
NAGLU,5.60E-81,0.302337245,0.091,0.041,1.57E-76,,,
PARD3B,6.04E-81,-0.673189457,0.81,0.68,1.69E-76,,,
AL121944.1,6.51E-81,0.384797281,0.081,0.035,1.82E-76,,,
GRM5,6.57E-81,1.279430199,0.032,0.008,1.84E-76,,,
AC034111.1,7.69E-81,1.198173992,0.032,0.008,2.15E-76,,,
SEC31B,9.70E-81,0.201337965,0.098,0.046,2.72E-76,,,
AC025211.1,9.87E-81,-3.796478132,0.007,0.053,2.77E-76,,,
MT-ND6,9.95E-81,-1.704071484,0.083,0.155,2.79E-76,,,
PARP10,1.12E-80,0.155757636,0.099,0.046,3.15E-76,,,
PEAK1,1.32E-80,-1.136865028,0.425,0.435,3.71E-76,,,
RMDN3,1.33E-80,0.148851102,0.105,0.05,3.72E-76,,,
MAP3K14,1.51E-80,-1.900632231,0.072,0.142,4.22E-76,,,
MTIF2,1.65E-80,0.154968982,0.127,0.065,4.61E-76,,,
DPH6-AS1,1.66E-80,-0.105332603,0.429,0.276,4.64E-76,,,
GBP3,1.69E-80,-2.483179126,0.018,0.072,4.74E-76,,,
TMEM9B-AS1,1.79E-80,0.203819682,0.132,0.069,5.02E-76,,,
RABL3,2.61E-80,0.145857739,0.113,0.056,7.32E-76,,,
AC007569.1,2.72E-80,0.878279824,0.048,0.016,7.63E-76,,,
RGS6,3.26E-80,-1.446415281,0.085,0.16,9.12E-76,,,
RORC,3.29E-80,-4.108409692,0.003,0.046,9.23E-76,,,
AC109361.2,3.50E-80,-5.388752782,0.002,0.045,9.82E-76,,,
FGF22,3.51E-80,2.237704578,0.014,0.001,9.84E-76,,,
HSF4,4.52E-80,0.41287467,0.079,0.034,1.27E-75,,,
PATJ,4.87E-80,-1.390530133,0.322,0.355,1.36E-75,,,
KCNAB2,4.91E-80,-3.425135149,0.013,0.063,1.38E-75,,,
MRC2,5.02E-80,-2.400527693,0.048,0.111,1.41E-75,,,
MGMT,6.12E-80,-0.124879886,0.395,0.252,1.72E-75,,,
PEX5,6.67E-80,0.788466293,0.059,0.022,1.87E-75,,,
AC025283.2,8.45E-80,0.113498722,0.126,0.064,2.37E-75,,,
BRIP1,9.68E-80,0.678161583,0.05,0.017,2.71E-75,,,
NAMPT,1.06E-79,-0.255782558,0.183,0.104,2.97E-75,,,
AC114947.2,1.06E-79,1.15077915,0.03,0.007,2.98E-75,,,
AC009951.2,1.08E-79,0.374775289,0.061,0.023,3.03E-75,,,
GPR158,1.13E-79,1.56313183,0.024,0.005,3.17E-75,,,
ADAM9,1.16E-79,-1.75321037,0.104,0.176,3.26E-75,,,
AC073941.1,1.19E-79,2.998317643,0.013,0.001,3.34E-75,,,
SNX10,1.21E-79,0.127851002,0.103,0.05,3.39E-75,,,
MBOAT2,1.24E-79,-2.683095946,0.021,0.076,3.49E-75,,,
ACBD4,1.26E-79,0.455648444,0.079,0.034,3.54E-75,,,
HEXA-AS1,1.31E-79,1.41729624,0.023,0.004,3.68E-75,,,
APBA1,1.36E-79,-2.027922566,0.074,0.142,3.82E-75,,,
NBPF3,1.49E-79,0.402341543,0.072,0.03,4.17E-75,,,
STK35,1.51E-79,0.201219105,0.134,0.07,4.22E-75,,,
CYP1B1,1.52E-79,-2.30261925,0.045,0.107,4.27E-75,,,
GINS2,1.77E-79,1.480156214,0.026,0.006,4.95E-75,,,
AHNAK,1.80E-79,-1.07145362,0.43,0.442,5.05E-75,,,
LRCH2,1.82E-79,-3.898504178,0.008,0.054,5.10E-75,,,
NRF1,1.90E-79,-0.121788703,0.334,0.21,5.34E-75,,,
SCARB1,2.27E-79,-2.026104692,0.075,0.144,6.37E-75,,,
PARP9,2.43E-79,-2.049592364,0.054,0.12,6.80E-75,,,
MAST4-IT1,2.64E-79,1.002746116,0.035,0.01,7.39E-75,,,
AC091979.1,2.72E-79,2.680164533,0.013,0.001,7.62E-75,,,
AP005131.1,3.21E-79,0.352928263,0.091,0.042,8.98E-75,,,
ZEB2-AS1,3.37E-79,0.816346962,0.038,0.011,9.45E-75,,,
TMCC3,3.43E-79,-2.717451101,0.024,0.079,9.61E-75,,,
NFS1,3.43E-79,0.37925484,0.077,0.033,9.62E-75,,,
MRI1,3.77E-79,0.101732181,0.167,0.093,1.06E-74,,,
NKIRAS1,6.91E-79,0.118208267,0.117,0.059,1.94E-74,,,
AC010531.6,7.65E-79,1.375877082,0.025,0.005,2.14E-74,,,
GATM,7.72E-79,0.645860909,0.055,0.02,2.16E-74,,,
C2-AS1,8.46E-79,-4.276997235,0.002,0.044,2.37E-74,,,
DUXAP8,9.67E-79,0.761375516,0.037,0.011,2.71E-74,,,
GNB5,1.14E-78,-2.572968293,0.028,0.084,3.19E-74,,,
BHMT,1.14E-78,1.67353345,0.019,0.003,3.20E-74,,,
EPS8L2,1.18E-78,-3.343610831,0.009,0.056,3.31E-74,,,
CST7,1.21E-78,0.453811732,0.036,0.01,3.40E-74,,,
HLA-DRB1,1.22E-78,-1.716191841,0.147,0.218,3.41E-74,,,
TMEM256-PLSCR3,1.33E-78,1.095397656,0.034,0.009,3.73E-74,,,
AC091132.2,1.37E-78,0.494398492,0.053,0.019,3.83E-74,,,
PJA1,1.53E-78,0.77782532,0.033,0.009,4.30E-74,,,
AC116903.2,1.66E-78,-4.339102032,0.005,0.049,4.65E-74,,,
ACKR2,1.83E-78,1.324424655,0.023,0.004,5.13E-74,,,
AL354696.2,1.95E-78,0.275290762,0.117,0.059,5.47E-74,,,
LINC00526,2.29E-78,1.310753551,0.026,0.005,6.43E-74,,,
RBM47,2.94E-78,-2.266450203,0.152,0.219,8.24E-74,,,
AC012409.2,3.42E-78,-1.653121144,0.194,0.263,9.58E-74,,,
GRM7,4.27E-78,0.30266268,0.098,0.047,1.20E-73,,,
AC011092.2,5.29E-78,-0.154077108,0.288,0.178,1.48E-73,,,
ROCK1,5.50E-78,-1.010539006,0.434,0.439,1.54E-73,,,
MVP,5.51E-78,-1.940165789,0.055,0.121,1.54E-73,,,
LINC02426,5.99E-78,1.975863889,0.017,0.002,1.68E-73,,,
URB2,6.43E-78,0.554752058,0.054,0.02,1.80E-73,,,
RPRD1A,7.61E-78,-0.115699294,0.291,0.181,2.13E-73,,,
MIR497HG,7.78E-78,0.846819351,0.039,0.012,2.18E-73,,,
AC010226.1,9.47E-78,0.108903074,0.125,0.064,2.66E-73,,,
AC024257.3,9.84E-78,1.027395483,0.036,0.01,2.76E-73,,,
LCP1,1.04E-77,-2.826973455,0.024,0.079,2.91E-73,,,
NPL,1.44E-77,-2.742804847,0.045,0.106,4.04E-73,,,
PLEC,1.63E-77,-2.062070726,0.044,0.106,4.57E-73,,,
AC021054.1,1.73E-77,0.385300588,0.057,0.021,4.85E-73,,,
NECTIN3-AS1,1.73E-77,0.943794245,0.039,0.012,4.86E-73,,,
STYXL1,1.79E-77,0.159459967,0.126,0.065,5.02E-73,,,
SPEG,1.84E-77,-2.690080937,0.019,0.071,5.16E-73,,,
TMEM56-RWDD3,1.86E-77,0.967169889,0.033,0.009,5.22E-73,,,
ZNF808,1.88E-77,0.173588716,0.129,0.068,5.27E-73,,,
AC007686.3,1.94E-77,1.557526536,0.022,0.004,5.45E-73,,,
AVIL,2.13E-77,0.129495719,0.143,0.077,5.98E-73,,,
LINC00847,2.18E-77,0.687027366,0.045,0.015,6.12E-73,,,
AL442071.1,2.71E-77,0.800471792,0.04,0.012,7.59E-73,,,
KLF5,4.12E-77,-3.073090212,0.011,0.058,1.16E-72,,,
PLAT,4.20E-77,-2.497316747,0.034,0.092,1.18E-72,,,
COPS3,4.31E-77,0.200655635,0.103,0.05,1.21E-72,,,
AP003119.3,4.67E-77,3.081480981,0.011,0.001,1.31E-72,,,
BPNT1,4.80E-77,0.329910735,0.088,0.041,1.34E-72,,,
TRPV1,4.84E-77,0.680533991,0.046,0.015,1.36E-72,,,
LMOD1,5.49E-77,-1.554025803,0.081,0.153,1.54E-72,,,
ZNF331,6.02E-77,0.101381078,0.151,0.082,1.69E-72,,,
LMLN,6.19E-77,0.220316857,0.113,0.057,1.73E-72,,,
CACHD1,6.20E-77,-0.112763926,0.421,0.273,1.74E-72,,,
ZC2HC1A,6.48E-77,-1.455246386,0.159,0.231,1.82E-72,,,
FAM20C,6.59E-77,0.384960332,0.088,0.041,1.85E-72,,,
GSTZ1,7.35E-77,0.523632995,0.06,0.023,2.06E-72,,,
NPHS1,7.53E-77,-4.616541592,0.004,0.046,2.11E-72,,,
HEMK1,7.67E-77,0.353780584,0.078,0.034,2.15E-72,,,
PLEKHG2,7.85E-77,0.512632411,0.055,0.021,2.20E-72,,,
USO1,7.97E-77,-0.101128045,0.421,0.272,2.23E-72,,,
GOLGA8H,8.07E-77,0.948879912,0.031,0.008,2.26E-72,,,
LINC01362,8.59E-77,0.837629962,0.054,0.02,2.41E-72,,,
CHCHD6,8.98E-77,-2.026918916,0.056,0.12,2.52E-72,,,
GTF2IRD1,9.39E-77,0.129039098,0.161,0.09,2.63E-72,,,
SMAD9,9.46E-77,-2.655283062,0.024,0.078,2.65E-72,,,
AC108474.1,9.68E-77,3.280161188,0.011,0.001,2.71E-72,,,
FAM166B,9.84E-77,3.18867014,0.011,0.001,2.76E-72,,,
MRVI1-AS1,1.11E-76,-3.811710932,0.009,0.055,3.11E-72,,,
ACBD5,1.31E-76,0.129393362,0.134,0.071,3.66E-72,,,
RNF213,1.48E-76,-1.112841877,0.374,0.4,4.15E-72,,,
ST7-OT4,1.61E-76,0.806601571,0.044,0.014,4.51E-72,,,
AC006305.1,1.67E-76,-3.285335249,0.014,0.063,4.67E-72,,,
COQ3,1.80E-76,0.878911559,0.037,0.011,5.04E-72,,,
KLHL36,1.85E-76,0.157769082,0.133,0.071,5.18E-72,,,
CCNT2,2.05E-76,-0.101884077,0.312,0.196,5.75E-72,,,
LINC01185,2.07E-76,1.220752187,0.03,0.008,5.80E-72,,,
AL445183.1,2.11E-76,-3.65743916,0.005,0.048,5.90E-72,,,
AADACL2-AS1,2.18E-76,-3.939649065,0.008,0.053,6.11E-72,,,
AP001442.1,2.49E-76,-3.94959866,0.007,0.051,6.97E-72,,,
OVCH1-AS1,2.57E-76,0.394557801,0.053,0.019,7.20E-72,,,
AC079760.2,2.57E-76,0.519643031,0.07,0.029,7.20E-72,,,
BAG2,2.62E-76,0.211478008,0.095,0.045,7.34E-72,,,
MTMR4,2.89E-76,0.106584599,0.134,0.071,8.10E-72,,,
KLK10,3.12E-76,-2.9777156,0.011,0.057,8.74E-72,,,
HTR2B,3.43E-76,0.211779637,0.074,0.032,9.60E-72,,,
MAATS1,3.53E-76,-3.634578372,0.007,0.05,9.89E-72,,,
ABCG1,3.58E-76,-3.204351325,0.012,0.06,1.00E-71,,,
KIAA1586,3.83E-76,0.206612028,0.113,0.057,1.07E-71,,,
GC,3.91E-76,3.013108741,0.012,0.001,1.10E-71,,,
AL080250.1,4.26E-76,0.254655016,0.078,0.034,1.19E-71,,,
TSPAN18,4.31E-76,-3.494217073,0.011,0.058,1.21E-71,,,
AC093158.1,4.35E-76,0.771096062,0.047,0.016,1.22E-71,,,
UBL7-AS1,4.63E-76,0.266841573,0.09,0.042,1.30E-71,,,
FAM3A,4.90E-76,0.224246292,0.091,0.042,1.37E-71,,,
LDB3,5.26E-76,0.441415968,0.037,0.011,1.47E-71,,,
OSR1,5.91E-76,-2.876198056,0.01,0.057,1.66E-71,,,
ARHGAP26,8.06E-76,-0.792359026,0.348,0.406,2.26E-71,,,
GIMAP8,8.31E-76,-3.659962935,0.01,0.057,2.33E-71,,,
C5orf17,9.53E-76,0.619222135,0.067,0.028,2.67E-71,,,
PRR26,1.00E-75,0.638503378,0.04,0.012,2.81E-71,,,
VAV1,1.00E-75,-3.574805458,0.014,0.062,2.81E-71,,,
LINC01901,1.13E-75,-4.368597618,0.004,0.046,3.17E-71,,,
ACADSB,1.18E-75,0.152767907,0.118,0.061,3.29E-71,,,
LINC00971,1.25E-75,2.073562633,0.015,0.002,3.49E-71,,,
AHR,1.30E-75,-2.21127579,0.035,0.093,3.65E-71,,,
EPN2,1.50E-75,-1.372888695,0.228,0.288,4.21E-71,,,
THNSL2,1.64E-75,0.273746213,0.09,0.042,4.60E-71,,,
UBAC2-AS1,1.94E-75,1.255097241,0.031,0.008,5.44E-71,,,
KCNK1,1.94E-75,-3.633829996,0.007,0.05,5.45E-71,,,
ITGA5,2.02E-75,-3.370306826,0.014,0.062,5.67E-71,,,
MPRIP,2.50E-75,-0.11641767,0.291,0.181,7.00E-71,,,
ZNF594,2.54E-75,0.180376451,0.12,0.062,7.13E-71,,,
P2RX7,2.95E-75,-2.571190047,0.024,0.078,8.26E-71,,,
IQSEC3,2.99E-75,0.518358344,0.036,0.01,8.39E-71,,,
SCD5,3.64E-75,-3.298636359,0.011,0.057,1.02E-70,,,
ATP7B,3.96E-75,-1.991628459,0.062,0.126,1.11E-70,,,
AL022328.4,4.06E-75,1.100615504,0.029,0.007,1.14E-70,,,
AP003059.2,4.23E-75,0.677354341,0.05,0.018,1.19E-70,,,
C4orf47,4.61E-75,-2.971302718,0.018,0.068,1.29E-70,,,
AC099522.2,5.81E-75,1.51783676,0.022,0.004,1.63E-70,,,
CHD3,6.26E-75,-2.195176477,0.044,0.105,1.75E-70,,,
AC019270.1,7.72E-75,1.073319968,0.023,0.005,2.16E-70,,,
AL136988.2,9.76E-75,0.753718192,0.043,0.014,2.74E-70,,,
CPXM1,9.94E-75,-2.636383911,0.018,0.068,2.79E-70,,,
BMP7,1.24E-74,-3.582292982,0.007,0.051,3.48E-70,,,
AC004477.1,1.26E-74,0.935927655,0.037,0.011,3.54E-70,,,
ARHGAP29,1.27E-74,-1.320906454,0.335,0.364,3.57E-70,,,
ADAMTS9,1.34E-74,-0.380498792,0.41,0.261,3.76E-70,,,
AC015813.1,1.44E-74,0.660363084,0.05,0.018,4.04E-70,,,
FRMPD4,1.48E-74,-3.625624166,0.015,0.063,4.15E-70,,,
ZNF441,1.70E-74,0.287094024,0.084,0.039,4.76E-70,,,
AC005740.3,1.70E-74,0.378932998,0.064,0.026,4.76E-70,,,
ZNF710,1.87E-74,-2.151205538,0.059,0.122,5.24E-70,,,
SELENOP,2.06E-74,-1.028405811,0.506,0.493,5.77E-70,,,
AP000941.1,2.17E-74,2.118296333,0.017,0.002,6.09E-70,,,
GPR137B,2.24E-74,-1.799913773,0.075,0.141,6.28E-70,,,
TMC5,2.63E-74,-2.333941716,0.028,0.082,7.37E-70,,,
NLRX1,2.76E-74,0.151757141,0.111,0.056,7.75E-70,,,
AC002383.1,2.90E-74,1.89553694,0.015,0.002,8.13E-70,,,
PYGB,3.05E-74,0.354312516,0.09,0.043,8.54E-70,,,
XPOT,3.13E-74,0.157768314,0.105,0.052,8.77E-70,,,
TARDBP,3.22E-74,0.129017684,0.116,0.06,9.02E-70,,,
AC069228.1,3.34E-74,1.130890556,0.025,0.006,9.36E-70,,,
AC015908.2,5.89E-74,-3.487885731,0.006,0.049,1.65E-69,,,
DZIP1L,6.38E-74,0.128197153,0.147,0.081,1.79E-69,,,
DCBLD2,6.76E-74,-1.352648445,0.26,0.309,1.89E-69,,,
MINDY3,8.31E-74,-0.12025256,0.287,0.179,2.33E-69,,,
AC141930.1,9.18E-74,2.187938566,0.015,0.002,2.57E-69,,,
FAM151B,9.28E-74,0.335938046,0.088,0.041,2.60E-69,,,
SYT12,9.92E-74,1.67091902,0.02,0.004,2.78E-69,,,
AL354811.1,1.10E-73,2.921857989,0.01,0,3.08E-69,,,
C11orf70,1.14E-73,0.693830374,0.051,0.019,3.19E-69,,,
BCDIN3D,1.21E-73,0.417191149,0.066,0.027,3.40E-69,,,
SLC31A1,1.38E-73,0.308931003,0.097,0.047,3.86E-69,,,
NCEH1,1.46E-73,-2.163915507,0.04,0.099,4.10E-69,,,
SLFN5,1.59E-73,-0.106003808,0.23,0.14,4.46E-69,,,
DLAT,1.66E-73,0.270186238,0.085,0.039,4.64E-69,,,
RBMS3-AS1,1.96E-73,0.619572953,0.046,0.016,5.49E-69,,,
HCK,2.31E-73,-3.316707754,0.014,0.061,6.47E-69,,,
AC007495.1,2.42E-73,0.939347907,0.032,0.009,6.80E-69,,,
ADCY9,2.56E-73,-1.759089291,0.102,0.17,7.18E-69,,,
AC068305.3,2.63E-73,1.146200897,0.031,0.008,7.37E-69,,,
AC037459.2,2.84E-73,-3.505837048,0.008,0.051,7.97E-69,,,
PRRT3-AS1,2.94E-73,0.405522012,0.074,0.032,8.25E-69,,,
AP000662.2,2.96E-73,-3.044222582,0.012,0.058,8.29E-69,,,
AC091946.1,3.16E-73,1.000076104,0.038,0.012,8.87E-69,,,
SLC25A10,3.36E-73,1.86808448,0.015,0.002,9.41E-69,,,
AC008056.1,3.37E-73,1.468187485,0.019,0.003,9.45E-69,,,
GPR153,3.51E-73,0.731239447,0.052,0.019,9.84E-69,,,
GYS2,3.62E-73,1.884340621,0.015,0.002,1.02E-68,,,
LINC01431,3.98E-73,1.816856762,0.018,0.003,1.11E-68,,,
POP5,4.12E-73,0.110943614,0.117,0.06,1.15E-68,,,
PPP4R2,4.34E-73,-0.124032404,0.344,0.22,1.22E-68,,,
SLC25A51,4.62E-73,0.866103318,0.03,0.008,1.29E-68,,,
AL133523.1,4.77E-73,0.379761159,0.063,0.025,1.34E-68,,,
LINC02381,4.92E-73,-2.536894872,0.02,0.07,1.38E-68,,,
PLLP,5.25E-73,-2.33710201,0.024,0.077,1.47E-68,,,
GSPT1,5.88E-73,-0.122053823,0.254,0.157,1.65E-68,,,
MAGI1-AS1,6.40E-73,-0.134995028,0.122,0.063,1.79E-68,,,
ZSCAN21,7.77E-73,0.218525622,0.084,0.039,2.18E-68,,,
ST6GALNAC6,8.73E-73,0.236871073,0.079,0.035,2.45E-68,,,
AC103702.2,1.01E-72,2.585022154,0.011,0.001,2.84E-68,,,
CHIC1,1.16E-72,-1.777729776,0.079,0.144,3.26E-68,,,
WDFY4,1.21E-72,-3.206396892,0.013,0.06,3.40E-68,,,
WFS1,1.34E-72,0.295176549,0.069,0.029,3.75E-68,,,
PDZD7,1.45E-72,1.383190656,0.025,0.006,4.06E-68,,,
TSPAN4,1.60E-72,-1.43565723,0.158,0.227,4.50E-68,,,
SSX2IP,1.65E-72,-3.406153167,0.008,0.05,4.62E-68,,,
AP005212.5,2.06E-72,1.196438485,0.028,0.007,5.76E-68,,,
BDH2,2.29E-72,-1.696420928,0.087,0.154,6.42E-68,,,
ARHGDIG,2.48E-72,1.149712356,0.026,0.006,6.96E-68,,,
TYK2,2.76E-72,0.102879177,0.108,0.055,7.73E-68,,,
EGFL7,2.98E-72,-3.242389345,0.02,0.07,8.37E-68,,,
BTC,3.02E-72,0.469737972,0.05,0.018,8.46E-68,,,
SUSD5,3.72E-72,-3.193047036,0.01,0.055,1.04E-67,,,
PHACTR2,3.95E-72,-1.375384888,0.254,0.307,1.11E-67,,,
TIGD7,4.25E-72,0.199053162,0.088,0.041,1.19E-67,,,
MRPL45,4.59E-72,0.237336269,0.084,0.039,1.29E-67,,,
SLC2A9,4.64E-72,-2.964129885,0.019,0.069,1.30E-67,,,
SLC22A14,4.92E-72,1.61163065,0.018,0.003,1.38E-67,,,
AC144652.1,5.22E-72,1.31196123,0.019,0.003,1.46E-67,,,
FAM53C,5.23E-72,0.169961996,0.1,0.05,1.47E-67,,,
HCG27,5.36E-72,0.120826634,0.096,0.046,1.50E-67,,,
TGFB2,7.31E-72,-2.470154316,0.024,0.076,2.05E-67,,,
ILDR2,8.30E-72,-3.245467453,0.006,0.046,2.33E-67,,,
AC097480.1,8.37E-72,-4.699314294,0.003,0.042,2.35E-67,,,
PP2D1,8.43E-72,0.338699315,0.069,0.029,2.36E-67,,,
PCOLCE,8.57E-72,-2.162568311,0.037,0.094,2.40E-67,,,
KIAA1522,8.61E-72,-2.214103577,0.03,0.085,2.41E-67,,,
LINC01081,8.92E-72,3.319778281,0.01,0.001,2.50E-67,,,
CTSS,8.92E-72,-1.797022276,0.137,0.202,2.50E-67,,,
PSKH1,9.78E-72,0.25334112,0.084,0.039,2.74E-67,,,
PDE2A,9.93E-72,-3.482950673,0.009,0.053,2.78E-67,,,
ARL4D,1.12E-71,-2.714393481,0.015,0.061,3.13E-67,,,
ZNF844,1.13E-71,0.249703155,0.091,0.044,3.18E-67,,,
AC138028.4,1.13E-71,1.627050633,0.018,0.003,3.18E-67,,,
TGFBI,1.14E-71,-2.026229711,0.06,0.122,3.20E-67,,,
SNX16,1.41E-71,0.123397118,0.105,0.053,3.95E-67,,,
AC005225.3,1.45E-71,1.245768478,0.03,0.008,4.05E-67,,,
LEKR1,1.52E-71,0.284650234,0.088,0.042,4.25E-67,,,
TRABD2B,1.73E-71,-4.332894643,0.006,0.046,4.85E-67,,,
FAM153C,2.26E-71,-4.297135597,0.003,0.041,6.33E-67,,,
RPS18,2.51E-71,-1.305722435,0.301,0.35,7.02E-67,,,
LINC00562,2.74E-71,1.839013374,0.019,0.003,7.68E-67,,,
ZC3H12B,3.00E-71,-2.26020378,0.037,0.093,8.42E-67,,,
IGFBP2,3.61E-71,-2.011580374,0.04,0.098,1.01E-66,,,
AC020978.4,3.63E-71,0.470215426,0.046,0.016,1.02E-66,,,
TVP23B,4.03E-71,0.269967411,0.091,0.044,1.13E-66,,,
AL359851.1,4.33E-71,1.953057775,0.014,0.002,1.21E-66,,,
TRIB1,5.06E-71,0.845579261,0.043,0.015,1.42E-66,,,
SIRPA,5.51E-71,-2.349450323,0.029,0.083,1.54E-66,,,
AC005154.5,5.73E-71,0.550694733,0.046,0.016,1.61E-66,,,
MLH3,6.02E-71,-0.101135169,0.258,0.16,1.69E-66,,,
CASP10,6.61E-71,-2.618670853,0.023,0.073,1.85E-66,,,
CLCN4,6.82E-71,0.862587651,0.032,0.009,1.91E-66,,,
EVC2,7.54E-71,-1.725848628,0.085,0.151,2.11E-66,,,
KPNA1,8.03E-71,-0.142313242,0.302,0.191,2.25E-66,,,
ACAA2,8.40E-71,0.184127774,0.111,0.058,2.35E-66,,,
AC021517.1,8.47E-71,2.173450309,0.016,0.002,2.37E-66,,,
LINC01504,8.75E-71,0.27238483,0.116,0.061,2.45E-66,,,
HECTD3,9.69E-71,0.562811684,0.057,0.023,2.71E-66,,,
TMEM72,9.71E-71,2.482453721,0.013,0.001,2.72E-66,,,
BTNL8,1.07E-70,-2.829673233,0.013,0.058,2.99E-66,,,
CR1,1.09E-70,-3.356765975,0.013,0.059,3.05E-66,,,
GPRC5A,1.16E-70,-3.385897297,0.008,0.051,3.26E-66,,,
AC124861.1,1.43E-70,-4.737272525,0.002,0.039,4.01E-66,,,
TMEM87A,1.60E-70,-0.112014455,0.371,0.242,4.49E-66,,,
HSF1,1.74E-70,0.138089882,0.115,0.06,4.89E-66,,,
PIP4K2A,1.78E-70,-1.868744463,0.15,0.213,4.99E-66,,,
AC106820.5,1.79E-70,1.855345566,0.019,0.003,5.02E-66,,,
DNAJC22,2.26E-70,-3.122015276,0.008,0.049,6.33E-66,,,
COX7A1,2.32E-70,0.259481365,0.055,0.021,6.49E-66,,,
AL355336.1,2.34E-70,1.132786243,0.031,0.008,6.55E-66,,,
ZNF500,2.60E-70,0.204694663,0.092,0.045,7.28E-66,,,
HARS2,2.76E-70,0.156900231,0.108,0.055,7.73E-66,,,
NRK,2.78E-70,-3.584998967,0.007,0.047,7.80E-66,,,
LSP1,2.82E-70,-3.417735263,0.013,0.058,7.91E-66,,,
AL356134.1,2.88E-70,-7.187982581,0,0.036,8.06E-66,,,
EIF4EBP1,3.06E-70,0.429993259,0.074,0.033,8.57E-66,,,
AL158832.1,3.15E-70,1.137574022,0.025,0.006,8.83E-66,,,
AL049637.1,3.17E-70,0.498181773,0.053,0.02,8.89E-66,,,
ATP1A1,3.28E-70,-1.441387636,0.137,0.206,9.20E-66,,,
SPOCK1,3.31E-70,-3.359039223,0.024,0.074,9.28E-66,,,
CCND2,3.54E-70,-1.913266528,0.044,0.103,9.92E-66,,,
KALRN,3.70E-70,-1.572187732,0.271,0.318,1.04E-65,,,
CD86,3.75E-70,-3.214852174,0.012,0.057,1.05E-65,,,
AC004148.2,4.27E-70,0.334096449,0.065,0.027,1.20E-65,,,
AC025181.2,4.31E-70,1.333733209,0.023,0.005,1.21E-65,,,
PLCD4,4.41E-70,0.674944818,0.038,0.012,1.24E-65,,,
ADAM20,4.53E-70,1.711496542,0.021,0.004,1.27E-65,,,
KLHL3,4.86E-70,-0.1220925,0.084,0.039,1.36E-65,,,
SCOC-AS1,6.60E-70,0.799830773,0.037,0.012,1.85E-65,,,
LINC00982,7.13E-70,1.189516496,0.019,0.003,2.00E-65,,,
AC087190.2,7.41E-70,0.110721594,0.114,0.059,2.08E-65,,,
YTHDF3,7.88E-70,-0.122908361,0.282,0.178,2.21E-65,,,
F11R,8.03E-70,0.413862735,0.061,0.025,2.25E-65,,,
ASB16,8.32E-70,0.452450844,0.055,0.021,2.33E-65,,,
GPATCH2,9.06E-70,-0.132984598,0.385,0.25,2.54E-65,,,
ALOX5,9.86E-70,-3.294303497,0.014,0.06,2.76E-65,,,
GDAP1,1.03E-69,-2.334107093,0.021,0.071,2.88E-65,,,
UCP1,1.18E-69,1.618545488,0.017,0.003,3.31E-65,,,
KIZ-AS1,1.32E-69,-0.106334005,0.191,0.113,3.69E-65,,,
NCAM2,1.37E-69,-2.653122107,0.036,0.091,3.83E-65,,,
MTMR7,1.48E-69,-1.989621915,0.045,0.102,4.15E-65,,,
ADAMTS13,1.54E-69,0.588223543,0.047,0.017,4.31E-65,,,
AL450306.1,1.60E-69,0.619876557,0.041,0.013,4.49E-65,,,
MYO18B,1.83E-69,1.135315469,0.025,0.006,5.12E-65,,,
AC092329.3,1.96E-69,0.660883416,0.042,0.014,5.48E-65,,,
PLB1,2.03E-69,-3.221978817,0.01,0.053,5.69E-65,,,
ZNF425,2.09E-69,0.316525406,0.074,0.033,5.87E-65,,,
TMPRSS11A,2.18E-69,0.573369721,0.056,0.022,6.10E-65,,,
PIGP,2.19E-69,0.148140741,0.097,0.048,6.15E-65,,,
AGTR1,2.41E-69,-3.100535431,0.017,0.064,6.75E-65,,,
DOCK4-AS1,2.58E-69,-4.10803822,0.005,0.045,7.22E-65,,,
AL034417.4,2.83E-69,0.789234948,0.042,0.014,7.93E-65,,,
AL096855.1,3.25E-69,0.481464669,0.048,0.017,9.12E-65,,,
MUSK,3.82E-69,-3.433950153,0.011,0.055,1.07E-64,,,
CYP4X1,3.90E-69,-2.47664839,0.026,0.077,1.09E-64,,,
GADL1,4.45E-69,-3.430120935,0.005,0.045,1.25E-64,,,
AL136982.6,4.82E-69,0.503298161,0.067,0.029,1.35E-64,,,
AC010632.1,4.84E-69,0.684881885,0.039,0.013,1.36E-64,,,
FAM105A,5.04E-69,-3.056607891,0.016,0.062,1.41E-64,,,
SCN11A,5.30E-69,0.922866259,0.029,0.008,1.48E-64,,,
BTRC,5.41E-69,-0.103716407,0.422,0.277,1.51E-64,,,
NUCB2,5.79E-69,-1.593543331,0.109,0.175,1.62E-64,,,
APOL3,5.80E-69,-2.492592463,0.025,0.075,1.63E-64,,,
ZBTB8OS,6.10E-69,-0.110649751,0.241,0.149,1.71E-64,,,
PPWD1,6.18E-69,-0.122584733,0.253,0.157,1.73E-64,,,
ZNF516,6.74E-69,-1.667102498,0.092,0.158,1.89E-64,,,
ANGPTL5,7.08E-69,1.606296921,0.017,0.003,1.98E-64,,,
LINC01562,7.33E-69,1.736795556,0.017,0.003,2.05E-64,,,
NPEPL1,8.53E-69,0.253224073,0.079,0.037,2.39E-64,,,
IL33,1.02E-68,-3.509885923,0.012,0.056,2.87E-64,,,
AC010615.2,1.21E-68,0.628666015,0.053,0.02,3.40E-64,,,
IQCM,1.25E-68,0.903329723,0.036,0.011,3.51E-64,,,
AP000919.2,1.27E-68,0.212876785,0.066,0.028,3.56E-64,,,
AL157895.1,1.28E-68,1.065135952,0.024,0.005,3.59E-64,,,
NBAT1,1.29E-68,-3.173662834,0.014,0.059,3.62E-64,,,
ADRA1B,1.46E-68,-2.447764585,0.031,0.084,4.09E-64,,,
SYCE1,1.51E-68,2.417826744,0.012,0.001,4.23E-64,,,
NME4,1.77E-68,0.428571268,0.063,0.026,4.96E-64,,,
NIPSNAP2,1.92E-68,-0.111283361,0.242,0.15,5.39E-64,,,
ZFP36L1,1.98E-68,-1.081024202,0.307,0.352,5.56E-64,,,
STK24,2.01E-68,0.127482,0.289,0.189,5.63E-64,,,
SAFB,2.04E-68,-0.155110243,0.26,0.163,5.72E-64,,,
RAB38,2.07E-68,-2.912141175,0.012,0.056,5.80E-64,,,
AL049870.3,2.08E-68,0.49248687,0.046,0.017,5.82E-64,,,
CYP51A1-AS1,2.38E-68,0.888512075,0.035,0.011,6.66E-64,,,
RPL13,2.47E-68,-1.270636485,0.356,0.385,6.91E-64,,,
AL035420.1,2.50E-68,1.870590984,0.016,0.002,7.01E-64,,,
SRRM2-AS1,2.55E-68,1.095504113,0.027,0.007,7.15E-64,,,
STK38,2.89E-68,-1.398088338,0.212,0.27,8.09E-64,,,
MS4A4A,3.10E-68,-2.367632359,0.046,0.102,8.70E-64,,,
CXorf56,3.20E-68,0.380506637,0.06,0.025,8.96E-64,,,
AC097460.1,3.25E-68,0.901203692,0.039,0.013,9.12E-64,,,
TMEM11,3.70E-68,0.418377763,0.064,0.027,1.04E-63,,,
MYO7B,4.07E-68,1.094435534,0.022,0.004,1.14E-63,,,
TGM1,4.54E-68,-2.808024344,0.011,0.053,1.27E-63,,,
AC015712.2,4.68E-68,-3.181612954,0.011,0.053,1.31E-63,,,
DSP,4.73E-68,-2.397814674,0.017,0.064,1.33E-63,,,
FOS,5.35E-68,-2.678235066,0.046,0.102,1.50E-63,,,
PRR14L,5.58E-68,-0.111044878,0.29,0.185,1.56E-63,,,
ACCS,6.21E-68,0.11649232,0.123,0.066,1.74E-63,,,
PDZRN3-AS1,6.40E-68,2.385148026,0.011,0.001,1.79E-63,,,
NTN4,6.77E-68,-3.157709071,0.014,0.058,1.90E-63,,,
CCDC171,6.85E-68,-0.12634033,0.235,0.144,1.92E-63,,,
TCF12,7.01E-68,-0.668151814,0.69,0.606,1.96E-63,,,
ESF1,7.11E-68,-0.11492552,0.272,0.172,1.99E-63,,,
LTC4S,7.55E-68,-2.212989781,0.032,0.085,2.12E-63,,,
COL14A1,7.90E-68,-2.565363464,0.034,0.087,2.21E-63,,,
PLCG2,8.09E-68,-2.783308013,0.029,0.08,2.27E-63,,,
GUCY1A3,8.56E-68,-3.588623596,0.015,0.059,2.40E-63,,,
FUT9,8.91E-68,2.230458478,0.017,0.003,2.50E-63,,,
CNTN1,9.08E-68,-2.91823163,0.022,0.07,2.55E-63,,,
LINC02268,9.93E-68,-2.801111894,0.018,0.064,2.78E-63,,,
FLJ21408,1.06E-67,0.244589893,0.071,0.032,2.98E-63,,,
NID2,1.08E-67,-2.011261943,0.069,0.13,3.02E-63,,,
AC040173.1,1.09E-67,1.75100324,0.017,0.003,3.05E-63,,,
AP003438.1,1.14E-67,1.225151903,0.024,0.005,3.18E-63,,,
SPINK5,1.15E-67,1.399247044,0.019,0.003,3.21E-63,,,
SLC48A1,1.22E-67,-2.468363735,0.031,0.083,3.43E-63,,,
VHL,1.27E-67,0.192974064,0.097,0.049,3.57E-63,,,
ERBIN,1.39E-67,-0.976955797,0.399,0.415,3.89E-63,,,
ANO2,1.43E-67,-3.947862774,0.019,0.065,4.01E-63,,,
MUT,1.52E-67,0.13413615,0.114,0.06,4.25E-63,,,
PPP3CC,1.56E-67,-1.285693955,0.284,0.327,4.39E-63,,,
AC020637.1,1.57E-67,-0.327892901,0.039,0.013,4.40E-63,,,
IFITM3,1.60E-67,-1.643935792,0.11,0.176,4.50E-63,,,
RASAL2,1.64E-67,-1.386988892,0.271,0.32,4.60E-63,,,
NEDD4,1.87E-67,-1.959760452,0.076,0.137,5.25E-63,,,
TPD52,2.17E-67,-2.660584733,0.024,0.072,6.09E-63,,,
HFM1,2.21E-67,0.245303149,0.102,0.052,6.19E-63,,,
C1orf27,2.29E-67,-0.145524888,0.244,0.151,6.43E-63,,,
SNX24,2.50E-67,-1.755639486,0.145,0.208,7.00E-63,,,
FLRT3,2.85E-67,-2.263105242,0.031,0.083,7.98E-63,,,
SPINK9,3.03E-67,1.080654646,0.025,0.006,8.49E-63,,,
AL157702.2,3.58E-67,2.627712343,0.012,0.001,1.00E-62,,,
TRIM38,3.62E-67,-1.69692273,0.103,0.167,1.02E-62,,,
DOK6,4.39E-67,-2.337475502,0.041,0.095,1.23E-62,,,
SLFN12L,4.55E-67,-2.893541582,0.027,0.077,1.27E-62,,,
HP,4.66E-67,-2.000805216,0.058,0.117,1.31E-62,,,
AC078828.1,6.07E-67,2.469591952,0.012,0.001,1.70E-62,,,
ISPD,6.94E-67,-0.127645082,0.147,0.082,1.95E-62,,,
MX2,7.34E-67,-3.303405379,0.012,0.055,2.06E-62,,,
AC011290.1,8.45E-67,1.747545215,0.018,0.003,2.37E-62,,,
CEP68,8.52E-67,-0.177411483,0.234,0.144,2.39E-62,,,
MIR548A1HG,9.40E-67,1.367865335,0.015,0.002,2.63E-62,,,
LINC-PINT,1.04E-66,-0.53571777,0.625,0.591,2.92E-62,,,
WNT9A,1.23E-66,-4.019417339,0.004,0.04,3.44E-62,,,
LIMS2,1.26E-66,-2.370890616,0.024,0.073,3.53E-62,,,
ARPC5,1.40E-66,-1.395175562,0.15,0.216,3.93E-62,,,
LINC01270,1.53E-66,2.026632331,0.014,0.002,4.30E-62,,,
SMAP1,1.54E-66,-0.158519418,0.3,0.193,4.32E-62,,,
AL078581.3,1.60E-66,0.189566209,0.089,0.043,4.48E-62,,,
PDK3,1.63E-66,-2.541248203,0.027,0.077,4.56E-62,,,
TRIM14,1.67E-66,-2.38533719,0.032,0.083,4.67E-62,,,
AL445228.2,2.03E-66,2.158070332,0.013,0.001,5.68E-62,,,
NUP98,2.13E-66,-0.153018369,0.322,0.208,5.98E-62,,,
PTGDR,2.23E-66,-3.459996785,0.01,0.051,6.25E-62,,,
LMOD3,2.43E-66,0.878625709,0.03,0.008,6.82E-62,,,
MELTF-AS1,3.31E-66,0.668172951,0.044,0.015,9.27E-62,,,
CCAR1,3.49E-66,-0.151700242,0.361,0.237,9.79E-62,,,
CD200R1,4.09E-66,-3.463512094,0.011,0.053,1.15E-61,,,
CTSL,4.36E-66,-0.121699568,0.325,0.211,1.22E-61,,,
LSM1,4.43E-66,0.295066312,0.062,0.026,1.24E-61,,,
RECQL5,4.51E-66,0.311019712,0.079,0.037,1.26E-61,,,
MTRF1,4.81E-66,0.135647365,0.11,0.058,1.35E-61,,,
ADM,5.97E-66,-0.212754812,0.098,0.049,1.67E-61,,,
SPATA1,6.33E-66,-0.189566273,0.236,0.146,1.77E-61,,,
ORC5,6.51E-66,-0.111468324,0.208,0.127,1.82E-61,,,
ZMYND8,6.66E-66,-0.182786594,0.348,0.226,1.87E-61,,,
MX1,7.28E-66,-2.575940854,0.02,0.067,2.04E-61,,,
SLC7A14,7.64E-66,-3.708053956,0.007,0.045,2.14E-61,,,
AC007541.1,8.26E-66,0.659893644,0.04,0.014,2.31E-61,,,
GOSR1,9.13E-66,-0.139763098,0.275,0.175,2.56E-61,,,
PPP5D1,9.86E-66,0.48312611,0.059,0.025,2.76E-61,,,
LINC00482,1.03E-65,0.53050026,0.035,0.011,2.88E-61,,,
AC008691.1,1.07E-65,-3.401249509,0.014,0.057,2.99E-61,,,
EIF3K,1.13E-65,-0.174539774,0.209,0.127,3.16E-61,,,
SLX4IP,1.13E-65,-0.117394783,0.235,0.146,3.17E-61,,,
AC092650.1,1.22E-65,1.043652453,0.028,0.007,3.41E-61,,,
AC084125.2,1.36E-65,1.82165634,0.017,0.003,3.80E-61,,,
AL162258.2,1.45E-65,1.309928478,0.02,0.004,4.08E-61,,,
AC098820.1,1.56E-65,1.062043402,0.025,0.006,4.38E-61,,,
AC109811.1,1.70E-65,0.801314335,0.038,0.013,4.76E-61,,,
CIITA,1.71E-65,-3.493856539,0.012,0.053,4.78E-61,,,
AC023509.4,1.73E-65,1.374513662,0.024,0.006,4.86E-61,,,
PPP1R14A,2.00E-65,0.259144303,0.043,0.015,5.60E-61,,,
CREBRF,2.02E-65,-0.180012662,0.347,0.225,5.67E-61,,,
COX5A,2.09E-65,0.160585005,0.092,0.046,5.87E-61,,,
ADH6,2.09E-65,0.43030414,0.055,0.022,5.87E-61,,,
AC092747.1,2.45E-65,1.37917623,0.024,0.006,6.86E-61,,,
PDCD7,2.66E-65,-0.112303548,0.253,0.159,7.45E-61,,,
AC025178.1,2.68E-65,0.264597353,0.068,0.03,7.52E-61,,,
TGM2,2.74E-65,-2.530441296,0.014,0.058,7.69E-61,,,
AC073529.1,2.80E-65,0.418337441,0.06,0.025,7.85E-61,,,
CCNL2,3.39E-65,-0.153691856,0.381,0.25,9.49E-61,,,
MMP16,3.64E-65,-3.184846412,0.018,0.063,1.02E-60,,,
ARRDC1-AS1,3.72E-65,0.414181045,0.054,0.022,1.04E-60,,,
BAIAP2L2,3.75E-65,0.139186579,0.098,0.05,1.05E-60,,,
LRCH1,3.83E-65,-1.748535965,0.124,0.186,1.07E-60,,,
TSPAN10,3.98E-65,0.920836075,0.029,0.008,1.11E-60,,,
MEI4,4.12E-65,1.704239238,0.019,0.004,1.15E-60,,,
ENTPD1,4.25E-65,-2.771094719,0.03,0.08,1.19E-60,,,
ZSWIM6,4.28E-65,-1.288808209,0.381,0.394,1.20E-60,,,
MAGI3,4.39E-65,-1.186196621,0.273,0.319,1.23E-60,,,
NT5E,4.69E-65,-2.696765123,0.016,0.06,1.31E-60,,,
CYP2U1,4.83E-65,0.148582493,0.095,0.048,1.35E-60,,,
EMCN,5.10E-65,-3.309428085,0.034,0.084,1.43E-60,,,
AC098679.2,5.28E-65,2.865481282,0.01,0.001,1.48E-60,,,
NPC1,5.60E-65,-0.156836225,0.243,0.152,1.57E-60,,,
CIAPIN1,6.04E-65,0.293337113,0.072,0.032,1.69E-60,,,
AC104463.2,6.43E-65,1.99196847,0.015,0.002,1.80E-60,,,
CYTH1,6.56E-65,-1.805160673,0.148,0.207,1.84E-60,,,
KIAA1109,6.87E-65,-0.950938945,0.419,0.425,1.92E-60,,,
HGF,9.52E-65,-2.889994243,0.014,0.056,2.67E-60,,,
TRNP1,1.07E-64,-3.916975166,0.003,0.039,2.99E-60,,,
LINC01474,1.08E-64,0.822647595,0.03,0.008,3.03E-60,,,
PRRC2B,1.09E-64,-0.125511915,0.392,0.26,3.07E-60,,,
ABCC11,1.13E-64,0.924229509,0.029,0.008,3.16E-60,,,
HLA-F-AS1,1.30E-64,-2.738835901,0.015,0.058,3.64E-60,,,
USP22,1.34E-64,-0.12270485,0.26,0.165,3.76E-60,,,
THYN1,1.46E-64,0.395277266,0.065,0.028,4.10E-60,,,
AC011498.1,1.67E-64,1.396167352,0.023,0.005,4.67E-60,,,
ARRB2,1.75E-64,-2.460245636,0.016,0.06,4.90E-60,,,
INMT,1.77E-64,-2.15406813,0.029,0.079,4.95E-60,,,
STXBP5,1.80E-64,-1.208679878,0.287,0.328,5.03E-60,,,
AL161669.3,2.11E-64,-3.827814376,0.005,0.042,5.93E-60,,,
DDX46,2.41E-64,-0.100297074,0.531,0.356,6.75E-60,,,
SPRY1,2.58E-64,-1.403277878,0.233,0.284,7.22E-60,,,
FBXW10,2.90E-64,1.200308403,0.019,0.004,8.13E-60,,,
AL139807.1,2.96E-64,-0.191970907,0.159,0.092,8.28E-60,,,
PSORS1C1,3.12E-64,-4.063692054,0.004,0.04,8.75E-60,,,
DDX25,3.65E-64,-5.946124812,0.001,0.035,1.02E-59,,,
CADM3,4.31E-64,-2.518335233,0.012,0.053,1.21E-59,,,
LINC02407,4.59E-64,2.79289506,0.01,0.001,1.29E-59,,,
CERNA1,4.63E-64,-3.676047833,0.005,0.042,1.30E-59,,,
ARHGAP23,5.23E-64,-2.448591621,0.028,0.077,1.46E-59,,,
HSPB6,5.39E-64,0.460214662,0.04,0.014,1.51E-59,,,
INMT-MINDY4,5.60E-64,-4.030597954,0.006,0.042,1.57E-59,,,
AC008764.2,5.75E-64,0.511518717,0.046,0.017,1.61E-59,,,
SH2B3,6.33E-64,-2.1389573,0.062,0.119,1.77E-59,,,
AAK1,6.33E-64,-0.123253755,0.496,0.334,1.78E-59,,,
MTMR2,7.35E-64,-0.139337259,0.213,0.131,2.06E-59,,,
SSC5D,7.35E-64,-3.138336071,0.009,0.048,2.06E-59,,,
LINC00863,7.80E-64,0.622654002,0.045,0.017,2.19E-59,,,
AC091887.1,9.45E-64,0.126047088,0.1,0.051,2.65E-59,,,
KIF19,9.56E-64,2.036896642,0.012,0.001,2.68E-59,,,
CEP295,9.63E-64,-0.133405287,0.222,0.138,2.70E-59,,,
SDR39U1,1.02E-63,0.107662878,0.088,0.043,2.86E-59,,,
LRRC53,1.04E-63,1.277115069,0.022,0.005,2.92E-59,,,
DEAF1,1.23E-63,-0.107757998,0.187,0.113,3.44E-59,,,
AC245060.6,1.23E-63,0.256722324,0.068,0.03,3.45E-59,,,
CTBP2,1.29E-63,-1.286331675,0.231,0.284,3.62E-59,,,
BAIAP2L1,1.36E-63,-2.352198453,0.028,0.076,3.80E-59,,,
RUSC2,1.46E-63,-0.125102072,0.239,0.15,4.08E-59,,,
ZNF496,1.52E-63,-2.534230341,0.018,0.063,4.26E-59,,,
ZNF436,1.96E-63,0.671801595,0.042,0.015,5.50E-59,,,
AC005841.2,2.05E-63,0.695143666,0.039,0.014,5.74E-59,,,
LINC02516,2.11E-63,0.768637152,0.033,0.01,5.90E-59,,,
AFAP1L1,2.55E-63,-0.237608014,0.147,0.083,7.16E-59,,,
RNF125,2.97E-63,0.361713092,0.051,0.02,8.33E-59,,,
CCNJ,2.98E-63,0.433129005,0.062,0.027,8.36E-59,,,
PDXDC1,3.03E-63,-0.1076363,0.47,0.317,8.50E-59,,,
KLRG1,3.29E-63,-0.274623191,0.084,0.04,9.22E-59,,,
ITGA6,3.32E-63,-2.350234454,0.056,0.112,9.31E-59,,,
RAB11B-AS1,3.33E-63,0.431643232,0.056,0.023,9.32E-59,,,
PDLIM1,4.06E-63,-1.84150458,0.058,0.115,1.14E-58,,,
AC004825.2,4.30E-63,1.987556142,0.013,0.002,1.21E-58,,,
TRAF3IP2,4.43E-63,-0.12957468,0.182,0.109,1.24E-58,,,
PPP3CA,4.79E-63,-0.883961662,0.495,0.481,1.34E-58,,,
KIRREL1,4.92E-63,-0.132417371,0.315,0.205,1.38E-58,,,
CD84,5.01E-63,-2.410746894,0.024,0.071,1.40E-58,,,
ADH5,5.29E-63,-0.161226527,0.268,0.17,1.48E-58,,,
AGMO,5.30E-63,0.182330127,0.087,0.043,1.48E-58,,,
DDAH1,5.59E-63,-2.446550009,0.038,0.089,1.57E-58,,,
C3orf49,5.91E-63,0.15066201,0.08,0.038,1.66E-58,,,
SMAD2,6.56E-63,-0.123015649,0.418,0.279,1.84E-58,,,
JADE3,6.86E-63,0.206628715,0.077,0.036,1.92E-58,,,
FLNA,7.00E-63,-1.570424497,0.106,0.169,1.96E-58,,,
AC025171.2,7.57E-63,0.508031805,0.037,0.012,2.12E-58,,,
AL035563.1,7.72E-63,0.599016414,0.049,0.019,2.16E-58,,,
ALDH8A1,8.00E-63,1.073392292,0.03,0.009,2.24E-58,,,
AL445259.1,8.21E-63,1.96986687,0.016,0.003,2.30E-58,,,
AC079328.3,8.71E-63,-3.736614023,0.006,0.042,2.44E-58,,,
ALG1,8.87E-63,0.322701669,0.06,0.026,2.49E-58,,,
KCTD12,8.93E-63,-2.05206346,0.034,0.085,2.50E-58,,,
LRRC36,9.14E-63,-3.488322637,0.008,0.046,2.56E-58,,,
TMPRSS5,9.22E-63,1.330649248,0.021,0.005,2.58E-58,,,
MED15,9.66E-63,-0.132205694,0.274,0.176,2.71E-58,,,
AL049840.1,1.02E-62,-0.109074972,0.143,0.081,2.85E-58,,,
CBR4,1.06E-62,-0.127115534,0.489,0.329,2.98E-58,,,
DARS,1.07E-62,-0.117976499,0.274,0.177,3.00E-58,,,
PHYHD1,1.13E-62,0.111330519,0.107,0.056,3.18E-58,,,
LINC01352,1.14E-62,1.25582998,0.02,0.004,3.20E-58,,,
RUFY2,1.25E-62,-0.135147775,0.385,0.256,3.49E-58,,,
RECK,1.28E-62,-1.544722595,0.124,0.186,3.59E-58,,,
TBXAS1,1.31E-62,-2.59034949,0.075,0.131,3.68E-58,,,
CCDC102B,1.41E-62,-2.134423118,0.144,0.202,3.95E-58,,,
CDC34,1.51E-62,0.505604656,0.054,0.022,4.24E-58,,,
PTPN18,1.59E-62,-1.819253661,0.059,0.117,4.46E-58,,,
SRFBP1,1.75E-62,-0.111915593,0.201,0.123,4.91E-58,,,
FUT10,1.86E-62,-0.100185286,0.181,0.109,5.22E-58,,,
TMEM138,1.90E-62,0.133777785,0.101,0.053,5.32E-58,,,
TXK,1.91E-62,-2.948070047,0.017,0.061,5.35E-58,,,
NRP2,1.94E-62,-0.184106439,0.236,0.151,5.43E-58,,,
SECISBP2,1.95E-62,-1.198927492,0.273,0.315,5.47E-58,,,
VPS54,2.03E-62,-0.137070335,0.436,0.29,5.69E-58,,,
AC036108.3,2.14E-62,0.817626445,0.035,0.011,6.00E-58,,,
CBL,2.27E-62,-0.210393453,0.238,0.149,6.36E-58,,,
C9orf131,2.37E-62,1.870066788,0.017,0.003,6.65E-58,,,
GPR137C,2.63E-62,0.466261296,0.066,0.029,7.37E-58,,,
LDLRAD2,2.82E-62,0.561989206,0.037,0.012,7.90E-58,,,
AC055855.2,3.06E-62,0.257836719,0.076,0.036,8.59E-58,,,
NFATC3,3.21E-62,-0.154634781,0.374,0.248,8.99E-58,,,
DDN-AS1,3.45E-62,0.554818974,0.045,0.017,9.66E-58,,,
SPDYE16,3.80E-62,-4.037010694,0.003,0.037,1.07E-57,,,
NTN1,3.83E-62,-2.760528893,0.022,0.067,1.07E-57,,,
AC092171.4,3.96E-62,0.513577515,0.045,0.017,1.11E-57,,,
RGS7BP,4.06E-62,0.73592262,0.029,0.008,1.14E-57,,,
ZBTB38,4.07E-62,-0.188067322,0.302,0.195,1.14E-57,,,
AL109936.8,4.32E-62,0.15414132,0.084,0.041,1.21E-57,,,
HOOK1,4.32E-62,-3.194505432,0.006,0.042,1.21E-57,,,
AC027701.1,4.34E-62,2.963789424,0.01,0.001,1.22E-57,,,
TMEM220,4.35E-62,-0.150023872,0.249,0.158,1.22E-57,,,
ALMS1,4.48E-62,-0.134586405,0.231,0.145,1.25E-57,,,
AC083923.2,4.55E-62,-3.425386071,0.008,0.046,1.27E-57,,,
D2HGDH,5.04E-62,-0.114381669,0.207,0.127,1.41E-57,,,
AC011933.4,5.10E-62,-0.291932426,0.201,0.122,1.43E-57,,,
C4orf51,5.28E-62,0.796730237,0.028,0.008,1.48E-57,,,
GAS1RR,5.87E-62,-1.862610072,0.054,0.11,1.65E-57,,,
FGFR1OP2,6.07E-62,-1.33508122,0.184,0.243,1.70E-57,,,
ESRRB,6.19E-62,1.054081199,0.026,0.007,1.73E-57,,,
ZNF236,7.57E-62,-0.124906421,0.213,0.132,2.12E-57,,,
ZNF491,7.84E-62,0.510396141,0.047,0.018,2.20E-57,,,
TMX4,8.28E-62,-1.711264613,0.087,0.148,2.32E-57,,,
PPP2R5B,9.06E-62,0.410087356,0.059,0.025,2.54E-57,,,
ST7L,9.13E-62,-0.164375553,0.301,0.194,2.56E-57,,,
STMN3,9.24E-62,-3.05551676,0.013,0.053,2.59E-57,,,
DPYD-AS1,1.01E-61,-1.265568402,0.252,0.301,2.83E-57,,,
NXF5,1.05E-61,2.673992788,0.01,0.001,2.95E-57,,,
SERTM1,1.07E-61,-3.925270582,0.004,0.038,3.01E-57,,,
SSBP4,1.10E-61,-1.972127208,0.052,0.106,3.08E-57,,,
AC073842.2,1.13E-61,0.290601176,0.054,0.022,3.16E-57,,,
NOL12,1.17E-61,0.379039745,0.061,0.026,3.27E-57,,,
NEB,1.18E-61,0.347343849,0.094,0.048,3.32E-57,,,
LINC00621,1.24E-61,1.031416874,0.028,0.008,3.48E-57,,,
RFC1,1.29E-61,-0.132357097,0.326,0.214,3.61E-57,,,
TMEM173,1.36E-61,-2.69600919,0.014,0.055,3.81E-57,,,
AC126768.2,1.55E-61,0.350915859,0.051,0.02,4.35E-57,,,
LINC01933,1.86E-61,0.898928134,0.025,0.007,5.21E-57,,,
NPIPB2,1.87E-61,0.351716885,0.064,0.029,5.23E-57,,,
DNAJB7,1.89E-61,0.703417159,0.035,0.012,5.31E-57,,,
PRKRA,2.01E-61,-0.11771453,0.196,0.12,5.64E-57,,,
CALCOCO1,2.03E-61,-0.178915686,0.39,0.257,5.70E-57,,,
AC012568.1,2.18E-61,0.550964039,0.037,0.013,6.12E-57,,,
AL359265.3,2.19E-61,0.678804709,0.041,0.015,6.13E-57,,,
AC018523.2,2.22E-61,0.912700086,0.027,0.007,6.23E-57,,,
CISH,2.39E-61,1.219814536,0.02,0.004,6.69E-57,,,
AC027644.3,2.41E-61,0.39636049,0.06,0.026,6.76E-57,,,
NARS2,2.44E-61,-0.156272917,0.211,0.13,6.85E-57,,,
ZNF829,2.45E-61,0.555922545,0.057,0.024,6.85E-57,,,
WBP2NL,2.46E-61,0.137379904,0.115,0.063,6.89E-57,,,
DET1,2.52E-61,0.123313308,0.093,0.047,7.07E-57,,,
AL356258.1,2.58E-61,0.166144527,0.058,0.025,7.24E-57,,,
USE1,2.60E-61,0.126557208,0.083,0.04,7.29E-57,,,
RBM5-AS1,2.72E-61,0.414202454,0.055,0.023,7.63E-57,,,
VTI1B,2.85E-61,0.202530354,0.085,0.042,7.98E-57,,,
LINC02145,2.87E-61,0.969277974,0.031,0.009,8.03E-57,,,
COX19,2.97E-61,-0.15806931,0.155,0.09,8.32E-57,,,
ADCY7,3.00E-61,-2.130230201,0.042,0.094,8.40E-57,,,
C5orf63,3.16E-61,0.216543205,0.076,0.036,8.85E-57,,,
DBF4B,3.21E-61,0.220586273,0.088,0.044,8.98E-57,,,
UBE2G1,3.55E-61,-0.150357763,0.243,0.154,9.94E-57,,,
AC008750.4,3.62E-61,1.67203518,0.014,0.002,1.02E-56,,,
MANBA,3.69E-61,-1.626188327,0.138,0.197,1.03E-56,,,
AC015813.2,3.92E-61,0.165659373,0.106,0.057,1.10E-56,,,
SLPI,4.07E-61,-1.755791533,0.099,0.159,1.14E-56,,,
PRPF4B,4.13E-61,-0.10628739,0.535,0.362,1.16E-56,,,
CYFIP2,4.13E-61,-3.620598944,0.009,0.047,1.16E-56,,,
ZNRF1,4.70E-61,-0.10796382,0.156,0.091,1.32E-56,,,
HSD17B1,4.79E-61,0.58570614,0.042,0.015,1.34E-56,,,
AC025569.1,5.15E-61,-3.640136773,0.009,0.046,1.44E-56,,,
THUMPD3-AS1,5.33E-61,-0.171391127,0.358,0.236,1.49E-56,,,
AC021088.1,5.66E-61,-3.523884,0.006,0.041,1.59E-56,,,
LINC01950,6.02E-61,0.655004897,0.042,0.015,1.69E-56,,,
AC024940.1,6.76E-61,2.173517709,0.012,0.002,1.90E-56,,,
CD163L1,6.78E-61,-2.938555047,0.046,0.098,1.90E-56,,,
AC105942.1,7.75E-61,0.675888516,0.04,0.014,2.17E-56,,,
PTRH1,8.38E-61,0.238235094,0.08,0.039,2.35E-56,,,
AL451048.1,8.41E-61,-3.424429782,0.006,0.042,2.36E-56,,,
RNF165,8.76E-61,-3.321070071,0.01,0.048,2.45E-56,,,
AC068051.1,9.28E-61,0.327357954,0.164,0.1,2.60E-56,,,
FIRRE,9.34E-61,0.54875785,0.048,0.019,2.62E-56,,,
MGAT4C,9.81E-61,-3.48141678,0.012,0.052,2.75E-56,,,
PLCL2,9.97E-61,-0.353385263,0.329,0.209,2.79E-56,,,
Z99289.2,1.03E-60,0.708881848,0.042,0.016,2.88E-56,,,
PID1,1.07E-60,-1.026074157,0.371,0.228,3.01E-56,,,
AC073626.1,1.12E-60,2.187417336,0.012,0.001,3.14E-56,,,
AC005833.3,1.17E-60,0.87644223,0.029,0.008,3.29E-56,,,
KCNA4,1.32E-60,-2.776806064,0.012,0.051,3.70E-56,,,
NUP133,1.33E-60,-0.114913756,0.205,0.127,3.74E-56,,,
TXNDC8,1.55E-60,2.376056181,0.012,0.002,4.35E-56,,,
ST6GAL2,1.57E-60,-3.49055299,0.006,0.042,4.40E-56,,,
IZUMO4,1.73E-60,0.988507267,0.026,0.007,4.85E-56,,,
AC027279.1,1.79E-60,0.344237396,0.052,0.021,5.03E-56,,,
RUBCNL,1.82E-60,-2.926437862,0.014,0.054,5.10E-56,,,
AL606760.2,1.83E-60,0.444206068,0.047,0.018,5.12E-56,,,
ARMC8,1.93E-60,-0.108913065,0.344,0.228,5.41E-56,,,
P4HA1,1.98E-60,-1.479849591,0.164,0.223,5.54E-56,,,
FAT3,2.03E-60,-2.391240627,0.045,0.097,5.69E-56,,,
CHAD,2.35E-60,0.608594775,0.046,0.018,6.59E-56,,,
ENTPD1-AS1,2.39E-60,-0.411977853,0.42,0.278,6.70E-56,,,
MOV10L1,2.39E-60,0.808487866,0.037,0.012,6.71E-56,,,
KLK12,2.46E-60,-4.576729666,0.002,0.033,6.88E-56,,,
HMGXB4,2.47E-60,-0.101642842,0.163,0.097,6.91E-56,,,
KCNJ10,2.51E-60,-3.279540397,0.011,0.05,7.04E-56,,,
CCDC68,2.57E-60,-3.982204741,0.006,0.041,7.19E-56,,,
CDC42EP3,2.60E-60,-3.0359163,0.016,0.057,7.27E-56,,,
AC087477.2,2.78E-60,-2.415227822,0.023,0.068,7.79E-56,,,
INTS6L,2.79E-60,-1.987332063,0.051,0.105,7.81E-56,,,
ABCD3,2.94E-60,-0.126756033,0.202,0.125,8.23E-56,,,
CFAP58,2.95E-60,1.189745379,0.022,0.005,8.28E-56,,,
FPR1,3.19E-60,-3.517686134,0.011,0.049,8.94E-56,,,
WLS,3.23E-60,-1.432584173,0.157,0.218,9.06E-56,,,
LRAT,3.43E-60,-2.66898343,0.017,0.058,9.60E-56,,,
LINC01982,3.57E-60,-3.313649711,0.006,0.042,9.99E-56,,,
AC004893.2,3.62E-60,-0.119980328,0.192,0.118,1.02E-55,,,
ARL17B,3.71E-60,0.210313223,0.169,0.104,1.04E-55,,,
RASGRF2-AS1,3.75E-60,1.97920151,0.012,0.001,1.05E-55,,,
AC051619.5,3.95E-60,0.706537858,0.05,0.02,1.11E-55,,,
DPY19L2,4.40E-60,-3.132655345,0.01,0.048,1.23E-55,,,
AC011472.1,4.61E-60,0.530288066,0.038,0.013,1.29E-55,,,
CLDN20,4.74E-60,0.322323615,0.051,0.021,1.33E-55,,,
AC087289.4,4.84E-60,1.888688272,0.013,0.002,1.36E-55,,,
FAM98A,5.04E-60,0.209520006,0.081,0.04,1.41E-55,,,
ETV5,5.16E-60,-3.114070333,0.013,0.053,1.45E-55,,,
TESK1,5.38E-60,0.44876298,0.041,0.015,1.51E-55,,,
AL157834.1,5.51E-60,1.487061429,0.019,0.004,1.54E-55,,,
CNTN4-AS2,5.73E-60,-4.450292025,0.003,0.035,1.61E-55,,,
FAM160B1,5.85E-60,-0.165957869,0.269,0.173,1.64E-55,,,
AC018797.2,5.91E-60,0.270776056,0.072,0.034,1.66E-55,,,
FAM110C,6.21E-60,-2.948126738,0.007,0.042,1.74E-55,,,
NUP58,6.22E-60,-0.170452805,0.207,0.128,1.74E-55,,,
ZFY-AS1,6.34E-60,0.210261909,0.071,0.033,1.78E-55,,,
DGKD,6.43E-60,-0.201582689,0.168,0.1,1.80E-55,,,
C3orf67,6.45E-60,0.927111077,0.032,0.01,1.81E-55,,,
KCNMB2-AS1,6.46E-60,-2.374247286,0.047,0.099,1.81E-55,,,
PTPRJ,6.47E-60,-1.637310409,0.155,0.213,1.81E-55,,,
MT2A,6.61E-60,-2.061256197,0.066,0.122,1.85E-55,,,
ITGA2B,6.85E-60,0.764976015,0.035,0.012,1.92E-55,,,
ARRDC3-AS1,7.14E-60,0.369948403,0.054,0.022,2.00E-55,,,
LINC01515,7.57E-60,-1.482338659,0.122,0.183,2.12E-55,,,
LINC02235,7.62E-60,2.538880095,0.01,0.001,2.13E-55,,,
AC026471.2,7.75E-60,1.132055986,0.027,0.007,2.17E-55,,,
RPS19,9.39E-60,-1.346969219,0.26,0.307,2.63E-55,,,
GLMN,9.50E-60,-0.161382607,0.21,0.13,2.66E-55,,,
MIR34AHG,9.80E-60,-1.977483859,0.032,0.08,2.75E-55,,,
MAMDC2,9.89E-60,-2.020281399,0.15,0.207,2.77E-55,,,
C1RL-AS1,1.02E-59,-2.7862478,0.016,0.058,2.85E-55,,,
GPS1,1.13E-59,0.472187744,0.05,0.02,3.17E-55,,,
TRPC5,1.20E-59,1.088222231,0.023,0.006,3.37E-55,,,
HYLS1,1.32E-59,0.455329259,0.051,0.021,3.70E-55,,,
AC110048.2,1.37E-59,1.299475563,0.019,0.004,3.84E-55,,,
NUDT13,1.40E-59,0.122348201,0.091,0.047,3.91E-55,,,
ZC3H15,1.67E-59,-0.163377615,0.229,0.145,4.67E-55,,,
CYS1,1.73E-59,-2.929566943,0.011,0.049,4.85E-55,,,
LMO7-AS1,1.74E-59,0.1570286,0.076,0.037,4.89E-55,,,
VEGFD,1.75E-59,0.216743027,0.041,0.015,4.92E-55,,,
BAZ1B,1.98E-59,-0.154301045,0.27,0.175,5.56E-55,,,
EGFR-AS1,2.01E-59,0.57638655,0.035,0.011,5.65E-55,,,
MASP2,2.15E-59,0.213145241,0.074,0.035,6.02E-55,,,
UBAP2,2.33E-59,-0.150721723,0.317,0.209,6.53E-55,,,
TNFRSF8,2.59E-59,-3.500104707,0.006,0.042,7.26E-55,,,
RHOBTB1,2.84E-59,-1.719692639,0.073,0.129,7.96E-55,,,
06-Sep,2.92E-59,-2.872222204,0.019,0.061,8.18E-55,,,
SPATA7,3.17E-59,-0.146599813,0.218,0.137,8.90E-55,,,
RAD51B,3.20E-59,-0.154298728,0.613,0.419,8.97E-55,,,
AP1S2,3.34E-59,-2.297099454,0.031,0.078,9.37E-55,,,
KCTD7,3.88E-59,0.155060906,0.083,0.041,1.09E-54,,,
HAS1,3.96E-59,-3.626293434,0.008,0.044,1.11E-54,,,
ARMC4,4.29E-59,-2.546804517,0.016,0.057,1.20E-54,,,
ZDHHC8,4.32E-59,0.186484436,0.08,0.039,1.21E-54,,,
IFITM2,4.50E-59,-1.662127098,0.072,0.129,1.26E-54,,,
NFIL3,4.52E-59,0.357116158,0.057,0.024,1.27E-54,,,
HHIP,4.61E-59,-1.879179405,0.11,0.169,1.29E-54,,,
ZNF503-AS1,5.12E-59,0.917676718,0.028,0.008,1.44E-54,,,
AL445685.1,5.33E-59,0.878706092,0.03,0.009,1.49E-54,,,
APOB,5.40E-59,1.735953735,0.014,0.002,1.51E-54,,,
AC009975.2,5.85E-59,1.411170258,0.02,0.004,1.64E-54,,,
GEMIN2,5.90E-59,0.152948846,0.081,0.04,1.65E-54,,,
TRIM16L,5.94E-59,0.67302606,0.043,0.016,1.66E-54,,,
MCM3AP,6.26E-59,-0.164045823,0.251,0.161,1.75E-54,,,
COLGALT2,6.37E-59,-2.753418304,0.016,0.057,1.78E-54,,,
ZNF326,6.67E-59,-0.132635915,0.254,0.164,1.87E-54,,,
LUM,9.70E-59,-1.553106396,0.213,0.263,2.72E-54,,,
VPS39,1.01E-58,-0.153655131,0.23,0.146,2.83E-54,,,
MBNL3,1.09E-58,-1.448278376,0.147,0.207,3.05E-54,,,
MYNN,1.11E-58,0.135872739,0.101,0.054,3.12E-54,,,
SRSF1,1.13E-58,-0.140875489,0.217,0.137,3.16E-54,,,
DMXL1,1.31E-58,-0.112437499,0.509,0.345,3.66E-54,,,
TMEM184C,1.37E-58,-0.102881387,0.184,0.113,3.84E-54,,,
CYYR1,1.51E-58,-3.889797268,0.011,0.048,4.22E-54,,,
SLC25A21-AS1,1.56E-58,0.552799618,0.047,0.018,4.36E-54,,,
TRAM2,1.78E-58,-2.079202979,0.048,0.1,4.99E-54,,,
RPL34-AS1,1.81E-58,0.195015638,0.074,0.035,5.08E-54,,,
RAB11FIP3,1.83E-58,-1.755974196,0.101,0.159,5.14E-54,,,
FILIP1,1.96E-58,-2.216156524,0.072,0.127,5.49E-54,,,
RNF6,1.97E-58,0.180583596,0.091,0.047,5.51E-54,,,
IFI27,1.97E-58,-1.63282922,0.105,0.165,5.52E-54,,,
SGK494,2.01E-58,0.803973389,0.034,0.011,5.64E-54,,,
AC005920.2,2.17E-58,-0.128252051,0.132,0.075,6.07E-54,,,
MCU,2.19E-58,-1.466857788,0.162,0.219,6.14E-54,,,
TMEM209,2.20E-58,0.112128365,0.115,0.064,6.16E-54,,,
ZSCAN29,2.30E-58,0.283250266,0.071,0.033,6.46E-54,,,
FBXO28,2.54E-58,-0.204612932,0.249,0.159,7.12E-54,,,
P3H2,2.59E-58,-2.384197265,0.028,0.074,7.25E-54,,,
RRAGB,2.67E-58,-0.127009327,0.221,0.14,7.48E-54,,,
TMEM147-AS1,2.79E-58,0.6160428,0.039,0.014,7.82E-54,,,
EPB41L5,2.82E-58,-0.137254041,0.235,0.149,7.90E-54,,,
WNT11,2.88E-58,0.216588053,0.05,0.02,8.08E-54,,,
CEP76,2.91E-58,0.280418054,0.076,0.037,8.16E-54,,,
LINC01505,2.95E-58,0.127629555,0.05,0.021,8.27E-54,,,
MIPOL1,3.01E-58,-0.194595763,0.346,0.227,8.43E-54,,,
CPLX1,3.23E-58,-3.483224023,0.007,0.041,9.05E-54,,,
PNMA1,3.32E-58,0.54840969,0.037,0.013,9.31E-54,,,
HDAC5,3.47E-58,-0.101227424,0.137,0.079,9.73E-54,,,
MECOM,3.55E-58,-3.886546427,0.035,0.083,9.94E-54,,,
EML6,3.55E-58,0.366354369,0.056,0.024,9.94E-54,,,
USP53,3.58E-58,-0.367961953,0.449,0.304,1.00E-53,,,
DOCK3,3.91E-58,-1.615013327,0.092,0.151,1.10E-53,,,
CYBB,4.36E-58,-1.834461927,0.083,0.14,1.22E-53,,,
CCDC181,4.64E-58,0.648135236,0.035,0.012,1.30E-53,,,
NCOR2,4.69E-58,-1.260072325,0.2,0.255,1.31E-53,,,
LINC01493,4.71E-58,2.19380596,0.012,0.001,1.32E-53,,,
CSRP1,4.96E-58,-2.29893752,0.023,0.067,1.39E-53,,,
LEF1,5.10E-58,-3.43500637,0.009,0.045,1.43E-53,,,
C15orf41,5.19E-58,-1.653184478,0.096,0.154,1.45E-53,,,
AC021231.1,5.39E-58,-0.139854613,0.166,0.099,1.51E-53,,,
COG6,5.47E-58,-0.177612353,0.251,0.161,1.53E-53,,,
LZTS2,5.72E-58,0.141930381,0.077,0.037,1.60E-53,,,
ABCC1,5.82E-58,-1.506280969,0.141,0.2,1.63E-53,,,
SLC47A2,6.28E-58,0.308949092,0.076,0.037,1.76E-53,,,
AC096564.1,6.60E-58,-0.367048575,0.21,0.13,1.85E-53,,,
ADGRL4,7.32E-58,-3.51278963,0.018,0.059,2.05E-53,,,
SEZ6L2,7.59E-58,-2.80117654,0.01,0.047,2.13E-53,,,
AL365277.1,7.73E-58,0.170633953,0.087,0.044,2.17E-53,,,
AC011483.2,7.79E-58,-4.759899731,0.003,0.034,2.18E-53,,,
C16orf95,8.14E-58,0.579152826,0.036,0.012,2.28E-53,,,
PKD1P6-NPIPP1,8.26E-58,0.299499403,0.07,0.033,2.31E-53,,,
MXRA5,8.41E-58,-2.324543292,0.021,0.063,2.36E-53,,,
AC026979.3,8.73E-58,0.582151386,0.04,0.015,2.45E-53,,,
CA1,9.90E-58,-2.428539153,0.024,0.068,2.78E-53,,,
AC023632.2,1.07E-57,0.387190467,0.055,0.023,3.01E-53,,,
SMC5,1.16E-57,-1.108452162,0.296,0.332,3.26E-53,,,
ITGA11,1.31E-57,-3.027893972,0.021,0.063,3.68E-53,,,
07-Mar,1.47E-57,-0.136867303,0.482,0.328,4.11E-53,,,
MINDY4,1.47E-57,-2.420727521,0.019,0.06,4.12E-53,,,
GRIP2,1.63E-57,-3.535722753,0.004,0.037,4.57E-53,,,
ZBTB32,1.66E-57,0.507554409,0.04,0.014,4.64E-53,,,
ATR,1.73E-57,-0.198373038,0.349,0.232,4.86E-53,,,
WDR45,1.82E-57,0.265058552,0.077,0.038,5.11E-53,,,
DNM1,1.90E-57,-1.861136635,0.098,0.155,5.32E-53,,,
AC092910.3,1.94E-57,0.423137115,0.057,0.025,5.45E-53,,,
AC024075.3,1.97E-57,0.318986907,0.056,0.024,5.51E-53,,,
AL365214.2,2.35E-57,1.074424013,0.025,0.007,6.59E-53,,,
AL513314.2,2.43E-57,2.510071212,0.011,0.001,6.80E-53,,,
GSTM3,3.19E-57,-2.160901817,0.038,0.087,8.95E-53,,,
NALCN-AS1,3.27E-57,1.383760902,0.02,0.005,9.18E-53,,,
SAMD9L,3.67E-57,-1.772262826,0.074,0.13,1.03E-52,,,
ACSS1,3.90E-57,-2.296818295,0.025,0.069,1.09E-52,,,
AL132780.1,4.01E-57,0.22706967,0.067,0.031,1.12E-52,,,
ABHD14A,4.10E-57,0.121257493,0.088,0.045,1.15E-52,,,
CXorf36,4.50E-57,-3.607023464,0.012,0.05,1.26E-52,,,
EDEM3,4.72E-57,-0.164797786,0.243,0.157,1.32E-52,,,
GREB1,4.88E-57,0.214857685,0.059,0.026,1.37E-52,,,
TTC39B,4.92E-57,-2.082234949,0.045,0.095,1.38E-52,,,
MRPL24,5.28E-57,0.210987098,0.079,0.039,1.48E-52,,,
AC009690.2,6.19E-57,-0.171820363,0.225,0.143,1.73E-52,,,
MED27,6.56E-57,-0.121202466,0.226,0.144,1.84E-52,,,
CCDC83,6.85E-57,1.092126272,0.021,0.005,1.92E-52,,,
BEX2,7.08E-57,-2.986302439,0.006,0.04,1.98E-52,,,
ZKSCAN3,8.44E-57,0.376060724,0.059,0.026,2.37E-52,,,
BCLAF3,8.46E-57,-0.111345784,0.17,0.103,2.37E-52,,,
BCAM,9.66E-57,-2.787152,0.016,0.055,2.71E-52,,,
AL512353.1,9.76E-57,0.817976823,0.031,0.01,2.73E-52,,,
ZNF549,1.01E-56,0.126776173,0.105,0.057,2.84E-52,,,
DFNA5,1.08E-56,-1.593117756,0.061,0.116,3.03E-52,,,
AC022126.1,1.22E-56,1.37264168,0.017,0.003,3.43E-52,,,
FRMD6-AS1,1.26E-56,-3.309297315,0.009,0.045,3.52E-52,,,
HMGCLL1,1.27E-56,-4.072731634,0.007,0.041,3.57E-52,,,
NAPA-AS1,1.29E-56,0.219985754,0.065,0.03,3.62E-52,,,
CRISPLD2,1.31E-56,-3.02833624,0.023,0.065,3.66E-52,,,
PLSCR4,1.39E-56,-0.912545084,0.455,0.441,3.89E-52,,,
NUP210L,1.42E-56,0.318251608,0.063,0.029,3.99E-52,,,
FAM153A,1.44E-56,-4.33961764,0.003,0.035,4.04E-52,,,
AFMID,1.55E-56,0.289713249,0.077,0.038,4.35E-52,,,
PIGB,1.60E-56,-0.146508751,0.161,0.096,4.48E-52,,,
STK32A-AS1,1.62E-56,1.055335896,0.02,0.004,4.55E-52,,,
CLDN16,1.63E-56,-3.40548605,0.004,0.036,4.58E-52,,,
GATA5,1.68E-56,-4.094103749,0.003,0.034,4.69E-52,,,
AC067750.1,1.89E-56,1.475119127,0.019,0.004,5.30E-52,,,
FARP2,1.97E-56,-0.159756874,0.242,0.156,5.52E-52,,,
RABEP1,1.97E-56,-0.195576326,0.381,0.255,5.52E-52,,,
RPLP2,1.99E-56,-0.315324411,0.422,0.282,5.58E-52,,,
RIMBP2,2.00E-56,-3.544959981,0.006,0.04,5.60E-52,,,
ZNF511,2.14E-56,0.387777608,0.054,0.023,6.00E-52,,,
BCAR3,2.22E-56,-0.157070142,0.435,0.294,6.22E-52,,,
HAUS3,2.22E-56,0.17412071,0.077,0.038,6.23E-52,,,
DUS1L,2.41E-56,0.125641753,0.083,0.042,6.74E-52,,,
PARP2,2.41E-56,0.15251962,0.089,0.046,6.77E-52,,,
NRG2,2.43E-56,-0.141655466,0.099,0.053,6.81E-52,,,
AL451074.2,2.51E-56,0.486428939,0.041,0.016,7.04E-52,,,
CYBA,2.58E-56,-1.480571219,0.161,0.218,7.24E-52,,,
AC004540.2,3.03E-56,1.360823032,0.018,0.004,8.49E-52,,,
FGD3,3.23E-56,-3.244118684,0.014,0.052,9.06E-52,,,
AC097372.1,3.33E-56,2.132715776,0.011,0.001,9.34E-52,,,
TMPRSS11D,3.33E-56,0.440803284,0.071,0.034,9.34E-52,,,
RBMX,3.64E-56,-0.13927994,0.473,0.32,1.02E-51,,,
AC103409.1,3.67E-56,-2.719533878,0.011,0.047,1.03E-51,,,
TRMT10B,3.77E-56,-0.191416341,0.282,0.185,1.06E-51,,,
KLHDC8B,3.81E-56,0.328179585,0.063,0.029,1.07E-51,,,
ITGAM,4.01E-56,-2.215279144,0.034,0.08,1.12E-51,,,
MORC2,4.53E-56,0.114945904,0.094,0.049,1.27E-51,,,
AOC2,4.54E-56,1.930372596,0.012,0.002,1.27E-51,,,
KANSL3,4.76E-56,-0.179449738,0.218,0.139,1.33E-51,,,
AL592183.1,5.08E-56,-0.122319807,0.189,0.117,1.42E-51,,,
MYLIP,5.55E-56,0.247721628,0.144,0.087,1.56E-51,,,
AC069544.1,5.64E-56,0.701539604,0.033,0.011,1.58E-51,,,
BAZ2B,5.64E-56,-0.625377216,0.631,0.568,1.58E-51,,,
KIF16B,5.70E-56,-0.257322916,0.233,0.149,1.60E-51,,,
ZNF35,6.56E-56,0.253242424,0.07,0.033,1.84E-51,,,
NUBPL,7.24E-56,-0.19164809,0.37,0.248,2.03E-51,,,
AL356020.1,7.24E-56,1.310232929,0.019,0.004,2.03E-51,,,
BST1,7.56E-56,-1.967455782,0.041,0.089,2.12E-51,,,
HIF1A-AS2,7.89E-56,-0.196293774,0.207,0.13,2.21E-51,,,
ENPEP,8.62E-56,-3.109495108,0.014,0.053,2.42E-51,,,
AP003555.1,8.87E-56,1.245157249,0.011,0.001,2.48E-51,,,
RPL8,8.98E-56,-1.441764888,0.177,0.234,2.52E-51,,,
POSTN,9.06E-56,-3.124829835,0.02,0.061,2.54E-51,,,
FCHO2,9.37E-56,-1.193122593,0.293,0.325,2.63E-51,,,
AC099669.1,9.48E-56,-0.159193461,0.273,0.179,2.66E-51,,,
AL592166.1,9.75E-56,0.686022199,0.037,0.013,2.73E-51,,,
ADD3,9.88E-56,-1.168238739,0.345,0.364,2.77E-51,,,
NLRC5,9.97E-56,-2.130817382,0.036,0.083,2.79E-51,,,
C7,1.05E-55,-1.886109651,0.228,0.272,2.96E-51,,,
IBTK,1.07E-55,-0.162383914,0.367,0.246,3.01E-51,,,
LUC7L2,1.08E-55,0.116177673,0.113,0.063,3.02E-51,,,
AC019069.1,1.08E-55,2.358210146,0.011,0.001,3.02E-51,,,
PRELID3A,1.37E-55,0.285083614,0.072,0.035,3.83E-51,,,
ASAP2,1.37E-55,-0.188844695,0.33,0.22,3.83E-51,,,
GMDS-AS1,1.37E-55,-0.112914916,0.594,0.408,3.83E-51,,,
FMNL3,1.39E-55,-2.637874478,0.021,0.062,3.89E-51,,,
SLC25A17,1.41E-55,-0.139739293,0.169,0.103,3.96E-51,,,
PXMP2,1.49E-55,0.887518598,0.033,0.011,4.17E-51,,,
AC063979.2,1.59E-55,2.081438064,0.014,0.002,4.46E-51,,,
AFAP1L2,1.70E-55,-4.055721302,0.005,0.036,4.76E-51,,,
ESCO1,1.71E-55,-0.194163784,0.23,0.147,4.80E-51,,,
CNGA4,1.74E-55,1.077744545,0.019,0.004,4.88E-51,,,
C16orf89,1.90E-55,0.408477381,0.04,0.015,5.33E-51,,,
MAP3K8,2.12E-55,-1.465892678,0.16,0.216,5.93E-51,,,
FBLN2,2.14E-55,-0.271042833,0.164,0.098,6.00E-51,,,
ETV4,2.15E-55,0.590935264,0.037,0.013,6.04E-51,,,
TCTE3,2.21E-55,0.188390479,0.077,0.038,6.18E-51,,,
AC021078.1,2.24E-55,-0.160076126,0.163,0.099,6.27E-51,,,
SEPHS1,2.28E-55,0.128114709,0.084,0.043,6.40E-51,,,
PIDD1,2.32E-55,0.538164262,0.043,0.016,6.50E-51,,,
CDK12,2.33E-55,-0.163879191,0.342,0.229,6.53E-51,,,
AC092159.2,2.36E-55,0.803575195,0.028,0.009,6.62E-51,,,
YME1L1,2.47E-55,-0.183402914,0.316,0.21,6.92E-51,,,
AC016027.1,2.60E-55,1.278458764,0.018,0.004,7.28E-51,,,
AL355574.1,2.95E-55,0.606579202,0.036,0.012,8.27E-51,,,
CPXM2,3.01E-55,-3.065813103,0.017,0.057,8.45E-51,,,
AL118516.1,3.50E-55,0.402794337,0.051,0.021,9.82E-51,,,
IST1,3.60E-55,-0.163157341,0.236,0.153,1.01E-50,,,
FAM161A,4.17E-55,0.371808944,0.055,0.024,1.17E-50,,,
TNS3,4.25E-55,-1.156371322,0.389,0.39,1.19E-50,,,
ANKRD30B,5.14E-55,-2.384438448,0.015,0.053,1.44E-50,,,
EIF4B,5.16E-55,-0.142081306,0.227,0.146,1.45E-50,,,
BRAP,5.20E-55,-0.115896858,0.157,0.094,1.46E-50,,,
ID4,5.39E-55,0.231264203,0.237,0.158,1.51E-50,,,
ARHGDIB,5.65E-55,-2.797764968,0.017,0.057,1.58E-50,,,
COPS5,5.83E-55,-0.106979899,0.163,0.099,1.63E-50,,,
AC087565.3,6.13E-55,0.178620783,0.036,0.013,1.72E-50,,,
MIS18BP1,7.10E-55,-0.188085004,0.383,0.257,1.99E-50,,,
SPG7,7.18E-55,-0.198038176,0.3,0.199,2.01E-50,,,
AC131934.1,7.22E-55,0.158631898,0.078,0.039,2.02E-50,,,
AP000721.2,7.34E-55,0.160451378,0.054,0.023,2.06E-50,,,
AC093535.1,7.57E-55,-2.234066594,0.033,0.078,2.12E-50,,,
AC024267.4,7.69E-55,0.331031595,0.058,0.026,2.16E-50,,,
IDH2,7.85E-55,0.180109728,0.079,0.04,2.20E-50,,,
LRPPRC,8.11E-55,-0.198408133,0.327,0.218,2.27E-50,,,
CD4,8.16E-55,-2.337813197,0.032,0.077,2.29E-50,,,
EHD4,8.22E-55,-2.282545588,0.044,0.092,2.30E-50,,,
AC037487.1,9.13E-55,1.730719126,0.015,0.003,2.56E-50,,,
GANC,9.89E-55,-0.175284709,0.237,0.153,2.77E-50,,,
PTRH2,1.01E-54,-0.239999867,0.291,0.191,2.83E-50,,,
C14orf93,1.02E-54,0.143555233,0.076,0.038,2.85E-50,,,
EMP3,1.11E-54,-1.540498785,0.13,0.187,3.10E-50,,,
HCLS1,1.16E-54,-2.449119733,0.03,0.074,3.26E-50,,,
CALHM2,1.19E-54,-3.276837641,0.007,0.04,3.34E-50,,,
ARHGAP28,1.20E-54,-1.465989373,0.239,0.278,3.35E-50,,,
ADAMTS15,1.28E-54,0.171958469,0.083,0.043,3.58E-50,,,
PFKM,1.55E-54,-2.246039617,0.02,0.061,4.35E-50,,,
AC009065.4,1.56E-54,0.983011007,0.021,0.005,4.39E-50,,,
KCNK5,1.66E-54,-3.312493199,0.008,0.041,4.66E-50,,,
ALG9,1.72E-54,0.304700181,0.048,0.02,4.81E-50,,,
P4HA2-AS1,1.73E-54,-3.179177229,0.01,0.045,4.85E-50,,,
AC008966.1,1.76E-54,1.140383024,0.02,0.005,4.93E-50,,,
KCNH5,1.77E-54,-3.41667764,0.01,0.045,4.96E-50,,,
DACT2,1.78E-54,-3.173935239,0.004,0.035,4.98E-50,,,
PRKCI,1.78E-54,-1.434157055,0.141,0.197,4.99E-50,,,
AL162414.1,1.88E-54,-4.011898291,0.009,0.044,5.26E-50,,,
RGS10,1.88E-54,-2.781515995,0.012,0.049,5.27E-50,,,
AL022069.1,1.95E-54,0.918092097,0.024,0.007,5.45E-50,,,
FBXL22,1.96E-54,1.060492014,0.018,0.004,5.50E-50,,,
FNDC3A,2.01E-54,-0.951126462,0.4,0.405,5.64E-50,,,
AC090630.1,2.04E-54,-3.800188121,0.008,0.041,5.71E-50,,,
AC020911.2,2.08E-54,-2.887130656,0.009,0.044,5.83E-50,,,
TAF13,2.44E-54,0.261817937,0.06,0.027,6.84E-50,,,
AC003988.1,2.47E-54,2.158496397,0.011,0.001,6.93E-50,,,
PKD2L2,2.48E-54,-0.167922511,0.14,0.082,6.94E-50,,,
AC009120.6,2.53E-54,1.866498013,0.015,0.003,7.09E-50,,,
EPHA2,2.77E-54,-3.564353754,0.006,0.039,7.77E-50,,,
NEIL2,2.99E-54,0.334492526,0.036,0.013,8.38E-50,,,
RDH12,3.13E-54,2.269153148,0.013,0.002,8.78E-50,,,
OSBPL6,3.19E-54,0.155148777,0.084,0.043,8.95E-50,,,
C14orf132,3.24E-54,-2.830964239,0.009,0.044,9.09E-50,,,
VIRMA,3.43E-54,-0.197113145,0.234,0.151,9.62E-50,,,
ELP2,3.56E-54,-0.186776202,0.304,0.201,9.97E-50,,,
RUSC1-AS1,3.59E-54,0.546095015,0.033,0.011,1.01E-49,,,
DDX43,3.78E-54,0.62609684,0.03,0.01,1.06E-49,,,
ZCCHC17,4.20E-54,-0.152850607,0.143,0.085,1.18E-49,,,
AP002856.2,4.22E-54,-3.543693659,0.002,0.03,1.18E-49,,,
ELF4,4.47E-54,-3.539304988,0.007,0.039,1.25E-49,,,
UNC5B,5.18E-54,-3.532170092,0.006,0.039,1.45E-49,,,
TOX4,5.34E-54,-0.147012447,0.199,0.125,1.50E-49,,,
ADCY10,5.37E-54,0.709843572,0.036,0.013,1.50E-49,,,
AC090541.1,5.46E-54,-4.258307953,0.005,0.036,1.53E-49,,,
AC019117.1,5.87E-54,-3.625106045,0.005,0.037,1.64E-49,,,
PDE9A,6.03E-54,-2.965481905,0.013,0.05,1.69E-49,,,
HSPA9,6.25E-54,-0.151548469,0.204,0.129,1.75E-49,,,
PDE6B,6.69E-54,-4.12431275,0.004,0.034,1.87E-49,,,
AL359397.2,7.13E-54,0.741639476,0.027,0.008,2.00E-49,,,
AL513523.4,7.36E-54,0.760030393,0.029,0.009,2.06E-49,,,
LY6E,7.58E-54,-1.877353146,0.048,0.098,2.13E-49,,,
AC005208.1,7.81E-54,-3.287298835,0.005,0.036,2.19E-49,,,
WIPI2,7.97E-54,-0.121663539,0.162,0.099,2.23E-49,,,
SLC22A9,8.03E-54,1.560369842,0.014,0.002,2.25E-49,,,
WWC3,8.48E-54,-2.212323844,0.037,0.082,2.38E-49,,,
SNAPC1,8.81E-54,0.181812734,0.087,0.046,2.47E-49,,,
LRMP,9.37E-54,-2.742215826,0.016,0.054,2.63E-49,,,
CREBZF,9.62E-54,-0.178221426,0.309,0.205,2.70E-49,,,
LRRC49,9.78E-54,-2.284911637,0.033,0.078,2.74E-49,,,
COX15,1.00E-53,-0.125553355,0.151,0.091,2.81E-49,,,
NBPF14,1.01E-53,0.1272849,0.082,0.042,2.82E-49,,,
PRR4,1.04E-53,-0.144603983,0.179,0.111,2.92E-49,,,
AC104187.1,1.07E-53,2.155042388,0.01,0.001,2.99E-49,,,
RPAP1,1.16E-53,0.114131725,0.074,0.037,3.25E-49,,,
ADGRL2,1.21E-53,-0.275594228,0.344,0.228,3.39E-49,,,
DPEP2,1.30E-53,-3.976398503,0.005,0.036,3.63E-49,,,
ADAP2,1.31E-53,-2.453404144,0.076,0.127,3.68E-49,,,
AL354892.1,1.36E-53,1.035914331,0.026,0.008,3.81E-49,,,
OXLD1,1.47E-53,0.293119095,0.062,0.029,4.11E-49,,,
ZNF665,1.51E-53,0.155812566,0.084,0.043,4.22E-49,,,
TMEM43,1.56E-53,-1.636152088,0.084,0.139,4.36E-49,,,
TRIM61,1.59E-53,0.507019521,0.033,0.011,4.45E-49,,,
AL139274.2,1.59E-53,0.879597216,0.025,0.007,4.46E-49,,,
AC108861.1,1.60E-53,-5.290672784,0.001,0.029,4.47E-49,,,
CFAP54,1.78E-53,-2.660912409,0.017,0.055,5.00E-49,,,
AC099499.1,1.82E-53,1.334095331,0.02,0.005,5.10E-49,,,
ZNF7,1.86E-53,-0.125658752,0.171,0.105,5.22E-49,,,
TENM2,1.94E-53,-2.881859134,0.024,0.065,5.44E-49,,,
GSTO2,2.02E-53,0.645531589,0.029,0.009,5.65E-49,,,
AC010457.1,2.14E-53,1.036154052,0.018,0.004,6.00E-49,,,
ASTN2,2.21E-53,-0.254744119,0.213,0.135,6.21E-49,,,
Z93930.2,2.26E-53,-0.189265755,0.233,0.15,6.32E-49,,,
WISP1,2.34E-53,-3.950048138,0.003,0.033,6.57E-49,,,
BIN2,2.41E-53,-2.896441115,0.011,0.047,6.76E-49,,,
MZF1-AS1,2.45E-53,-0.123734299,0.156,0.094,6.86E-49,,,
AC008738.2,2.45E-53,1.719871128,0.011,0.002,6.87E-49,,,
AC007000.3,2.54E-53,-0.172114079,0.251,0.163,7.11E-49,,,
ADIRF-AS1,2.56E-53,0.31208667,0.043,0.017,7.19E-49,,,
AC013472.2,2.59E-53,0.579673316,0.029,0.009,7.26E-49,,,
BAG3,3.06E-53,0.224407071,0.059,0.027,8.57E-49,,,
LINC01715,3.22E-53,0.77142295,0.028,0.009,9.03E-49,,,
CEACAM8,3.31E-53,1.863962982,0.01,0.001,9.27E-49,,,
AL353593.3,3.50E-53,-3.503453578,0.004,0.035,9.80E-49,,,
PTMA,3.70E-53,-1.479996641,0.168,0.221,1.04E-48,,,
RFLNA,3.82E-53,-1.99895353,0.037,0.082,1.07E-48,,,
PRRT2,3.99E-53,-4.198221949,0.005,0.036,1.12E-48,,,
AC087286.2,3.99E-53,-1.530243593,0.101,0.157,1.12E-48,,,
CHADL,4.03E-53,0.780841433,0.029,0.009,1.13E-48,,,
TSPAN2,4.04E-53,-2.373020431,0.027,0.07,1.13E-48,,,
LINC02331,4.13E-53,1.820606009,0.016,0.003,1.16E-48,,,
DYSF,4.27E-53,-3.445972404,0.009,0.042,1.20E-48,,,
SLC38A10,4.79E-53,-0.190447021,0.187,0.117,1.34E-48,,,
AC007666.1,4.80E-53,1.491926896,0.013,0.002,1.34E-48,,,
NEK1,5.05E-53,-0.161491866,0.389,0.264,1.42E-48,,,
BTN3A1,5.06E-53,-1.933999738,0.048,0.097,1.42E-48,,,
AL513211.1,5.11E-53,-4.276168194,0.002,0.031,1.43E-48,,,
APOL1,5.93E-53,-2.207555126,0.017,0.055,1.66E-48,,,
ARMT1,6.05E-53,0.276254596,0.071,0.035,1.70E-48,,,
AC055733.2,6.28E-53,-0.121860849,0.144,0.085,1.76E-48,,,
MT1E,6.43E-53,-2.036661017,0.039,0.085,1.80E-48,,,
CD53,6.65E-53,-2.342091341,0.037,0.082,1.86E-48,,,
PHKG1,6.83E-53,0.141401161,0.081,0.042,1.91E-48,,,
PMS1,6.85E-53,-0.179955388,0.234,0.151,1.92E-48,,,
SLC9A3R1,6.86E-53,-2.194004534,0.024,0.065,1.92E-48,,,
ISCA1,7.01E-53,0.104719886,0.096,0.052,1.97E-48,,,
AP1G2,7.20E-53,-2.213502278,0.022,0.063,2.02E-48,,,
MAP2K5,7.22E-53,-0.139219491,0.439,0.301,2.02E-48,,,
POU2F1,7.52E-53,-0.173996229,0.422,0.288,2.11E-48,,,
SH3GL2,7.54E-53,-3.676894682,0.006,0.037,2.11E-48,,,
AC109587.1,7.94E-53,-0.12159997,0.165,0.101,2.23E-48,,,
AC009495.3,8.32E-53,1.390772589,0.013,0.002,2.33E-48,,,
CLTA,9.06E-53,-0.192007442,0.309,0.207,2.54E-48,,,
MRPS5,9.38E-53,-0.172782058,0.273,0.18,2.63E-48,,,
AP000866.1,9.39E-53,0.537214903,0.039,0.015,2.63E-48,,,
AC073896.2,9.67E-53,0.160463757,0.06,0.027,2.71E-48,,,
STAM-AS1,1.03E-52,0.55214611,0.04,0.015,2.89E-48,,,
KIN,1.04E-52,-0.193699474,0.215,0.138,2.91E-48,,,
AP2A2,1.06E-52,-1.608249901,0.188,0.235,2.98E-48,,,
TMEM258,1.09E-52,-1.696521256,0.06,0.112,3.06E-48,,,
ZNF442,1.19E-52,0.780446912,0.03,0.01,3.35E-48,,,
TMCC1,1.20E-52,-0.202032285,0.511,0.348,3.37E-48,,,
PDE11A,1.21E-52,1.744269682,0.011,0.001,3.38E-48,,,
FAM212B,1.23E-52,-0.320256464,0.2,0.126,3.46E-48,,,
C1RL,1.27E-52,-1.310812882,0.176,0.228,3.55E-48,,,
DEDD,1.50E-52,0.147766211,0.08,0.041,4.22E-48,,,
NPEPPS,1.54E-52,-0.15073861,0.419,0.286,4.30E-48,,,
ZNF606,1.59E-52,0.138798235,0.083,0.043,4.47E-48,,,
GFRA2,1.69E-52,-3.113269081,0.012,0.047,4.72E-48,,,
MAX,1.72E-52,-0.137974801,0.404,0.276,4.82E-48,,,
TMEM154,1.79E-52,-2.988901576,0.012,0.048,5.02E-48,,,
PSMG2,1.80E-52,-0.140336779,0.176,0.11,5.04E-48,,,
RNASET2,1.85E-52,-1.775535802,0.055,0.105,5.18E-48,,,
CCDC130,1.86E-52,-0.148043442,0.175,0.109,5.23E-48,,,
CTD-2201I18.1,2.16E-52,0.402379805,0.036,0.013,6.04E-48,,,
PDXDC2P-NPIPB14P,2.52E-52,-0.138793078,0.186,0.117,7.06E-48,,,
SH2D3C,2.57E-52,-3.037001793,0.013,0.049,7.19E-48,,,
PIGS,2.57E-52,0.149268911,0.059,0.027,7.20E-48,,,
AC022398.1,2.57E-52,1.978637829,0.011,0.001,7.21E-48,,,
ACTB,2.64E-52,-1.527598833,0.181,0.232,7.39E-48,,,
ZNF440,2.90E-52,0.175609721,0.069,0.033,8.13E-48,,,
EBF4,2.91E-52,-3.469067569,0.008,0.04,8.15E-48,,,
LAYN,2.97E-52,-2.710706903,0.01,0.044,8.33E-48,,,
STRAP,3.05E-52,-0.205109803,0.141,0.084,8.55E-48,,,
WDR73,3.13E-52,-0.174075507,0.255,0.167,8.77E-48,,,
GPCPD1,3.17E-52,-0.172194591,0.381,0.258,8.87E-48,,,
TMC2,3.32E-52,1.082114326,0.019,0.005,9.31E-48,,,
AL136982.2,3.36E-52,0.871110499,0.03,0.01,9.41E-48,,,
AC246817.2,3.54E-52,0.673131273,0.029,0.009,9.93E-48,,,
AHNAK2,3.60E-52,-2.403939568,0.014,0.05,1.01E-47,,,
AC025287.1,3.77E-52,0.123344645,0.069,0.034,1.06E-47,,,
FAM219A,3.79E-52,-0.1629433,0.139,0.083,1.06E-47,,,
MAP3K15,4.05E-52,1.006474342,0.026,0.008,1.14E-47,,,
FLT1,4.17E-52,-3.530131763,0.015,0.052,1.17E-47,,,
BIRC3,4.46E-52,-2.947536089,0.011,0.046,1.25E-47,,,
HCG17,4.92E-52,-0.149911377,0.276,0.183,1.38E-47,,,
DSC2,4.93E-52,-2.083744063,0.027,0.069,1.38E-47,,,
STAT2,5.09E-52,-0.155258944,0.238,0.156,1.43E-47,,,
FBXO38,5.11E-52,-0.187770258,0.202,0.129,1.43E-47,,,
IDS,5.23E-52,-0.170981905,0.195,0.123,1.47E-47,,,
TTYH3,5.41E-52,-2.505852491,0.018,0.056,1.51E-47,,,
ADGRF3,5.50E-52,0.496350191,0.042,0.017,1.54E-47,,,
AC044781.1,5.52E-52,-4.561883682,0.003,0.031,1.55E-47,,,
SCOC,6.49E-52,0.277644535,0.082,0.043,1.82E-47,,,
WIPF1,6.62E-52,-1.501314285,0.162,0.214,1.86E-47,,,
EHBP1L1,6.91E-52,-2.170656715,0.032,0.076,1.94E-47,,,
NCOA4,7.34E-52,-0.191324195,0.144,0.086,2.06E-47,,,
MRPS21,7.63E-52,-0.142580263,0.162,0.1,2.14E-47,,,
LAPTM4A,7.91E-52,-1.202138963,0.248,0.291,2.22E-47,,,
BMP6,8.48E-52,-3.649171808,0.008,0.04,2.38E-47,,,
PRKCZ,8.70E-52,-2.897612436,0.01,0.044,2.44E-47,,,
DNMT3A,8.88E-52,-1.448544202,0.133,0.187,2.49E-47,,,
ANKRD27,8.89E-52,-0.179587616,0.158,0.096,2.49E-47,,,
FAM229B,1.02E-51,0.290298424,0.086,0.046,2.87E-47,,,
AADAC,1.05E-51,-2.617818604,0.014,0.05,2.95E-47,,,
C9,1.06E-51,-3.360615231,0.006,0.038,2.96E-47,,,
MTUS2,1.07E-51,-2.733478807,0.021,0.06,3.01E-47,,,
BCAS1,1.08E-51,-2.60999425,0.013,0.048,3.01E-47,,,
ZNF391,1.09E-51,0.446257522,0.044,0.018,3.06E-47,,,
UBE2L5P,1.17E-51,1.451609793,0.015,0.003,3.28E-47,,,
OCEL1,1.21E-51,0.439703458,0.046,0.019,3.40E-47,,,
VPS53,1.22E-51,-0.217721659,0.312,0.208,3.41E-47,,,
HS2ST1,1.22E-51,-1.2472725,0.217,0.265,3.43E-47,,,
LYG2,1.23E-51,0.415609191,0.041,0.016,3.45E-47,,,
AC110995.1,1.31E-51,-3.512343354,0.007,0.039,3.67E-47,,,
AC019130.1,1.34E-51,-0.107560044,0.13,0.077,3.76E-47,,,
RUNX1,1.38E-51,-0.862233822,0.279,0.178,3.87E-47,,,
AC104506.1,1.54E-51,1.107539609,0.019,0.004,4.33E-47,,,
P2RY14,1.60E-51,-3.443843352,0.013,0.048,4.48E-47,,,
ZNF644,1.81E-51,-0.150277362,0.471,0.322,5.06E-47,,,
URI1,1.82E-51,-0.198754774,0.371,0.251,5.11E-47,,,
AP001469.1,1.86E-51,1.104073035,0.018,0.004,5.22E-47,,,
LRRC29,1.91E-51,0.218814282,0.058,0.026,5.36E-47,,,
RPS14,1.99E-51,-1.222623744,0.312,0.342,5.58E-47,,,
AL357568.2,2.04E-51,0.357017207,0.046,0.019,5.71E-47,,,
UBOX5,2.05E-51,0.162532616,0.071,0.035,5.76E-47,,,
LINC02388,2.07E-51,-0.428507037,0.037,0.014,5.80E-47,,,
IP6K2,2.11E-51,-0.189666723,0.241,0.158,5.90E-47,,,
C11orf80,2.15E-51,-1.332911596,0.125,0.18,6.03E-47,,,
KRT7,2.18E-51,-3.127623847,0.006,0.036,6.10E-47,,,
TUBA1B,2.18E-51,-1.567943285,0.083,0.137,6.12E-47,,,
C2,2.20E-51,-1.488016734,0.075,0.129,6.17E-47,,,
AL158071.3,2.34E-51,0.487686916,0.041,0.016,6.55E-47,,,
GNAI2,2.37E-51,-1.663281959,0.08,0.133,6.63E-47,,,
ASB16-AS1,2.37E-51,0.256313228,0.061,0.029,6.65E-47,,,
TRIM4,2.52E-51,-0.20158381,0.191,0.121,7.05E-47,,,
PROCR,2.58E-51,-1.065615587,0.272,0.313,7.24E-47,,,
AC018638.7,2.77E-51,0.950440234,0.025,0.008,7.75E-47,,,
GPALPP1,2.80E-51,-0.138315861,0.189,0.119,7.86E-47,,,
RPUSD4,3.09E-51,0.12731915,0.062,0.03,8.67E-47,,,
IGSF9,3.09E-51,-3.729695538,0.003,0.031,8.67E-47,,,
NAALADL2-AS1,3.17E-51,0.893594349,0.022,0.006,8.89E-47,,,
MSN,3.55E-51,-1.723894028,0.101,0.154,9.94E-47,,,
DENND3,3.72E-51,-1.917222165,0.053,0.101,1.04E-46,,,
NBPF26,3.86E-51,0.25576219,0.064,0.031,1.08E-46,,,
CNBD2,3.95E-51,0.445579153,0.051,0.022,1.11E-46,,,
PRPF8,4.26E-51,-0.172214396,0.262,0.174,1.19E-46,,,
USP14,4.30E-51,-0.208962218,0.223,0.145,1.21E-46,,,
USP12,4.32E-51,-1.266512759,0.165,0.219,1.21E-46,,,
FLJ37035,4.40E-51,1.856359461,0.013,0.002,1.23E-46,,,
LINC02112,4.52E-51,1.556425917,0.014,0.003,1.27E-46,,,
TFRC,5.06E-51,-1.636849753,0.091,0.145,1.42E-46,,,
HADHB,5.12E-51,-0.203600724,0.278,0.185,1.43E-46,,,
SF3B3,5.40E-51,-0.201924897,0.2,0.127,1.51E-46,,,
C1QA,5.52E-51,-1.377559105,0.236,0.277,1.55E-46,,,
GALNT7,5.65E-51,-1.743077367,0.068,0.118,1.58E-46,,,
GNB1,5.72E-51,-1.143667022,0.289,0.319,1.60E-46,,,
MAPK8,6.80E-51,-0.191158548,0.411,0.28,1.91E-46,,,
P2RY6,7.41E-51,-3.607275295,0.007,0.038,2.08E-46,,,
PSMG3-AS1,7.61E-51,0.312103786,0.058,0.027,2.13E-46,,,
AL691447.2,7.74E-51,0.894140493,0.021,0.005,2.17E-46,,,
PIK3CD-AS2,8.31E-51,-3.583318539,0.005,0.035,2.33E-46,,,
AC073389.1,8.79E-51,0.749121554,0.03,0.01,2.46E-46,,,
C11orf49,9.28E-51,-1.270562241,0.208,0.255,2.60E-46,,,
MAP3K2,9.42E-51,-0.187079291,0.401,0.273,2.64E-46,,,
SCARA5,9.76E-51,-2.743459515,0.028,0.069,2.74E-46,,,
AC015802.4,1.30E-50,0.486303414,0.043,0.017,3.65E-46,,,
RGPD8,1.51E-50,0.523555573,0.041,0.017,4.22E-46,,,
PDGFB,1.60E-50,-3.707547794,0.005,0.035,4.48E-46,,,
BTN3A2,1.65E-50,-2.351426278,0.025,0.065,4.61E-46,,,
KCNB1,1.66E-50,-0.321486327,0.234,0.152,4.65E-46,,,
NSMCE2,1.88E-50,-0.134905726,0.577,0.398,5.25E-46,,,
BLM,1.91E-50,0.948687623,0.035,0.013,5.36E-46,,,
HCP5,1.97E-50,-2.056593017,0.036,0.08,5.51E-46,,,
CPT2,2.24E-50,0.291037239,0.06,0.028,6.27E-46,,,
LINC00444,2.24E-50,2.245866739,0.011,0.002,6.29E-46,,,
SHBG,2.24E-50,0.861227898,0.025,0.008,6.29E-46,,,
AL136040.1,2.32E-50,-0.124971743,0.121,0.07,6.50E-46,,,
AC098650.1,2.37E-50,0.326956549,0.047,0.02,6.63E-46,,,
SGMS1-AS1,2.93E-50,0.44018218,0.039,0.015,8.21E-46,,,
PRIMA1,3.19E-50,0.254094745,0.051,0.022,8.93E-46,,,
LINC02355,3.46E-50,1.111129108,0.017,0.004,9.71E-46,,,
LINC02102,3.61E-50,1.038048753,0.023,0.007,1.01E-45,,,
AGFG2,3.64E-50,-2.389340645,0.025,0.065,1.02E-45,,,
KLHL13,3.78E-50,-3.173614469,0.016,0.051,1.06E-45,,,
HFE,3.79E-50,0.195170095,0.075,0.038,1.06E-45,,,
AL031963.3,4.38E-50,0.618441777,0.033,0.012,1.23E-45,,,
SNRNP70,4.53E-50,-0.203136438,0.402,0.274,1.27E-45,,,
EGR1,4.69E-50,-2.611640979,0.023,0.061,1.31E-45,,,
AC022075.1,4.87E-50,-3.48354176,0.016,0.052,1.36E-45,,,
DEGS1,5.27E-50,-0.103816354,0.123,0.072,1.48E-45,,,
SH3GLB1,5.34E-50,-0.1208573,0.486,0.335,1.50E-45,,,
AL391121.1,5.37E-50,0.543570583,0.034,0.012,1.50E-45,,,
EIF3J,5.44E-50,-0.239660508,0.252,0.166,1.53E-45,,,
PARP3,5.60E-50,0.613679912,0.033,0.012,1.57E-45,,,
ANGPTL2,6.16E-50,-0.170071957,0.207,0.133,1.73E-45,,,
FXR1,6.23E-50,-0.183690171,0.421,0.287,1.75E-45,,,
AC019080.4,6.95E-50,0.94741334,0.022,0.006,1.95E-45,,,
FAM182B,7.09E-50,0.207351331,0.056,0.025,1.99E-45,,,
AC010127.1,7.43E-50,-2.973851454,0.044,0.089,2.08E-45,,,
AC012435.2,8.31E-50,0.390961658,0.048,0.021,2.33E-45,,,
TMSB10,8.47E-50,-1.333939815,0.193,0.244,2.38E-45,,,
COPZ2,8.62E-50,0.109984877,0.081,0.043,2.42E-45,,,
SGK3,8.68E-50,0.280972788,0.057,0.026,2.43E-45,,,
WWC2-AS2,8.71E-50,0.762945413,0.027,0.008,2.44E-45,,,
GMDS,8.72E-50,-1.408966138,0.199,0.246,2.44E-45,,,
ATPAF1,9.17E-50,-0.11319723,0.131,0.078,2.57E-45,,,
ACP6,9.88E-50,0.179452189,0.087,0.047,2.77E-45,,,
AL033504.1,1.03E-49,-3.097459338,0.011,0.044,2.87E-45,,,
CDH13,1.08E-49,-3.00834546,0.04,0.083,3.03E-45,,,
DTX3L,1.11E-49,-1.947903324,0.032,0.075,3.12E-45,,,
DIO2-AS1,1.14E-49,0.675772528,0.036,0.014,3.21E-45,,,
OSBP2,1.15E-49,-1.836166366,0.06,0.108,3.23E-45,,,
FAM120AOS,1.16E-49,0.157778661,0.076,0.039,3.26E-45,,,
SYNGAP1,1.20E-49,-2.121603804,0.026,0.066,3.37E-45,,,
AL121658.1,1.21E-49,0.800236052,0.022,0.006,3.39E-45,,,
AL662844.4,1.23E-49,0.294056101,0.045,0.019,3.45E-45,,,
PLCE1,1.23E-49,-1.317056568,0.215,0.26,3.45E-45,,,
FAM3C,1.35E-49,-1.625382277,0.076,0.127,3.78E-45,,,
CNBP,1.39E-49,-0.261634712,0.244,0.16,3.90E-45,,,
ASCC3,1.41E-49,-1.094738148,0.297,0.326,3.95E-45,,,
COQ9,1.44E-49,0.115639743,0.085,0.045,4.03E-45,,,
ZNF586,1.44E-49,-0.198844064,0.256,0.169,4.04E-45,,,
FGF7,1.58E-49,-2.296699955,0.051,0.097,4.42E-45,,,
NMUR1,1.60E-49,0.574137983,0.025,0.007,4.49E-45,,,
DSN1,1.70E-49,0.103633257,0.076,0.039,4.75E-45,,,
ANO5,1.70E-49,0.147557828,0.076,0.039,4.78E-45,,,
LINC01285,1.74E-49,0.812581844,0.025,0.007,4.87E-45,,,
AC009320.1,1.77E-49,0.76767497,0.019,0.005,4.96E-45,,,
ANO4,1.94E-49,-2.8047064,0.015,0.05,5.45E-45,,,
WDR92,2.07E-49,0.199353211,0.058,0.027,5.81E-45,,,
BPGM,2.25E-49,0.650116519,0.032,0.011,6.29E-45,,,
POU2F2,2.30E-49,-2.802014753,0.016,0.051,6.46E-45,,,
ARHGAP17,2.35E-49,-1.417458279,0.168,0.218,6.58E-45,,,
NAP1L4,2.38E-49,-0.24879124,0.369,0.25,6.67E-45,,,
AFF1,2.48E-49,-0.718014992,0.552,0.516,6.95E-45,,,
CXCL12,2.55E-49,-2.157127798,0.043,0.087,7.14E-45,,,
AC067817.2,2.70E-49,0.277531429,0.04,0.016,7.58E-45,,,
TBCA,2.76E-49,-0.226523161,0.328,0.222,7.73E-45,,,
ZRANB2-AS2,2.85E-49,-0.439554723,0.214,0.138,7.99E-45,,,
SLC25A24,2.95E-49,-0.105878137,0.243,0.162,8.26E-45,,,
U2AF1L4,2.97E-49,0.791078352,0.029,0.01,8.33E-45,,,
ARHGEF25,3.14E-49,-3.667537807,0.004,0.033,8.80E-45,,,
PRDM15,3.31E-49,0.162409015,0.066,0.033,9.29E-45,,,
AP003059.1,3.47E-49,0.418262686,0.052,0.023,9.72E-45,,,
LINC02005,3.56E-49,0.859213611,0.024,0.007,9.97E-45,,,
QRICH2,3.61E-49,0.507400515,0.033,0.012,1.01E-44,,,
NDUFA10,3.75E-49,-0.227033356,0.244,0.161,1.05E-44,,,
HMBOX1,3.81E-49,-0.193282493,0.407,0.278,1.07E-44,,,
CNKSR2,4.01E-49,-1.473901332,0.106,0.159,1.12E-44,,,
RAC3,4.12E-49,1.612468826,0.014,0.002,1.15E-44,,,
AC006460.1,4.24E-49,0.18159458,0.057,0.027,1.19E-44,,,
WEE1,4.44E-49,-2.619348764,0.013,0.047,1.25E-44,,,
AL355112.1,4.51E-49,1.671717074,0.011,0.002,1.27E-44,,,
C19orf66,4.76E-49,-1.928465007,0.042,0.087,1.33E-44,,,
NDUFS4,5.02E-49,-0.230806916,0.315,0.212,1.41E-44,,,
TMEM51,5.08E-49,-3.084534427,0.009,0.04,1.42E-44,,,
LINC00158,5.19E-49,1.57756837,0.013,0.002,1.45E-44,,,
SLMAP,5.39E-49,-1.024733135,0.361,0.371,1.51E-44,,,
ABCA8,5.52E-49,-0.372811693,0.57,0.396,1.55E-44,,,
MATN2,5.97E-49,-0.218162431,0.242,0.159,1.67E-44,,,
TFB1M,6.16E-49,-0.149436016,0.139,0.084,1.73E-44,,,
CYR61,6.41E-49,-2.359465844,0.049,0.094,1.80E-44,,,
CKS1B,6.69E-49,0.970757981,0.023,0.006,1.87E-44,,,
LINC00441,6.89E-49,1.226615645,0.018,0.004,1.93E-44,,,
LINC01337,6.95E-49,1.995589542,0.011,0.002,1.95E-44,,,
DTNB,7.35E-49,-1.568825666,0.117,0.17,2.06E-44,,,
PRDM6,7.72E-49,-2.942263404,0.011,0.043,2.16E-44,,,
BTBD19,7.98E-49,-2.261711155,0.022,0.06,2.24E-44,,,
CDH12,8.06E-49,0.642796667,0.036,0.014,2.26E-44,,,
RPL18,8.60E-49,-1.310404868,0.222,0.267,2.41E-44,,,
AGGF1,8.69E-49,-0.22712841,0.164,0.102,2.43E-44,,,
PARD3,8.84E-49,0.116954589,0.765,0.555,2.48E-44,,,
SLC16A3,8.88E-49,-0.141309249,0.132,0.079,2.49E-44,,,
UBE2V2,9.01E-49,-0.114929695,0.149,0.091,2.53E-44,,,
DDX21,9.03E-49,-0.130975758,0.172,0.108,2.53E-44,,,
HOXB6,9.97E-49,0.203994685,0.071,0.036,2.79E-44,,,
BET1L,1.03E-48,0.342083153,0.054,0.025,2.87E-44,,,
THRB-IT1,1.07E-48,0.948156365,0.025,0.008,3.01E-44,,,
KCNN3,1.09E-48,-3.20449074,0.013,0.047,3.05E-44,,,
NSDHL,1.09E-48,0.555749277,0.033,0.012,3.07E-44,,,
RICTOR,1.16E-48,-0.957500147,0.384,0.389,3.25E-44,,,
AL118558.3,1.17E-48,0.724580561,0.027,0.009,3.28E-44,,,
ANKRD36,1.29E-48,-1.439046497,0.146,0.197,3.61E-44,,,
CSNK2A1,1.29E-48,-0.21191757,0.296,0.2,3.62E-44,,,
SLFN13,1.37E-48,-3.281232407,0.005,0.034,3.85E-44,,,
AC005899.5,1.40E-48,1.018655687,0.022,0.006,3.91E-44,,,
FAM60A,1.42E-48,-2.066518598,0.029,0.07,3.97E-44,,,
TXNDC16,1.46E-48,-0.137869696,0.153,0.094,4.09E-44,,,
QRSL1,1.47E-48,-0.104680977,0.115,0.067,4.12E-44,,,
FNTB,1.51E-48,0.67110312,0.033,0.012,4.23E-44,,,
NUDT8,1.62E-48,0.814666509,0.026,0.008,4.55E-44,,,
LINC00276,1.62E-48,0.687342284,0.037,0.014,4.55E-44,,,
AAMDC,1.70E-48,-0.213434079,0.387,0.263,4.75E-44,,,
AP001157.1,1.73E-48,0.160085843,0.049,0.022,4.84E-44,,,
TLK2,1.78E-48,-0.219304381,0.314,0.212,5.00E-44,,,
NT5C2,1.78E-48,-0.179175406,0.452,0.311,5.00E-44,,,
AC021491.1,1.81E-48,1.288543386,0.015,0.003,5.08E-44,,,
AC025171.4,1.82E-48,0.370054338,0.047,0.02,5.10E-44,,,
PHF13,1.85E-48,0.583244702,0.037,0.014,5.18E-44,,,
LINC01277,1.90E-48,1.289822432,0.016,0.004,5.33E-44,,,
RFNG,2.06E-48,0.139308634,0.068,0.034,5.77E-44,,,
DSCC1,2.11E-48,0.313832035,0.048,0.021,5.91E-44,,,
KCNV2,2.19E-48,0.305380835,0.053,0.024,6.12E-44,,,
VMAC,2.23E-48,0.462344239,0.038,0.015,6.24E-44,,,
ZFX-AS1,2.33E-48,1.072179445,0.021,0.006,6.53E-44,,,
AL162411.1,2.41E-48,-3.522030795,0.004,0.031,6.76E-44,,,
LAMA5,2.44E-48,-2.495116064,0.017,0.052,6.83E-44,,,
SLC35E2B,2.57E-48,-0.109582128,0.13,0.077,7.21E-44,,,
NYNRIN,2.96E-48,-2.689678121,0.008,0.038,8.30E-44,,,
KTN1-AS1,2.99E-48,0.223197919,0.052,0.023,8.39E-44,,,
MEIS1,3.12E-48,-0.79600761,0.597,0.52,8.74E-44,,,
SIKE1,3.15E-48,0.181929762,0.079,0.042,8.82E-44,,,
CORO6,3.36E-48,0.343189017,0.034,0.013,9.43E-44,,,
LINC01885,3.56E-48,0.8793095,0.02,0.005,9.99E-44,,,
PTBP3,3.93E-48,-1.411615876,0.141,0.193,1.10E-43,,,
PDIA6,4.21E-48,-1.434354531,0.115,0.168,1.18E-43,,,
PARP12,4.68E-48,-2.050722263,0.026,0.065,1.31E-43,,,
DCHS2,4.88E-48,0.204608521,0.086,0.047,1.37E-43,,,
TCEANC,4.93E-48,0.356899405,0.035,0.013,1.38E-43,,,
TMEM165,5.09E-48,-0.158944488,0.491,0.339,1.43E-43,,,
AC010531.5,5.12E-48,0.207106496,0.055,0.025,1.44E-43,,,
MTR,5.16E-48,-0.188916398,0.388,0.266,1.44E-43,,,
MRPL10,5.28E-48,0.373525819,0.037,0.014,1.48E-43,,,
DOC2A,5.36E-48,-3.76493198,0.004,0.031,1.50E-43,,,
AL138895.1,5.40E-48,1.244691337,0.017,0.004,1.51E-43,,,
NGF,5.48E-48,-1.27014234,0.175,0.226,1.53E-43,,,
TSACC,5.50E-48,0.361876584,0.044,0.019,1.54E-43,,,
KIF5B,5.61E-48,-0.22227441,0.289,0.195,1.57E-43,,,
AP000944.1,5.74E-48,1.816201979,0.011,0.002,1.61E-43,,,
DNAAF2,5.98E-48,0.17800653,0.061,0.029,1.68E-43,,,
IGSF9B,6.22E-48,-4.173966208,0.002,0.029,1.74E-43,,,
EFCAB13,6.41E-48,-0.156932271,0.269,0.181,1.80E-43,,,
AC093835.1,6.64E-48,1.803486538,0.011,0.002,1.86E-43,,,
LINC01588,7.20E-48,0.100514374,0.056,0.026,2.02E-43,,,
MFSD1,7.25E-48,-1.381386487,0.144,0.195,2.03E-43,,,
IL20RB-AS1,7.41E-48,0.70355535,0.034,0.013,2.08E-43,,,
TIMM29,7.45E-48,0.223925852,0.058,0.028,2.09E-43,,,
HS3ST1,7.88E-48,-3.109573583,0.007,0.037,2.21E-43,,,
SAMD9,7.93E-48,-2.352645601,0.019,0.055,2.22E-43,,,
CDH5,7.95E-48,-3.099538706,0.012,0.044,2.23E-43,,,
AC006504.7,8.15E-48,1.021264257,0.021,0.006,2.28E-43,,,
IFNAR2,8.27E-48,-1.734404557,0.078,0.128,2.32E-43,,,
FO393418.1,9.18E-48,1.433972269,0.013,0.002,2.57E-43,,,
MGAT4A,9.57E-48,-2.004104296,0.062,0.11,2.68E-43,,,
RAB40A,1.00E-47,-2.543220867,0.016,0.051,2.80E-43,,,
AC124854.1,1.02E-47,-3.088513155,0.012,0.044,2.85E-43,,,
TCIRG1,1.04E-47,-1.975472795,0.027,0.067,2.91E-43,,,
TMCO1,1.11E-47,-0.169108637,0.211,0.138,3.11E-43,,,
AC133106.1,1.12E-47,0.716370614,0.023,0.007,3.13E-43,,,
FZD3,1.22E-47,-3.078866559,0.008,0.038,3.43E-43,,,
AC055713.1,1.23E-47,0.441634779,0.039,0.015,3.46E-43,,,
ZNF793,1.38E-47,-2.16734704,0.021,0.058,3.86E-43,,,
IFFO2,1.57E-47,0.333694052,0.041,0.017,4.41E-43,,,
PRPF39,1.75E-47,-0.199621762,0.212,0.138,4.92E-43,,,
AC018512.1,1.79E-47,0.502399306,0.04,0.016,5.02E-43,,,
PRH1,1.79E-47,0.17293771,0.073,0.038,5.02E-43,,,
CLCN5,1.85E-47,-1.949031851,0.041,0.084,5.18E-43,,,
MASTL,2.26E-47,0.139944543,0.07,0.035,6.33E-43,,,
NOSTRIN,2.29E-47,-3.231219354,0.012,0.045,6.42E-43,,,
AC130456.2,2.36E-47,-3.30371982,0.005,0.033,6.60E-43,,,
PPP1R15B,2.40E-47,0.108034748,0.072,0.037,6.74E-43,,,
LINC00959,2.48E-47,0.192502034,0.057,0.027,6.96E-43,,,
IAH1,2.65E-47,-0.179625513,0.168,0.106,7.43E-43,,,
NXPH2,2.68E-47,-3.676904291,0.005,0.033,7.52E-43,,,
AC005695.2,2.84E-47,-0.141628659,0.139,0.084,7.96E-43,,,
C1QB,3.03E-47,-1.253716698,0.274,0.307,8.49E-43,,,
RPA1,3.03E-47,-0.11611553,0.13,0.078,8.51E-43,,,
LUC7L,3.24E-47,-0.191987999,0.321,0.219,9.09E-43,,,
FASTKD2,3.66E-47,-0.171041652,0.196,0.127,1.03E-42,,,
USP20,3.74E-47,-0.134705601,0.107,0.061,1.05E-42,,,
C1orf109,4.23E-47,0.157332009,0.059,0.028,1.19E-42,,,
YWHAZ,4.35E-47,-0.161412591,0.361,0.25,1.22E-42,,,
CENPI,4.47E-47,0.611489304,0.033,0.012,1.25E-42,,,
ADAM15,4.70E-47,-1.780582744,0.046,0.091,1.32E-42,,,
ATG12,4.75E-47,-0.232419944,0.219,0.144,1.33E-42,,,
HLA-DRA,4.94E-47,-1.362964618,0.255,0.29,1.38E-42,,,
ATP1B3-AS1,5.52E-47,1.269351387,0.018,0.005,1.55E-42,,,
AC091053.2,5.88E-47,1.347768025,0.016,0.004,1.65E-42,,,
SNX25,6.17E-47,-1.395321454,0.146,0.196,1.73E-42,,,
DDB1,6.76E-47,-0.151675333,0.168,0.106,1.90E-42,,,
C10orf25,6.82E-47,1.383664473,0.014,0.003,1.91E-42,,,
MAMSTR,6.83E-47,-2.841615976,0.008,0.038,1.91E-42,,,
NCK1,7.13E-47,-0.237237806,0.299,0.202,2.00E-42,,,
CLPTM1,7.49E-47,-0.154773559,0.108,0.062,2.10E-42,,,
LYG1,7.71E-47,0.341530431,0.047,0.021,2.16E-42,,,
DSG2,8.82E-47,-1.977592278,0.03,0.071,2.47E-42,,,
NAALADL2-AS3,8.83E-47,0.628541562,0.033,0.012,2.48E-42,,,
FXYD5,1.02E-46,-2.273978211,0.019,0.055,2.85E-42,,,
GOLIM4,1.08E-46,-1.484078492,0.107,0.158,3.02E-42,,,
ARFGEF2,1.10E-46,-0.229641461,0.312,0.212,3.09E-42,,,
LINC00691,1.11E-46,1.20695642,0.018,0.004,3.11E-42,,,
FZD7,1.14E-46,-2.031253897,0.019,0.055,3.20E-42,,,
ZNF552,1.15E-46,-0.186522966,0.137,0.083,3.24E-42,,,
AC074351.1,1.17E-46,1.273398416,0.014,0.003,3.29E-42,,,
UBAC1,1.18E-46,-0.102797342,0.131,0.079,3.31E-42,,,
DESI2,1.21E-46,-0.13874766,0.159,0.1,3.38E-42,,,
SLC25A27,1.21E-46,-0.226940786,0.338,0.228,3.40E-42,,,
SLC6A8,1.27E-46,1.376340753,0.013,0.002,3.57E-42,,,
MTUS1,1.34E-46,-1.327726416,0.193,0.239,3.76E-42,,,
TRIM71,1.39E-46,-3.141388254,0.006,0.035,3.90E-42,,,
KCNU1,1.44E-46,2.056652473,0.014,0.003,4.02E-42,,,
GLYCTK-AS1,1.45E-46,1.441326701,0.012,0.002,4.06E-42,,,
SMLR1,1.47E-46,1.581227814,0.012,0.002,4.11E-42,,,
PRB3,1.50E-46,1.401925129,0.012,0.002,4.19E-42,,,
PSME3,1.53E-46,0.150770751,0.058,0.028,4.29E-42,,,
AC005261.1,1.54E-46,0.182911789,0.054,0.025,4.31E-42,,,
RETREG3,1.58E-46,-0.236281076,0.192,0.124,4.43E-42,,,
NELFA,1.59E-46,-0.112369583,0.133,0.08,4.46E-42,,,
VEZT,1.69E-46,-0.195613411,0.382,0.262,4.72E-42,,,
UPF2,1.69E-46,-0.197524846,0.443,0.305,4.74E-42,,,
CTTNBP2,1.76E-46,-0.193038183,0.276,0.186,4.93E-42,,,
NEXN-AS1,1.85E-46,0.313581687,0.051,0.023,5.19E-42,,,
AC073352.1,2.02E-46,1.796576755,0.011,0.002,5.67E-42,,,
EPS8L1,2.03E-46,-3.125117534,0.006,0.034,5.69E-42,,,
GRTP1-AS1,2.29E-46,0.770597267,0.027,0.009,6.43E-42,,,
AP000640.2,2.32E-46,1.37516705,0.016,0.004,6.51E-42,,,
TNRC6C,2.37E-46,-0.214158439,0.375,0.257,6.63E-42,,,
PIGF,2.40E-46,-0.182994998,0.179,0.115,6.74E-42,,,
RIMKLB,2.50E-46,-0.294549314,0.207,0.135,7.01E-42,,,
MYO15B,2.85E-46,-1.594220991,0.08,0.129,8.00E-42,,,
AC079145.1,2.86E-46,1.367404497,0.014,0.003,8.01E-42,,,
AC079922.2,2.87E-46,0.89231979,0.022,0.006,8.04E-42,,,
PARD6G,2.90E-46,-2.83405297,0.015,0.049,8.13E-42,,,
MYADM,2.95E-46,-1.905460228,0.032,0.072,8.27E-42,,,
SLC30A9,3.02E-46,-0.219456,0.338,0.23,8.45E-42,,,
DAB1,3.34E-46,-0.244516132,0.183,0.117,9.35E-42,,,
MYL6,3.37E-46,-0.370047629,0.418,0.284,9.45E-42,,,
PSCA,3.45E-46,1.436843798,0.014,0.003,9.67E-42,,,
NDUFAF1,4.14E-46,0.114247893,0.071,0.037,1.16E-41,,,
MAP4K4,4.17E-46,-1.074163085,0.336,0.351,1.17E-41,,,
BRD1,4.32E-46,-0.199300654,0.157,0.098,1.21E-41,,,
ANGPT2,4.65E-46,-0.357222554,0.296,0.201,1.30E-41,,,
PGM5P4-AS1,4.78E-46,1.132700678,0.02,0.005,1.34E-41,,,
TFEC,4.87E-46,-2.362400089,0.03,0.069,1.37E-41,,,
PPIP5K1,4.93E-46,0.16702659,0.059,0.029,1.38E-41,,,
BMP4,5.01E-46,-2.063001163,0.017,0.052,1.40E-41,,,
DPH1,5.82E-46,0.272833426,0.048,0.022,1.63E-41,,,
HACE1,5.94E-46,-0.207757818,0.191,0.124,1.66E-41,,,
MMP17,6.10E-46,0.695496478,0.026,0.008,1.71E-41,,,
NFKBIL1,6.11E-46,0.201850685,0.06,0.029,1.71E-41,,,
CBWD5,6.13E-46,0.176514911,0.064,0.032,1.72E-41,,,
PRKX,6.49E-46,-2.265051378,0.029,0.068,1.82E-41,,,
EIF4G3,6.73E-46,-0.815500213,0.515,0.476,1.88E-41,,,
TMEM53,7.02E-46,0.271803472,0.05,0.023,1.97E-41,,,
MTMR3,7.17E-46,-0.189800808,0.425,0.293,2.01E-41,,,
PLXNA2,7.43E-46,-1.412053123,0.16,0.209,2.08E-41,,,
BTBD9,7.59E-46,-0.13839704,0.599,0.418,2.13E-41,,,
ACTR3,7.75E-46,-1.375995207,0.177,0.223,2.17E-41,,,
FSHR,7.79E-46,0.679437549,0.038,0.015,2.18E-41,,,
GTF3C2,7.82E-46,-0.152360257,0.155,0.097,2.19E-41,,,
AC114956.1,7.98E-46,1.077775903,0.02,0.005,2.24E-41,,,
WDR26,8.42E-46,-0.23391149,0.346,0.236,2.36E-41,,,
ADGRB3,8.93E-46,-2.816915632,0.026,0.063,2.50E-41,,,
REV1,8.94E-46,-0.205224487,0.371,0.254,2.50E-41,,,
RCAN2,9.72E-46,-3.560378323,0.015,0.048,2.72E-41,,,
NMB,1.07E-45,0.414529896,0.032,0.012,2.99E-41,,,
AGPAT5,1.09E-45,-2.361902938,0.022,0.059,3.06E-41,,,
ABCF1,1.11E-45,-0.106484735,0.124,0.074,3.11E-41,,,
AC027288.1,1.18E-45,-4.741219288,0.002,0.026,3.29E-41,,,
MLXIP,1.19E-45,-1.532901322,0.114,0.164,3.33E-41,,,
CIPC,1.22E-45,0.385237261,0.048,0.021,3.42E-41,,,
RBPJ,1.25E-45,-1.948202629,0.414,0.398,3.52E-41,,,
MYOM2,1.26E-45,0.434852713,0.02,0.006,3.53E-41,,,
AC096564.2,1.28E-45,1.0196852,0.018,0.004,3.59E-41,,,
SDCBP2-AS1,1.30E-45,-0.282168261,0.206,0.134,3.64E-41,,,
RPS21,1.32E-45,-1.343199093,0.178,0.226,3.71E-41,,,
AL049830.3,1.33E-45,0.729677097,0.026,0.009,3.72E-41,,,
GPRC5B,1.36E-45,-2.595831108,0.012,0.044,3.82E-41,,,
GON4L,1.38E-45,-0.26711055,0.329,0.223,3.87E-41,,,
UCHL5,1.38E-45,-0.180761761,0.148,0.092,3.88E-41,,,
AC119150.1,1.41E-45,-3.861050609,0.005,0.033,3.97E-41,,,
RTTN,1.52E-45,-0.203771824,0.218,0.144,4.27E-41,,,
TUBGCP2,1.55E-45,-0.190283868,0.197,0.128,4.35E-41,,,
AC099791.2,1.59E-45,0.222265564,0.059,0.029,4.46E-41,,,
NCKAP1,1.65E-45,-0.267193484,0.385,0.261,4.62E-41,,,
SLC2A3,1.66E-45,-3.389923399,0.008,0.037,4.66E-41,,,
AC138474.1,1.67E-45,1.316502592,0.014,0.003,4.69E-41,,,
AC068338.2,1.75E-45,1.608543857,0.013,0.002,4.92E-41,,,
FCGR2A,1.79E-45,-2.60754285,0.012,0.044,5.00E-41,,,
LINC02540,1.80E-45,1.590836022,0.011,0.002,5.04E-41,,,
GIMAP7,1.83E-45,-2.36710578,0.024,0.061,5.13E-41,,,
AC035140.1,1.83E-45,1.194059031,0.021,0.006,5.14E-41,,,
DENND1A,1.86E-45,-1.041604151,0.4,0.394,5.22E-41,,,
AC073569.2,1.89E-45,-1.684679937,0.057,0.102,5.31E-41,,,
AC105020.6,1.90E-45,1.740072177,0.01,0.001,5.34E-41,,,
AC018752.1,1.94E-45,0.251210603,0.05,0.023,5.44E-41,,,
KDM2B,1.96E-45,-1.505335144,0.126,0.176,5.48E-41,,,
ZMIZ1,2.15E-45,-0.256699514,0.347,0.237,6.03E-41,,,
TPK1,2.25E-45,-1.675928973,0.106,0.155,6.31E-41,,,
AC080013.5,2.25E-45,1.843511014,0.012,0.002,6.31E-41,,,
PARP15,2.31E-45,-3.534805869,0.008,0.037,6.48E-41,,,
MYHAS,2.42E-45,1.576609114,0.01,0.002,6.79E-41,,,
AC009228.1,2.54E-45,0.56579316,0.032,0.012,7.13E-41,,,
MRPS11,2.60E-45,-0.141636768,0.106,0.061,7.28E-41,,,
CDH26,2.77E-45,0.565200652,0.033,0.013,7.77E-41,,,
AC096642.1,2.83E-45,0.490763664,0.035,0.013,7.92E-41,,,
TCF4-AS1,2.87E-45,-2.765836055,0.017,0.051,8.05E-41,,,
H3F3B,3.03E-45,-1.193419244,0.248,0.285,8.49E-41,,,
MRVI1,3.08E-45,-3.618993878,0.006,0.033,8.64E-41,,,
AL391261.2,3.11E-45,1.865658538,0.011,0.002,8.72E-41,,,
MGAT5,3.18E-45,-1.548426421,0.2,0.242,8.90E-41,,,
AC005856.1,3.21E-45,0.581630257,0.026,0.009,8.99E-41,,,
ALOX12,3.46E-45,0.150692589,0.053,0.025,9.70E-41,,,
ZNF254,3.57E-45,-0.219968366,0.29,0.198,1.00E-40,,,
SELENBP1,3.63E-45,-0.280290224,0.246,0.163,1.02E-40,,,
A1BG-AS1,3.80E-45,-4.015660909,0.003,0.029,1.06E-40,,,
CIAO1,3.80E-45,-0.194357255,0.151,0.094,1.06E-40,,,
PTPN21,3.89E-45,-0.195137543,0.226,0.15,1.09E-40,,,
TBC1D17,3.95E-45,0.112179784,0.086,0.048,1.11E-40,,,
SLIRP,4.14E-45,-0.28842837,0.271,0.183,1.16E-40,,,
SLC46A2,4.23E-45,1.09860588,0.02,0.006,1.18E-40,,,
AC105411.1,4.58E-45,0.568362396,0.033,0.013,1.28E-40,,,
NCAM1,4.69E-45,-3.295381548,0.013,0.045,1.31E-40,,,
PIK3R4,4.88E-45,-0.204900877,0.144,0.089,1.37E-40,,,
C11orf71,4.98E-45,0.228502442,0.044,0.019,1.40E-40,,,
PPP4R3A,5.34E-45,-0.219386395,0.288,0.196,1.50E-40,,,
CD72,5.37E-45,0.221616179,0.056,0.027,1.50E-40,,,
RMDN1,5.51E-45,-0.295628217,0.332,0.226,1.54E-40,,,
REV3L,5.91E-45,-0.101649189,0.68,0.488,1.66E-40,,,
C7orf26,6.02E-45,0.27473519,0.055,0.026,1.69E-40,,,
MED4,6.10E-45,-0.181449756,0.172,0.11,1.71E-40,,,
CTGF,6.33E-45,-2.245325813,0.027,0.065,1.78E-40,,,
STEAP2,6.88E-45,-0.25196894,0.171,0.109,1.93E-40,,,
CALR,6.94E-45,-1.392310692,0.103,0.154,1.95E-40,,,
LRRC46,7.17E-45,2.184516853,0.01,0.001,2.01E-40,,,
NUP210,7.21E-45,-3.055837901,0.011,0.042,2.02E-40,,,
AC107021.2,7.39E-45,1.110733498,0.015,0.003,2.07E-40,,,
AC090559.2,7.60E-45,0.923454755,0.022,0.007,2.13E-40,,,
LINC01695,9.94E-45,-0.750945891,0.096,0.054,2.79E-40,,,
FSTL1,9.97E-45,-0.24613563,0.413,0.287,2.79E-40,,,
USP39,1.00E-44,-0.254706556,0.297,0.202,2.82E-40,,,
PLGRKT,1.02E-44,-0.135011115,0.114,0.068,2.87E-40,,,
PFN4,1.03E-44,0.420188623,0.041,0.017,2.88E-40,,,
NPAS2,1.04E-44,-2.423599993,0.018,0.052,2.92E-40,,,
CYYR1-AS1,1.05E-44,-4.037115747,0.006,0.033,2.94E-40,,,
ARFGAP2,1.07E-44,-0.160357758,0.136,0.084,3.01E-40,,,
AL034397.3,1.19E-44,-3.731644226,0.007,0.034,3.33E-40,,,
KLF4,1.23E-44,-3.14284798,0.008,0.037,3.46E-40,,,
AC099343.3,1.26E-44,0.372820641,0.044,0.019,3.53E-40,,,
TMEM14A,1.28E-44,-1.831225349,0.044,0.086,3.58E-40,,,
LRRC2,1.32E-44,-2.405456163,0.015,0.047,3.70E-40,,,
UNQ6494,1.32E-44,1.235053971,0.016,0.004,3.70E-40,,,
HPGDS,1.50E-44,-2.996408439,0.012,0.043,4.19E-40,,,
AC008496.2,1.50E-44,-2.781163098,0.011,0.042,4.19E-40,,,
ZNF507,1.53E-44,-0.223973552,0.157,0.099,4.30E-40,,,
SLC24A5,1.55E-44,0.42917781,0.028,0.009,4.33E-40,,,
HDLBP,1.62E-44,-0.244627079,0.339,0.233,4.55E-40,,,
SLC25A46,1.65E-44,-0.138103647,0.218,0.145,4.62E-40,,,
AC079760.1,1.83E-44,0.113789581,0.064,0.032,5.12E-40,,,
PPP3CB,1.89E-44,-0.181297815,0.458,0.317,5.29E-40,,,
CNNM2,1.95E-44,-0.241740017,0.193,0.126,5.45E-40,,,
AC106729.1,1.96E-44,1.054631137,0.018,0.005,5.48E-40,,,
CYP3A7-CYP3A51P,1.98E-44,0.850511873,0.021,0.006,5.54E-40,,,
PRRT3,2.02E-44,0.258102465,0.047,0.021,5.66E-40,,,
TTTY4B,2.06E-44,0.360017063,0.041,0.018,5.76E-40,,,
JKAMP,2.31E-44,-0.192842427,0.185,0.12,6.47E-40,,,
SLC25A29,2.37E-44,-1.659191063,0.072,0.118,6.64E-40,,,
DDX42,2.39E-44,-0.242052299,0.234,0.156,6.70E-40,,,
IMMT,2.71E-44,-0.241417868,0.21,0.138,7.61E-40,,,
LINC01836,2.82E-44,-4.699657578,0.002,0.025,7.89E-40,,,
NSUN7,2.88E-44,-2.657912188,0.013,0.044,8.08E-40,,,
MPPE1,2.96E-44,-0.194554531,0.148,0.093,8.30E-40,,,
HECTD2,3.03E-44,-1.386657932,0.154,0.202,8.49E-40,,,
PGBD5,3.05E-44,0.968313957,0.016,0.004,8.54E-40,,,
FAM129B,3.18E-44,-2.697210281,0.012,0.043,8.93E-40,,,
ZKSCAN5,3.55E-44,0.14596314,0.062,0.031,9.95E-40,,,
COX10,3.76E-44,-0.110411628,0.134,0.083,1.05E-39,,,
CLEC12A,3.77E-44,-3.322237834,0.008,0.037,1.06E-39,,,
MPC2,3.86E-44,0.121226517,0.074,0.039,1.08E-39,,,
IFT46,3.97E-44,0.116177533,0.071,0.037,1.11E-39,,,
ARHGEF12,4.00E-44,-1.067469447,0.31,0.332,1.12E-39,,,
HOXB3,4.09E-44,-0.252173839,0.207,0.136,1.14E-39,,,
PTPRO,4.27E-44,-2.586456689,0.016,0.049,1.20E-39,,,
GRSF1,4.28E-44,-0.177170586,0.152,0.096,1.20E-39,,,
IFIH1,5.06E-44,-2.036454217,0.02,0.055,1.42E-39,,,
PRKAR1A,5.36E-44,-0.166018062,0.248,0.168,1.50E-39,,,
PART1,5.37E-44,-4.057118627,0.004,0.03,1.51E-39,,,
TNFRSF19,5.59E-44,-3.518172091,0.006,0.033,1.57E-39,,,
FMC1,5.78E-44,0.686177068,0.031,0.012,1.62E-39,,,
CAPRIN1,5.82E-44,-0.216637818,0.233,0.157,1.63E-39,,,
PGM2L1,5.93E-44,-2.84441466,0.011,0.042,1.66E-39,,,
ADAMTS8,6.32E-44,1.362283248,0.012,0.002,1.77E-39,,,
CEP290,6.63E-44,-1.214098501,0.218,0.259,1.86E-39,,,
AL731569.1,6.69E-44,0.40627406,0.037,0.015,1.87E-39,,,
KREMEN1,6.90E-44,-1.801043364,0.05,0.093,1.93E-39,,,
AL512380.2,7.37E-44,-2.501477028,0.026,0.063,2.07E-39,,,
SLC7A1,7.38E-44,-3.293339093,0.007,0.035,2.07E-39,,,
AB015752.1,7.53E-44,0.837163567,0.025,0.008,2.11E-39,,,
CCDC84,7.61E-44,-0.259021327,0.268,0.181,2.13E-39,,,
SPATS2,7.87E-44,-1.379787741,0.13,0.179,2.20E-39,,,
PDZK1,8.10E-44,0.188142976,0.045,0.02,2.27E-39,,,
IFI44L,8.52E-44,-2.929840878,0.011,0.042,2.39E-39,,,
FAM218A,8.88E-44,0.873937148,0.023,0.007,2.49E-39,,,
TBRG1,8.89E-44,-0.239570347,0.234,0.156,2.49E-39,,,
CASC3,9.51E-44,-0.214465544,0.164,0.105,2.67E-39,,,
TMOD1,1.01E-43,-1.463061927,0.092,0.141,2.84E-39,,,
CYTOR,1.03E-43,-2.101082854,0.03,0.068,2.89E-39,,,
SNX11,1.08E-43,0.225900249,0.056,0.027,3.02E-39,,,
ICAM3,1.08E-43,0.345219033,0.028,0.01,3.02E-39,,,
BCDIN3D-AS1,1.12E-43,1.081928644,0.018,0.005,3.13E-39,,,
AC069287.2,1.13E-43,0.946548913,0.02,0.006,3.15E-39,,,
CTSH,1.13E-43,-1.687930784,0.059,0.103,3.17E-39,,,
GLRX3,1.15E-43,-0.209121242,0.167,0.106,3.23E-39,,,
VSNL1,1.19E-43,-2.825754903,0.009,0.037,3.34E-39,,,
CLIC4,1.20E-43,-1.415194363,0.164,0.211,3.36E-39,,,
SIRT4,1.32E-43,0.519997816,0.033,0.013,3.70E-39,,,
GVQW2,1.33E-43,0.652893624,0.024,0.008,3.72E-39,,,
COL15A1,1.39E-43,-0.798677952,0.117,0.068,3.90E-39,,,
AGAP11,1.49E-43,0.333731271,0.055,0.027,4.17E-39,,,
AGTPBP1,1.53E-43,-1.461920048,0.148,0.195,4.28E-39,,,
C11orf65,1.67E-43,-0.257377068,0.232,0.155,4.68E-39,,,
TBX15,1.81E-43,0.81413877,0.018,0.005,5.08E-39,,,
PML,1.81E-43,-1.905016388,0.045,0.087,5.09E-39,,,
AC105202.1,1.92E-43,-3.355395111,0.004,0.03,5.38E-39,,,
DDX19A,1.97E-43,0.140136857,0.067,0.034,5.53E-39,,,
PCAT1,2.15E-43,-2.594615136,0.012,0.042,6.02E-39,,,
DOPEY1,2.21E-43,-0.212553733,0.358,0.247,6.18E-39,,,
GJA1,2.22E-43,-1.453124535,0.121,0.17,6.21E-39,,,
SIRPB2,2.32E-43,-3.53139208,0.006,0.033,6.49E-39,,,
AP002360.2,2.39E-43,0.734261445,0.026,0.009,6.69E-39,,,
ZNF207,2.66E-43,-0.173612287,0.46,0.32,7.46E-39,,,
SLC16A1-AS1,2.71E-43,-0.988762005,0.386,0.385,7.59E-39,,,
STX7,2.78E-43,-0.318560253,0.395,0.271,7.79E-39,,,
PTMS,2.87E-43,-1.561182224,0.081,0.128,8.05E-39,,,
AC093627.5,2.95E-43,0.902629334,0.021,0.006,8.26E-39,,,
AC093772.1,2.99E-43,-3.826688697,0.011,0.041,8.39E-39,,,
MUC20,3.07E-43,0.932923112,0.022,0.007,8.59E-39,,,
ZFP14,3.86E-43,-0.224926825,0.188,0.123,1.08E-38,,,
PAFAH1B1,3.91E-43,-0.126046392,0.548,0.386,1.10E-38,,,
AC007881.3,3.98E-43,1.756467819,0.01,0.002,1.12E-38,,,
PRG4,4.03E-43,-2.040484011,0.051,0.093,1.13E-38,,,
ABCC2,4.18E-43,0.546264214,0.025,0.008,1.17E-38,,,
CARS-AS1,4.27E-43,0.531334768,0.031,0.012,1.20E-38,,,
STK24-AS1,4.36E-43,1.613415027,0.012,0.002,1.22E-38,,,
CCDC138,4.68E-43,-1.609091983,0.073,0.12,1.31E-38,,,
NCF4,4.74E-43,-3.822273614,0.006,0.032,1.33E-38,,,
SMIM15-AS1,4.89E-43,0.139807941,0.063,0.032,1.37E-38,,,
SYNE2,4.92E-43,-1.360268408,0.256,0.287,1.38E-38,,,
AL355816.2,4.98E-43,1.117203272,0.016,0.004,1.40E-38,,,
AC022509.2,5.22E-43,0.30787522,0.042,0.018,1.46E-38,,,
ADAMTS1,5.24E-43,-2.105610568,0.046,0.087,1.47E-38,,,
ZNF726,5.36E-43,0.76707357,0.022,0.007,1.50E-38,,,
PDC,5.53E-43,0.373506479,0.032,0.012,1.55E-38,,,
MBTPS2,6.05E-43,-0.11371766,0.139,0.086,1.69E-38,,,
STAU2-AS1,6.08E-43,1.394792342,0.012,0.002,1.70E-38,,,
LINC01878,6.43E-43,1.797086453,0.01,0.001,1.80E-38,,,
BOLA1,6.61E-43,0.440679856,0.04,0.017,1.85E-38,,,
SRPRA,7.23E-43,-0.144683511,0.102,0.06,2.02E-38,,,
SUSD6,7.47E-43,-1.493939415,0.132,0.18,2.09E-38,,,
CA2,7.51E-43,1.170602841,0.013,0.003,2.11E-38,,,
ANKRD34A,7.61E-43,1.51876247,0.012,0.002,2.13E-38,,,
METTL14,7.64E-43,-0.235740101,0.152,0.096,2.14E-38,,,
ACSM1,9.06E-43,-3.770261434,0.004,0.029,2.54E-38,,,
AL035416.1,9.13E-43,0.731254909,0.023,0.008,2.56E-38,,,
TIMM9,9.35E-43,-0.101698294,0.095,0.055,2.62E-38,,,
AQP1,9.60E-43,-1.863107694,0.045,0.086,2.69E-38,,,
TMED3,9.87E-43,-2.575077399,0.013,0.043,2.77E-38,,,
ARMC2,1.12E-42,-0.223155045,0.179,0.116,3.15E-38,,,
CA11,1.13E-42,-2.080915664,0.022,0.056,3.17E-38,,,
GADD45G,1.24E-42,1.200471182,0.017,0.004,3.47E-38,,,
GCNA,1.25E-42,0.11003701,0.087,0.049,3.51E-38,,,
TSEN15,1.26E-42,-0.134481712,0.1,0.058,3.52E-38,,,
NOL10,1.29E-42,-0.279846103,0.24,0.162,3.63E-38,,,
AL354710.2,1.33E-42,1.557482256,0.012,0.002,3.72E-38,,,
IFT57,1.33E-42,-1.684909829,0.059,0.103,3.73E-38,,,
AL163952.1,1.35E-42,1.653818101,0.01,0.002,3.79E-38,,,
JPH2,1.40E-42,-2.566909367,0.014,0.044,3.92E-38,,,
C15orf40,1.48E-42,-0.131628872,0.108,0.064,4.15E-38,,,
SRSF6,1.52E-42,-0.259102185,0.214,0.142,4.26E-38,,,
EFNA5,1.57E-42,-0.362481422,0.749,0.497,4.39E-38,,,
AL603839.3,1.62E-42,-0.200267138,0.125,0.076,4.53E-38,,,
RASSF1-AS1,1.62E-42,1.427481364,0.011,0.002,4.54E-38,,,
SLC6A13,1.64E-42,1.485822205,0.011,0.002,4.59E-38,,,
VPS29,1.69E-42,-0.264336415,0.308,0.211,4.73E-38,,,
NARS,1.75E-42,-0.169171052,0.151,0.096,4.91E-38,,,
NRCAM,1.86E-42,-2.934159168,0.008,0.036,5.22E-38,,,
PGM2,1.88E-42,-2.362532523,0.016,0.047,5.27E-38,,,
EDARADD,1.91E-42,-2.811612579,0.012,0.041,5.34E-38,,,
VWF,1.95E-42,-2.785442539,0.041,0.08,5.46E-38,,,
AC090061.1,2.47E-42,1.484612556,0.013,0.003,6.91E-38,,,
USF1,2.51E-42,0.306695959,0.061,0.031,7.03E-38,,,
AL117335.1,2.53E-42,-3.281241232,0.006,0.032,7.08E-38,,,
CCDC186,2.66E-42,-1.399571225,0.129,0.177,7.46E-38,,,
BST2,2.71E-42,-1.662698735,0.063,0.108,7.59E-38,,,
AC084018.2,2.74E-42,1.200733319,0.014,0.003,7.67E-38,,,
SPOP,3.12E-42,-0.241425388,0.312,0.215,8.75E-38,,,
LRRC41,3.27E-42,-0.124399193,0.126,0.077,9.17E-38,,,
ATP9B,3.31E-42,-0.165583437,0.488,0.341,9.28E-38,,,
HLF,3.33E-42,-0.138529333,0.097,0.056,9.32E-38,,,
MFF,3.67E-42,-0.237969017,0.313,0.215,1.03E-37,,,
AC098850.4,3.77E-42,0.206742962,0.054,0.026,1.06E-37,,,
SLAIN2,3.85E-42,-0.249388916,0.249,0.168,1.08E-37,,,
ZSCAN16-AS1,4.08E-42,-0.204897143,0.118,0.071,1.14E-37,,,
PEX5L,4.28E-42,-0.335859522,0.223,0.148,1.20E-37,,,
POC1B-AS1,4.46E-42,-0.129305609,0.109,0.065,1.25E-37,,,
AL023584.2,4.49E-42,0.741113558,0.024,0.008,1.26E-37,,,
AVEN,4.51E-42,-0.27359453,0.172,0.111,1.26E-37,,,
CDR2,4.68E-42,-1.335032667,0.188,0.231,1.31E-37,,,
AC010255.1,4.69E-42,1.486010037,0.013,0.003,1.31E-37,,,
GPBAR1,4.84E-42,0.796566865,0.026,0.009,1.36E-37,,,
MARCO,4.85E-42,-1.647431507,0.147,0.192,1.36E-37,,,
AC092155.1,4.96E-42,-3.311264042,0.01,0.038,1.39E-37,,,
YEATS2,4.97E-42,-1.388392306,0.135,0.183,1.39E-37,,,
AC018521.5,5.29E-42,0.481367572,0.037,0.016,1.48E-37,,,
MVK,5.44E-42,0.395331113,0.035,0.014,1.53E-37,,,
MBIP,5.48E-42,-0.130708067,0.121,0.074,1.54E-37,,,
SARM1,5.55E-42,-2.057371618,0.031,0.068,1.56E-37,,,
C9orf43,5.64E-42,1.385462368,0.013,0.003,1.58E-37,,,
AADACL2,6.17E-42,-4.008672855,0.003,0.027,1.73E-37,,,
ATP5J,6.45E-42,-0.329124218,0.175,0.113,1.81E-37,,,
ITGB4,6.56E-42,-2.678787235,0.014,0.044,1.84E-37,,,
ZNF652,6.70E-42,-0.301151806,0.258,0.175,1.88E-37,,,
LINC00639,6.95E-42,-4.215216415,0.007,0.033,1.95E-37,,,
CDH3,7.03E-42,-2.42394182,0.014,0.044,1.97E-37,,,
KEAP1,7.22E-42,0.185857364,0.056,0.027,2.02E-37,,,
SLC7A7,7.25E-42,-2.320091286,0.019,0.052,2.03E-37,,,
TBC1D32,8.09E-42,-1.333206935,0.143,0.189,2.27E-37,,,
GNG11,8.13E-42,-1.533377412,0.099,0.147,2.28E-37,,,
NEURL1B,8.16E-42,-3.308953564,0.007,0.033,2.29E-37,,,
CA3-AS1,8.21E-42,1.54708978,0.01,0.002,2.30E-37,,,
AC010519.1,8.36E-42,1.011647823,0.019,0.005,2.34E-37,,,
XRCC4,8.41E-42,-0.255379495,0.172,0.112,2.36E-37,,,
CYP46A1,8.72E-42,-0.103432771,0.103,0.061,2.44E-37,,,
ZNF404,9.30E-42,0.310001219,0.041,0.018,2.61E-37,,,
FSIP2-AS1,9.33E-42,0.248861039,0.045,0.02,2.62E-37,,,
LY96,9.41E-42,-2.228975282,0.029,0.065,2.64E-37,,,
PDIA3,9.99E-42,-1.328849005,0.151,0.197,2.80E-37,,,
AC080013.1,1.06E-41,-2.138986656,0.023,0.058,2.97E-37,,,
KRBOX4,1.08E-41,-0.259476187,0.166,0.107,3.02E-37,,,
BACH1,1.12E-41,-1.312934791,0.188,0.231,3.14E-37,,,
AP001029.2,1.18E-41,0.957001166,0.023,0.007,3.31E-37,,,
SHTN1,1.18E-41,-1.276311678,0.177,0.221,3.31E-37,,,
HIKESHI,1.21E-41,-0.216447133,0.157,0.101,3.39E-37,,,
AC007773.1,1.25E-41,0.699725931,0.028,0.01,3.50E-37,,,
MCM9,1.28E-41,-0.249240121,0.286,0.196,3.58E-37,,,
TMEM242,1.29E-41,-0.156130051,0.126,0.078,3.62E-37,,,
KIAA0586,1.30E-41,-0.329937064,0.235,0.157,3.64E-37,,,
AC008467.1,1.30E-41,0.284283904,0.04,0.018,3.65E-37,,,
RNF10,1.32E-41,-0.242595839,0.258,0.176,3.70E-37,,,
NSD3,1.32E-41,-0.149364992,0.507,0.358,3.71E-37,,,
DRAIC,1.33E-41,1.146280622,0.018,0.005,3.73E-37,,,
RARRES3,1.34E-41,-2.463076596,0.016,0.047,3.76E-37,,,
CLEC7A,1.49E-41,-3.374067149,0.006,0.032,4.17E-37,,,
CAPZA1,1.54E-41,-0.266150366,0.346,0.238,4.33E-37,,,
AC018638.6,1.55E-41,1.70796124,0.01,0.001,4.33E-37,,,
RPS16,1.56E-41,-1.241647615,0.21,0.252,4.36E-37,,,
LYN,1.57E-41,-2.164611274,0.069,0.112,4.41E-37,,,
IL1RAPL1,1.59E-41,-2.529052064,0.027,0.062,4.46E-37,,,
AC079193.2,1.64E-41,0.558751156,0.029,0.011,4.59E-37,,,
AL391097.1,1.68E-41,-0.316808244,0.111,0.066,4.71E-37,,,
IGFBP3,1.74E-41,-1.951312729,0.058,0.101,4.88E-37,,,
BRD2,1.77E-41,-0.187499912,0.168,0.109,4.97E-37,,,
AP003110.1,1.77E-41,0.201985568,0.047,0.022,4.97E-37,,,
RBM41,1.88E-41,-0.25401075,0.231,0.156,5.28E-37,,,
CCDC14,1.94E-41,-0.262684297,0.323,0.222,5.43E-37,,,
C9orf85,2.08E-41,-0.26146052,0.201,0.133,5.84E-37,,,
SLITRK5,2.13E-41,-3.4847075,0.005,0.03,5.96E-37,,,
BASP1,2.22E-41,-2.020584141,0.03,0.067,6.22E-37,,,
BTN2A2,2.23E-41,-2.919669756,0.009,0.037,6.24E-37,,,
ZNF569,2.24E-41,-0.125406588,0.112,0.067,6.27E-37,,,
ISYNA1,2.25E-41,-2.936878077,0.006,0.032,6.31E-37,,,
C1orf43,2.33E-41,-0.236994399,0.155,0.099,6.53E-37,,,
MDM4,2.36E-41,-0.236741235,0.415,0.288,6.60E-37,,,
PI4KA,2.47E-41,-1.210957936,0.225,0.261,6.91E-37,,,
DAP3,2.47E-41,-0.271262494,0.179,0.117,6.91E-37,,,
NUP54,2.57E-41,-0.248926282,0.216,0.145,7.19E-37,,,
PAIP2,2.65E-41,-0.24587338,0.23,0.156,7.43E-37,,,
TLR1,2.69E-41,-2.178308077,0.026,0.061,7.55E-37,,,
AC016229.1,2.71E-41,-5.601442274,0.001,0.023,7.58E-37,,,
AC016687.2,2.73E-41,1.321058965,0.011,0.002,7.64E-37,,,
AL355312.2,2.82E-41,0.305350536,0.051,0.025,7.91E-37,,,
STARD7,2.91E-41,-0.12724164,0.123,0.076,8.15E-37,,,
KIAA0895L,2.99E-41,-0.144027942,0.114,0.069,8.37E-37,,,
EED,2.99E-41,-0.174224774,0.152,0.097,8.37E-37,,,
METTL16,3.02E-41,-0.235842666,0.2,0.133,8.47E-37,,,
AC025419.1,3.15E-41,0.680993829,0.024,0.008,8.84E-37,,,
RAB21,3.17E-41,-0.212105649,0.17,0.111,8.88E-37,,,
MIR4458HG,3.23E-41,0.574928985,0.031,0.012,9.06E-37,,,
SCARB2,3.33E-41,-0.250264179,0.309,0.213,9.34E-37,,,
CDC25B,3.37E-41,-2.478738726,0.015,0.046,9.46E-37,,,
BFAR,3.38E-41,-0.152343126,0.128,0.08,9.47E-37,,,
SRD5A3-AS1,3.39E-41,0.653863796,0.031,0.012,9.49E-37,,,
MYO9B,3.40E-41,-1.487802384,0.157,0.201,9.52E-37,,,
CDH6,3.40E-41,-2.9477843,0.016,0.047,9.54E-37,,,
CAMSAP2,3.52E-41,-1.066805685,0.285,0.311,9.85E-37,,,
AC091534.1,3.52E-41,1.093570025,0.016,0.004,9.86E-37,,,
PATZ1,3.57E-41,0.287699689,0.051,0.024,1.00E-36,,,
ANGEL2,3.62E-41,-0.242610801,0.189,0.125,1.01E-36,,,
AC092839.2,3.69E-41,1.65598729,0.01,0.001,1.03E-36,,,
AC019211.1,3.78E-41,-3.984752967,0.004,0.029,1.06E-36,,,
C4orf22,4.08E-41,0.38071673,0.052,0.025,1.14E-36,,,
MOAP1,4.17E-41,0.351773935,0.039,0.017,1.17E-36,,,
CSPP1,4.23E-41,-0.217753666,0.369,0.258,1.19E-36,,,
TNPO3,4.34E-41,-0.261210763,0.247,0.167,1.22E-36,,,
ZNF540,4.37E-41,-0.135194601,0.108,0.064,1.22E-36,,,
TMEM106A,4.42E-41,-2.370374328,0.022,0.056,1.24E-36,,,
GYPB,4.46E-41,1.908106235,0.01,0.002,1.25E-36,,,
FOXO3,4.52E-41,-0.310116277,0.531,0.376,1.27E-36,,,
FAM81B,4.67E-41,0.926056986,0.017,0.004,1.31E-36,,,
RPL30,4.69E-41,-1.138084995,0.328,0.346,1.31E-36,,,
C3orf35,4.73E-41,0.237300687,0.047,0.022,1.33E-36,,,
AC107068.2,4.83E-41,-0.316776995,0.162,0.104,1.35E-36,,,
TRIM41,4.92E-41,0.184485444,0.054,0.027,1.38E-36,,,
OTUD6B-AS1,5.26E-41,-0.195629392,0.133,0.083,1.47E-36,,,
RPTOR,5.32E-41,-0.272524169,0.32,0.22,1.49E-36,,,
HNRNPM,5.39E-41,-0.288953688,0.322,0.221,1.51E-36,,,
GALNT14,5.83E-41,-3.73007324,0.004,0.029,1.63E-36,,,
CCNT1,5.97E-41,-0.184318182,0.147,0.094,1.67E-36,,,
AC073651.1,5.97E-41,1.171620349,0.013,0.003,1.67E-36,,,
RPS3,6.10E-41,-1.353882952,0.185,0.228,1.71E-36,,,
EIF2B1,6.12E-41,-0.219330845,0.139,0.087,1.71E-36,,,
AC069437.1,6.17E-41,-2.119660609,0.024,0.058,1.73E-36,,,
SEC23IP,6.30E-41,-0.226530578,0.17,0.11,1.76E-36,,,
AL137058.2,6.31E-41,-1.835644079,0.041,0.08,1.77E-36,,,
TMEM39A,6.33E-41,-0.187227659,0.165,0.107,1.78E-36,,,
AC005726.2,6.80E-41,0.488289572,0.038,0.016,1.91E-36,,,
TMEM38A,6.93E-41,0.491675394,0.035,0.014,1.94E-36,,,
MESP2,7.11E-41,1.21102,0.013,0.003,1.99E-36,,,
RAB5A,7.46E-41,-0.234384747,0.213,0.143,2.09E-36,,,
IFNLR1,7.76E-41,-3.559658893,0.003,0.025,2.18E-36,,,
FCHSD2,8.39E-41,-1.098664539,0.393,0.393,2.35E-36,,,
CALB2,8.43E-41,-1.640310697,0.119,0.165,2.36E-36,,,
CAVIN2,8.43E-41,-1.725371497,0.065,0.108,2.36E-36,,,
LINC02147,8.76E-41,-3.838240968,0.015,0.045,2.46E-36,,,
DHX30,8.95E-41,-0.192758484,0.145,0.092,2.51E-36,,,
ABCC5,9.05E-41,-1.591017663,0.125,0.17,2.54E-36,,,
SLFN12,9.32E-41,-2.13884462,0.029,0.065,2.61E-36,,,
LINC01358,9.32E-41,-2.639531936,0.018,0.05,2.61E-36,,,
ALS2,9.76E-41,-0.258381798,0.181,0.119,2.74E-36,,,
WDSUB1,1.07E-40,-0.210539474,0.19,0.125,3.01E-36,,,
TEK,1.10E-40,-1.929023895,0.039,0.077,3.09E-36,,,
ZNF20,1.12E-40,0.222578741,0.053,0.026,3.13E-36,,,
LPAR5,1.19E-40,-3.015799067,0.007,0.033,3.35E-36,,,
OTUD5,1.19E-40,-0.156875487,0.143,0.091,3.35E-36,,,
CHAF1A,1.25E-40,0.269487258,0.043,0.019,3.50E-36,,,
AC013549.1,1.29E-40,1.191535451,0.013,0.003,3.63E-36,,,
SHROOM4,1.30E-40,-2.832041407,0.011,0.04,3.63E-36,,,
GPC5,1.38E-40,0.276191602,0.034,0.014,3.86E-36,,,
KCTD19,1.44E-40,-3.770580901,0.003,0.026,4.03E-36,,,
GAPDHS,1.47E-40,0.256136188,0.04,0.018,4.11E-36,,,
CASC19,1.47E-40,-2.190728751,0.035,0.072,4.13E-36,,,
SLC16A5,1.49E-40,-2.322276507,0.014,0.044,4.16E-36,,,
MFSD9,1.50E-40,0.195479827,0.042,0.019,4.21E-36,,,
CRIP2,1.53E-40,-2.553226143,0.01,0.038,4.28E-36,,,
GANAB,1.59E-40,-0.242290052,0.16,0.103,4.45E-36,,,
LINC01585,1.60E-40,0.905503484,0.016,0.004,4.49E-36,,,
DNAH7,1.64E-40,-1.842056737,0.044,0.084,4.59E-36,,,
FLVCR2,1.65E-40,0.279195182,0.053,0.026,4.63E-36,,,
ANKRD36B,1.69E-40,-1.679659519,0.056,0.098,4.73E-36,,,
ASAH2B,1.79E-40,0.61777974,0.026,0.009,5.00E-36,,,
FAM155A-IT1,1.83E-40,-4.165442564,0.002,0.023,5.12E-36,,,
GSAP,1.85E-40,-1.433395345,0.162,0.205,5.18E-36,,,
EXOC3-AS1,1.93E-40,0.302091068,0.043,0.02,5.40E-36,,,
PSMC3IP,1.96E-40,0.483421732,0.032,0.012,5.49E-36,,,
DDX1,1.97E-40,-0.244136615,0.242,0.165,5.52E-36,,,
SAFB2,1.98E-40,-0.206006029,0.213,0.144,5.56E-36,,,
ALDH3B1,2.04E-40,-2.261947771,0.01,0.037,5.72E-36,,,
CCDC82,2.14E-40,-0.314816673,0.175,0.114,5.99E-36,,,
AKAP6,2.16E-40,-1.721508607,0.077,0.122,6.05E-36,,,
TNFSF4,2.19E-40,0.995095888,0.017,0.005,6.14E-36,,,
PRDX3,2.25E-40,-0.150619247,0.102,0.061,6.32E-36,,,
SRL,2.36E-40,-3.591386877,0.005,0.029,6.61E-36,,,
TRAPPC10,2.36E-40,-0.26941576,0.328,0.227,6.62E-36,,,
HDDC2,2.36E-40,-1.621947576,0.079,0.123,6.62E-36,,,
ISL1,2.46E-40,0.382444803,0.095,0.057,6.90E-36,,,
CEP95,2.57E-40,-0.269724561,0.306,0.211,7.21E-36,,,
CACNG1,2.81E-40,1.913612008,0.01,0.001,7.87E-36,,,
DNM3OS,2.92E-40,-0.532885336,0.105,0.061,8.17E-36,,,
AC032044.1,2.93E-40,0.616680979,0.022,0.007,8.21E-36,,,
SMARCAL1,2.96E-40,-0.163996013,0.141,0.089,8.29E-36,,,
DPP8,3.00E-40,-0.263546574,0.248,0.169,8.41E-36,,,
POLR2J4,3.25E-40,0.198112747,0.046,0.021,9.11E-36,,,
B3GALNT1,3.33E-40,-2.706311047,0.009,0.036,9.34E-36,,,
AC091563.1,3.35E-40,-3.336377776,0.004,0.027,9.38E-36,,,
TCAF1,3.56E-40,-0.141384261,0.164,0.107,9.97E-36,,,
ARHGEF10,3.56E-40,-1.828427964,0.039,0.077,9.99E-36,,,
LINC00854,3.57E-40,-2.171124252,0.042,0.081,1.00E-35,,,
AL117339.5,3.63E-40,0.126146538,0.07,0.038,1.02E-35,,,
PACRG,3.70E-40,-2.114538233,0.03,0.066,1.04E-35,,,
SLC12A1,3.70E-40,0.554308197,0.026,0.009,1.04E-35,,,
ZBTB11-AS1,4.08E-40,0.70757146,0.028,0.011,1.14E-35,,,
CASC1,4.14E-40,-2.234389733,0.02,0.052,1.16E-35,,,
LINC01003,4.55E-40,0.225455381,0.047,0.022,1.28E-35,,,
AC073896.1,4.57E-40,0.303533566,0.039,0.017,1.28E-35,,,
AC011447.3,4.60E-40,-0.186319328,0.119,0.073,1.29E-35,,,
BMP2K,4.85E-40,-1.905514194,0.167,0.205,1.36E-35,,,
C11orf58,4.85E-40,-0.300101968,0.378,0.262,1.36E-35,,,
TBC1D15,5.37E-40,-0.272971505,0.27,0.186,1.51E-35,,,
ITGB5,5.42E-40,-0.200915528,0.273,0.189,1.52E-35,,,
AC104109.4,5.42E-40,0.532903149,0.042,0.019,1.52E-35,,,
AZIN1-AS1,5.65E-40,-0.259073864,0.204,0.136,1.58E-35,,,
DPM1,5.86E-40,-0.186165955,0.154,0.099,1.64E-35,,,
WDR17,5.97E-40,-2.103826613,0.024,0.057,1.67E-35,,,
AC012313.6,6.38E-40,0.563080791,0.035,0.015,1.79E-35,,,
MTCP1,6.44E-40,-0.255961458,0.144,0.091,1.81E-35,,,
AC010201.2,6.45E-40,0.915890084,0.017,0.005,1.81E-35,,,
AL451070.1,6.69E-40,0.127012789,0.052,0.025,1.87E-35,,,
MYO10,6.75E-40,-2.248342638,0.049,0.088,1.89E-35,,,
SCHLAP1,6.79E-40,1.594482994,0.013,0.003,1.90E-35,,,
CNOT8,6.87E-40,-0.133732616,0.125,0.078,1.93E-35,,,
CHSY1,7.05E-40,-1.836103465,0.054,0.095,1.98E-35,,,
AC073957.3,7.15E-40,0.361784793,0.041,0.019,2.00E-35,,,
SRBD1,7.68E-40,-0.282356893,0.278,0.191,2.15E-35,,,
AL031280.1,7.73E-40,-2.039083925,0.032,0.069,2.17E-35,,,
EEF1AKMT1,8.21E-40,-0.165382215,0.113,0.069,2.30E-35,,,
PKIG,8.98E-40,-1.439495823,0.109,0.155,2.52E-35,,,
FBXW4,9.18E-40,-0.237202208,0.31,0.215,2.57E-35,,,
IPP,9.20E-40,-0.180881981,0.119,0.073,2.58E-35,,,
ROR1-AS1,9.35E-40,-1.992599947,0.051,0.091,2.62E-35,,,
AL035413.1,1.00E-39,-0.226226805,0.167,0.109,2.81E-35,,,
SNAP25,1.02E-39,-4.346553176,0.003,0.026,2.85E-35,,,
EPHB4,1.03E-39,-3.02447542,0.008,0.034,2.87E-35,,,
AC007386.2,1.03E-39,0.239188505,0.039,0.017,2.88E-35,,,
TBCEL,1.03E-39,-0.212541519,0.166,0.108,2.90E-35,,,
AC006270.1,1.04E-39,0.337515976,0.032,0.013,2.93E-35,,,
AC104662.2,1.06E-39,0.177478556,0.052,0.026,2.97E-35,,,
CCDC144NL-AS1,1.06E-39,-0.205028269,0.117,0.072,2.98E-35,,,
BRF2,1.08E-39,0.3244127,0.031,0.012,3.03E-35,,,
HHIPL1,1.10E-39,-2.738397229,0.009,0.036,3.07E-35,,,
YAE1D1,1.12E-39,-0.169332949,0.131,0.082,3.13E-35,,,
FAM46A,1.14E-39,-1.680672377,0.083,0.127,3.20E-35,,,
TIMP2,1.19E-39,-1.171616567,0.226,0.263,3.35E-35,,,
CDC42BPB,1.21E-39,-0.260291133,0.284,0.195,3.38E-35,,,
ZNF333,1.22E-39,-0.158660297,0.114,0.069,3.41E-35,,,
ANKRA2,1.24E-39,-0.174776712,0.159,0.104,3.47E-35,,,
SPAG1,1.25E-39,-0.249235478,0.191,0.127,3.50E-35,,,
RBM33,1.26E-39,-0.223346965,0.431,0.302,3.52E-35,,,
BTK,1.27E-39,-3.164191805,0.007,0.032,3.55E-35,,,
RPS9,1.35E-39,-1.257141448,0.215,0.254,3.78E-35,,,
ITCH,1.43E-39,-0.197750613,0.51,0.358,4.02E-35,,,
GJB7,1.50E-39,0.712773309,0.024,0.008,4.21E-35,,,
PSMD14,1.60E-39,-0.25976124,0.176,0.116,4.49E-35,,,
FAM13C,1.66E-39,-1.434560642,0.091,0.136,4.65E-35,,,
FCHSD1,1.72E-39,-4.118545953,0.003,0.025,4.81E-35,,,
AC138811.1,1.77E-39,0.270149934,0.044,0.02,4.96E-35,,,
RNF114,1.83E-39,-0.216992412,0.159,0.103,5.12E-35,,,
LST1,1.85E-39,-2.404393386,0.016,0.046,5.18E-35,,,
TEX29,1.93E-39,0.841041363,0.017,0.005,5.41E-35,,,
TRIP11,2.00E-39,-0.297248693,0.314,0.217,5.62E-35,,,
FAM43A,2.13E-39,-3.430121835,0.005,0.029,5.96E-35,,,
KIAA1755,2.17E-39,-3.112769974,0.01,0.037,6.08E-35,,,
SCN7A,2.21E-39,-3.853624348,0.01,0.037,6.20E-35,,,
ZNF208,2.26E-39,-1.413794702,0.094,0.14,6.33E-35,,,
DACH1,2.27E-39,-2.935644452,0.026,0.06,6.36E-35,,,
COPG1,2.42E-39,-0.102397747,0.108,0.065,6.79E-35,,,
PSMD5,2.46E-39,-0.146012022,0.167,0.11,6.89E-35,,,
SEPSECS,2.53E-39,-0.132966015,0.108,0.065,7.09E-35,,,
COL4A3,2.57E-39,0.124620126,0.067,0.036,7.21E-35,,,
LINC02257,2.61E-39,1.809696323,0.01,0.002,7.32E-35,,,
TYMS,2.70E-39,0.321424767,0.033,0.013,7.55E-35,,,
VSIG4,2.84E-39,-1.711163153,0.072,0.114,7.96E-35,,,
LINC01140,2.87E-39,1.046098066,0.016,0.004,8.03E-35,,,
KIAA2026,2.94E-39,-0.223744302,0.43,0.302,8.25E-35,,,
GCN1,2.97E-39,-0.151941811,0.12,0.074,8.33E-35,,,
LINC01291,2.98E-39,0.359503632,0.03,0.012,8.34E-35,,,
UBA3,2.98E-39,-0.210911589,0.182,0.121,8.34E-35,,,
CSNK1A1,2.99E-39,-0.222054582,0.386,0.271,8.38E-35,,,
AL024509.3,3.00E-39,-4.141588497,0.003,0.025,8.40E-35,,,
COX5B,3.03E-39,-0.333925549,0.179,0.118,8.49E-35,,,
LNX1,3.07E-39,-2.801079822,0.028,0.062,8.61E-35,,,
APOOL,3.09E-39,-0.159688964,0.139,0.088,8.66E-35,,,
AP000282.1,3.32E-39,0.930352943,0.018,0.005,9.30E-35,,,
AC007036.2,3.53E-39,1.103813212,0.018,0.005,9.90E-35,,,
AC079210.1,3.57E-39,-3.356601077,0.007,0.033,1.00E-34,,,
LMF1-AS1,3.60E-39,0.500738756,0.029,0.011,1.01E-34,,,
TMA16,3.71E-39,-0.199340918,0.163,0.106,1.04E-34,,,
AL139120.1,3.83E-39,0.158648753,0.05,0.024,1.07E-34,,,
AP001439.1,3.84E-39,-3.686585313,0.005,0.028,1.08E-34,,,
AC005906.2,4.03E-39,-3.510939387,0.005,0.029,1.13E-34,,,
AC009403.1,4.05E-39,0.406976384,0.036,0.015,1.14E-34,,,
LGMN,4.30E-39,-1.885359433,0.159,0.2,1.20E-34,,,
AP001160.1,4.39E-39,0.291144209,0.047,0.022,1.23E-34,,,
AC013564.1,4.42E-39,0.897380007,0.018,0.005,1.24E-34,,,
TCEAL9,4.70E-39,-1.560452267,0.06,0.102,1.32E-34,,,
NEMF,4.85E-39,-0.192474081,0.488,0.342,1.36E-34,,,
AC008760.2,5.00E-39,-5.54523599,0.001,0.022,1.40E-34,,,
ETV1,5.05E-39,-3.284306719,0.009,0.035,1.42E-34,,,
DLEU7,5.08E-39,-3.238843872,0.007,0.032,1.42E-34,,,
IGHG1,5.14E-39,-3.756198941,0.003,0.025,1.44E-34,,,
SMARCC2,5.19E-39,-0.234862546,0.186,0.124,1.46E-34,,,
MAFK,5.42E-39,-1.944354794,0.027,0.061,1.52E-34,,,
RCOR3,5.72E-39,-0.228293799,0.342,0.24,1.60E-34,,,
SSU72,5.77E-39,-0.12258341,0.112,0.069,1.62E-34,,,
NOTCH4,5.78E-39,-3.453400443,0.009,0.035,1.62E-34,,,
STYX,6.35E-39,-0.110237126,0.094,0.056,1.78E-34,,,
TTC9,6.54E-39,-3.381840424,0.004,0.028,1.83E-34,,,
HPS4,6.80E-39,-0.189737513,0.16,0.104,1.91E-34,,,
JAML,6.92E-39,-3.039224342,0.009,0.036,1.94E-34,,,
OARD1,7.08E-39,-0.193718157,0.134,0.085,1.99E-34,,,
PTPRK,7.49E-39,-1.177485287,0.284,0.305,2.10E-34,,,
MRPL15,7.74E-39,0.127493949,0.056,0.029,2.17E-34,,,
AC009133.1,8.00E-39,-1.859426186,0.037,0.074,2.24E-34,,,
TNPO2,8.15E-39,-0.18254123,0.14,0.089,2.28E-34,,,
GSTA4,8.18E-39,-0.167826751,0.116,0.071,2.29E-34,,,
APCDD1L,8.61E-39,0.300887302,0.034,0.014,2.41E-34,,,
CNIH3,8.69E-39,-0.259834217,0.17,0.111,2.43E-34,,,
EIF2D,8.77E-39,-0.107261111,0.115,0.071,2.46E-34,,,
PGR-AS1,8.78E-39,-2.811232926,0.01,0.037,2.46E-34,,,
FAM35A,8.91E-39,-0.259921481,0.257,0.177,2.50E-34,,,
CCNB3,9.69E-39,1.426532219,0.015,0.004,2.71E-34,,,
CDC37L1-AS1,1.05E-38,0.993415977,0.019,0.006,2.95E-34,,,
CDK18,1.12E-38,-3.556134497,0.004,0.028,3.14E-34,,,
ASH2L,1.13E-38,-0.192277427,0.188,0.126,3.17E-34,,,
LINC02211,1.13E-38,0.746986858,0.026,0.01,3.18E-34,,,
FPR3,1.14E-38,-2.056776938,0.038,0.075,3.20E-34,,,
RPS11,1.18E-38,-1.269243109,0.2,0.241,3.31E-34,,,
SCCPDH,1.19E-38,-0.127855378,0.127,0.08,3.35E-34,,,
ATP5C1,1.21E-38,-0.255630006,0.226,0.154,3.38E-34,,,
NUPL2,1.21E-38,-0.203473384,0.189,0.126,3.40E-34,,,
RPL31,1.24E-38,-1.278752503,0.155,0.201,3.49E-34,,,
STARD7-AS1,1.28E-38,0.215476694,0.058,0.03,3.58E-34,,,
AC007966.1,1.28E-38,0.968980976,0.016,0.004,3.59E-34,,,
EGFL6,1.40E-38,-2.570301449,0.014,0.042,3.94E-34,,,
THAP9,1.41E-38,0.20597618,0.05,0.024,3.94E-34,,,
DIP2A,1.41E-38,-1.264743134,0.168,0.211,3.96E-34,,,
KPNA6,1.45E-38,-0.291287025,0.214,0.145,4.06E-34,,,
VAPB,1.49E-38,-0.276771056,0.184,0.122,4.18E-34,,,
IRF9,1.60E-38,-2.066313283,0.028,0.063,4.49E-34,,,
AL354977.2,1.68E-38,1.38504269,0.013,0.003,4.71E-34,,,
EXOC5,1.69E-38,-0.255618883,0.168,0.11,4.73E-34,,,
AC048382.1,1.70E-38,1.274744364,0.012,0.003,4.76E-34,,,
LMF1,1.75E-38,-0.30034677,0.188,0.125,4.90E-34,,,
AL033384.2,1.77E-38,-2.690222908,0.011,0.038,4.95E-34,,,
TRMT61A,1.91E-38,0.517786571,0.032,0.013,5.37E-34,,,
AC083843.2,1.94E-38,0.299324345,0.037,0.016,5.44E-34,,,
CLEC2B,2.03E-38,-2.090367185,0.033,0.068,5.69E-34,,,
CYP20A1,2.03E-38,-0.294583127,0.307,0.213,5.70E-34,,,
HORMAD2-AS1,2.06E-38,0.877366991,0.018,0.005,5.78E-34,,,
PRPSAP2,2.06E-38,-0.202175884,0.133,0.084,5.78E-34,,,
DLG3,2.07E-38,-3.328993593,0.004,0.027,5.81E-34,,,
NOC2L,2.11E-38,-0.210781624,0.131,0.082,5.90E-34,,,
TNFAIP8L3,2.11E-38,-3.445502027,0.003,0.025,5.92E-34,,,
PHRF1,2.12E-38,-0.172086068,0.111,0.068,5.95E-34,,,
ZMYND12,2.20E-38,0.544696259,0.026,0.009,6.16E-34,,,
ISPD-AS1,2.21E-38,0.200360592,0.037,0.016,6.18E-34,,,
PEX11G,2.31E-38,0.463604694,0.028,0.011,6.46E-34,,,
HLA-DPB1,2.33E-38,-1.55995747,0.109,0.154,6.52E-34,,,
CLOCK,2.48E-38,-0.286785126,0.34,0.237,6.96E-34,,,
PCF11-AS1,2.50E-38,0.403371011,0.038,0.017,7.01E-34,,,
NPW,2.63E-38,0.500481663,0.031,0.012,7.36E-34,,,
KATNA1,2.64E-38,-0.133905443,0.119,0.074,7.40E-34,,,
DDX6,2.69E-38,-0.259513351,0.36,0.252,7.54E-34,,,
SUMO1,2.71E-38,-0.208843931,0.15,0.097,7.59E-34,,,
B3GAT2,2.72E-38,0.231291602,0.04,0.018,7.62E-34,,,
AC008083.1,2.86E-38,0.608292508,0.024,0.009,8.01E-34,,,
PPP1R15A,3.14E-38,-2.263104659,0.02,0.051,8.81E-34,,,
UBAP2L,3.19E-38,-0.267861003,0.213,0.144,8.94E-34,,,
CD80,3.28E-38,1.303660649,0.014,0.003,9.19E-34,,,
ZYX,3.34E-38,-1.979976271,0.028,0.062,9.37E-34,,,
ANKUB1,3.52E-38,-0.192479179,0.614,0.449,9.85E-34,,,
RWDD2A,3.59E-38,0.346606982,0.032,0.013,1.01E-33,,,
TRABD2A,3.63E-38,0.501774757,0.026,0.01,1.02E-33,,,
FLYWCH1,3.66E-38,-0.15363879,0.125,0.079,1.03E-33,,,
AL137024.1,3.67E-38,-2.988803003,0.008,0.034,1.03E-33,,,
TUB,4.16E-38,-2.268784604,0.016,0.046,1.16E-33,,,
KCMF1,4.24E-38,-0.271577835,0.254,0.175,1.19E-33,,,
PHF20L1,4.25E-38,-0.273202691,0.317,0.221,1.19E-33,,,
DDO,4.31E-38,1.073883796,0.015,0.004,1.21E-33,,,
KCP,4.55E-38,-0.143691909,0.049,0.024,1.28E-33,,,
C1orf54,5.25E-38,-1.855906405,0.03,0.065,1.47E-33,,,
RRAGC,5.29E-38,0.349471219,0.035,0.015,1.48E-33,,,
MBLAC1,5.56E-38,1.21629125,0.014,0.003,1.56E-33,,,
RALGAPA2,5.64E-38,-0.366104729,0.535,0.377,1.58E-33,,,
HNRNPH3,6.01E-38,-0.267315653,0.299,0.208,1.68E-33,,,
AL031429.2,6.09E-38,1.376370051,0.012,0.002,1.71E-33,,,
AP001011.1,6.65E-38,-0.345256577,0.4,0.278,1.86E-33,,,
IL1RAP,6.88E-38,-1.574175813,0.054,0.095,1.93E-33,,,
URB1,6.93E-38,-0.169701556,0.117,0.073,1.94E-33,,,
RANBP2,7.03E-38,-0.191164627,0.225,0.154,1.97E-33,,,
POLG,7.29E-38,-0.138205032,0.091,0.053,2.04E-33,,,
SAP30L-AS1,7.38E-38,-1.592444177,0.082,0.125,2.07E-33,,,
USP48,7.44E-38,-0.258669727,0.356,0.249,2.08E-33,,,
URB1-AS1,7.62E-38,0.814400452,0.022,0.008,2.13E-33,,,
PDCD6IP,7.63E-38,-0.226729927,0.421,0.296,2.14E-33,,,
PCDHA12,8.26E-38,-4.360484192,0.002,0.023,2.32E-33,,,
NRIP2,8.31E-38,0.23518479,0.045,0.021,2.33E-33,,,
GALNT3,8.32E-38,0.304240657,0.025,0.009,2.33E-33,,,
ZNF517,8.57E-38,0.326615563,0.033,0.014,2.40E-33,,,
AC005899.7,8.64E-38,0.742940683,0.022,0.007,2.42E-33,,,
AL354714.1,9.09E-38,-4.648532385,0.002,0.023,2.55E-33,,,
TNFRSF10D,9.32E-38,-2.78737721,0.007,0.032,2.61E-33,,,
FNBP1L,9.66E-38,-0.15497456,0.203,0.138,2.71E-33,,,
FRA10AC1,9.72E-38,-0.259418967,0.265,0.183,2.72E-33,,,
DCAF4L1,9.94E-38,1.470835004,0.014,0.003,2.79E-33,,,
AC073320.1,1.00E-37,0.524856317,0.032,0.013,2.81E-33,,,
VCAN,1.02E-37,-2.360302189,0.022,0.054,2.85E-33,,,
TPST1,1.03E-37,-0.424426,0.296,0.203,2.89E-33,,,
NUDT9,1.04E-37,-0.233647877,0.137,0.088,2.91E-33,,,
SLC27A6,1.09E-37,0.868652615,0.016,0.004,3.05E-33,,,
AL445250.1,1.11E-37,-3.088701945,0.01,0.036,3.10E-33,,,
LINC01134,1.12E-37,1.129782431,0.014,0.003,3.14E-33,,,
LRRC75A-AS1,1.14E-37,-0.31399202,0.264,0.182,3.20E-33,,,
CAGE1,1.16E-37,0.962287469,0.017,0.005,3.24E-33,,,
GNPTG,1.16E-37,-0.139875704,0.118,0.073,3.24E-33,,,
EXOC6,1.16E-37,-1.388623692,0.205,0.241,3.24E-33,,,
CLEC19A,1.18E-37,-3.766064362,0.004,0.026,3.32E-33,,,
TMEM267,1.26E-37,-0.187295486,0.122,0.076,3.54E-33,,,
BMP3,1.29E-37,-2.39633504,0.011,0.037,3.60E-33,,,
MFN1,1.30E-37,-0.226396075,0.223,0.153,3.65E-33,,,
TRIP12,1.33E-37,-0.172535549,0.507,0.36,3.72E-33,,,
PSG3,1.33E-37,1.154827606,0.012,0.002,3.73E-33,,,
MT-ATP8,1.35E-37,-1.356714865,0.072,0.115,3.79E-33,,,
CAMKK1,1.37E-37,-3.302467692,0.006,0.029,3.85E-33,,,
SLC3A1,1.38E-37,-0.146801088,0.134,0.085,3.88E-33,,,
DLGAP1-AS4,1.40E-37,-3.715170707,0.002,0.023,3.91E-33,,,
CDK8,1.40E-37,-0.321368609,0.301,0.208,3.92E-33,,,
SREK1IP1,1.44E-37,-0.203941896,0.182,0.122,4.04E-33,,,
STAMBP,1.48E-37,-0.236714627,0.167,0.11,4.14E-33,,,
MTRR,1.48E-37,-0.179714275,0.114,0.07,4.15E-33,,,
AL118558.4,1.50E-37,1.484971108,0.012,0.003,4.22E-33,,,
MYL12B,1.56E-37,-1.372433856,0.117,0.161,4.37E-33,,,
ITGA4,1.69E-37,-3.370624754,0.012,0.039,4.74E-33,,,
SRPK2,1.70E-37,-0.228037654,0.53,0.373,4.76E-33,,,
ALG13,1.73E-37,-0.299215122,0.329,0.23,4.84E-33,,,
ID2,1.85E-37,-1.67214193,0.065,0.106,5.18E-33,,,
B3GNT2,1.88E-37,-2.156979059,0.019,0.05,5.26E-33,,,
AC064871.1,1.93E-37,0.489585618,0.027,0.01,5.40E-33,,,
MFSD11,2.12E-37,-0.292105057,0.192,0.129,5.93E-33,,,
ERVH48-1,2.23E-37,1.297183916,0.015,0.004,6.25E-33,,,
IMPACT,2.27E-37,0.143312777,0.061,0.033,6.36E-33,,,
SHANK3,2.38E-37,-2.678890577,0.02,0.051,6.66E-33,,,
SUPT6H,2.39E-37,-0.20944363,0.175,0.117,6.70E-33,,,
TEFM,2.39E-37,-0.270825185,0.23,0.157,6.70E-33,,,
AC020661.4,2.41E-37,0.164041665,0.049,0.024,6.77E-33,,,
KIF1B,2.50E-37,-0.226076824,0.402,0.286,7.00E-33,,,
COQ10A,2.51E-37,0.381611716,0.035,0.015,7.04E-33,,,
LINC01117,2.55E-37,-5.09765246,0.002,0.022,7.14E-33,,,
AC093607.1,2.58E-37,1.282972936,0.013,0.003,7.23E-33,,,
SFT2D2,2.70E-37,-1.484759437,0.088,0.131,7.55E-33,,,
ANKRD13C,2.74E-37,-0.255167593,0.312,0.218,7.69E-33,,,
MS4A14,3.02E-37,-3.923867933,0.003,0.025,8.48E-33,,,
CCDC126,3.03E-37,-0.111473986,0.096,0.057,8.50E-33,,,
AP005131.3,3.05E-37,0.581508744,0.028,0.011,8.54E-33,,,
C14orf105,3.09E-37,0.787249272,0.014,0.003,8.67E-33,,,
SNX7,3.16E-37,-1.871856984,0.025,0.058,8.86E-33,,,
NR2F2,3.20E-37,-1.5477634,0.088,0.131,8.97E-33,,,
TCHP,3.33E-37,-0.388410068,0.277,0.191,9.34E-33,,,
R3HCC1L,3.55E-37,-0.320870962,0.242,0.166,9.96E-33,,,
LPCAT4,3.80E-37,-2.311160815,0.01,0.035,1.06E-32,,,
PPP6R3,3.81E-37,-0.114016318,0.606,0.432,1.07E-32,,,
GBP1,3.83E-37,-2.156611972,0.019,0.049,1.07E-32,,,
DHRS12,4.09E-37,-0.192055051,0.133,0.084,1.15E-32,,,
AC008781.2,4.62E-37,-3.196904476,0.004,0.026,1.29E-32,,,
AC108134.3,4.79E-37,-3.971692441,0.003,0.025,1.34E-32,,,
AC104184.1,4.82E-37,0.795445028,0.014,0.004,1.35E-32,,,
ADI1,4.87E-37,-0.25452608,0.124,0.078,1.36E-32,,,
IFFO1,5.03E-37,-1.843858348,0.045,0.082,1.41E-32,,,
EXOC2,5.04E-37,-0.331878692,0.229,0.156,1.41E-32,,,
MAP3K21,5.17E-37,-3.11013334,0.004,0.026,1.45E-32,,,
PLAU,5.35E-37,-2.695658846,0.011,0.038,1.50E-32,,,
GPRC5D-AS1,5.43E-37,-1.622139146,0.051,0.09,1.52E-32,,,
PEX26,5.49E-37,-0.153381634,0.109,0.067,1.54E-32,,,
SNX29,5.62E-37,-0.546562948,0.446,0.304,1.58E-32,,,
TAMM41,5.65E-37,-0.287030514,0.193,0.129,1.58E-32,,,
DNM1L,5.78E-37,-0.293831689,0.291,0.203,1.62E-32,,,
PIGN,6.01E-37,-0.274645642,0.284,0.197,1.68E-32,,,
PLD3,6.02E-37,-0.307326428,0.26,0.18,1.69E-32,,,
MCF2L2,6.10E-37,-0.167702831,0.079,0.045,1.71E-32,,,
SMARCA1,6.26E-37,-0.204475445,0.2,0.135,1.75E-32,,,
SLC35D1,6.29E-37,-0.250668382,0.136,0.087,1.76E-32,,,
AL157402.2,6.41E-37,-4.750588896,0.002,0.023,1.80E-32,,,
AL024508.1,6.45E-37,0.153703842,0.055,0.028,1.81E-32,,,
RPL11,6.51E-37,-1.111351578,0.376,0.377,1.83E-32,,,
RRBP1,6.61E-37,-1.34194458,0.139,0.183,1.85E-32,,,
VPS13C,6.67E-37,-0.908187467,0.46,0.427,1.87E-32,,,
ZNF566,6.75E-37,-0.228212702,0.129,0.082,1.89E-32,,,
USHBP1,6.77E-37,-0.225766243,0.101,0.06,1.90E-32,,,
ZNF554,7.21E-37,0.341271993,0.04,0.018,2.02E-32,,,
AL121601.1,7.53E-37,1.068879707,0.015,0.004,2.11E-32,,,
TAF11,7.54E-37,-0.23584284,0.187,0.126,2.11E-32,,,
RGS9,7.75E-37,-2.433206974,0.014,0.042,2.17E-32,,,
LYST,8.03E-37,-1.314981147,0.295,0.312,2.25E-32,,,
ZNF430,8.65E-37,-0.252565112,0.172,0.115,2.42E-32,,,
AC004784.1,8.74E-37,0.194361259,0.027,0.01,2.45E-32,,,
NAALADL2-AS2,8.95E-37,0.245106707,0.035,0.015,2.51E-32,,,
BAZ2A,9.12E-37,-0.323776067,0.198,0.134,2.56E-32,,,
PLA2G2A,9.29E-37,-1.987451323,0.043,0.08,2.60E-32,,,
AJ006995.1,9.56E-37,-0.386225692,0.035,0.015,2.68E-32,,,
IER5,9.65E-37,-2.740122079,0.007,0.03,2.71E-32,,,
KC6,9.71E-37,-3.216028779,0.007,0.031,2.72E-32,,,
EXOSC8,9.72E-37,-0.137794821,0.169,0.113,2.72E-32,,,
RPS23,9.72E-37,-1.207091554,0.23,0.266,2.72E-32,,,
ZKSCAN1,1.01E-36,-0.295936661,0.301,0.211,2.84E-32,,,
ANKRD54,1.04E-36,0.10633001,0.058,0.03,2.92E-32,,,
APC2,1.04E-36,0.469485978,0.027,0.01,2.93E-32,,,
ARMC2-AS1,1.10E-36,0.991632494,0.014,0.004,3.09E-32,,,
SOD2,1.11E-36,-0.285924377,0.469,0.33,3.11E-32,,,
AL157786.1,1.11E-36,-2.0260188,0.03,0.063,3.12E-32,,,
ADARB1,1.12E-36,-0.311805413,0.186,0.125,3.13E-32,,,
RASSF1,1.12E-36,-1.748153575,0.049,0.088,3.13E-32,,,
FCGR2B,1.14E-36,-2.124463439,0.023,0.055,3.19E-32,,,
RPL19,1.16E-36,-1.276860954,0.201,0.24,3.25E-32,,,
SLC35F4,1.16E-36,0.473430137,0.025,0.009,3.26E-32,,,
TBX1,1.22E-36,-4.300295331,0.005,0.027,3.42E-32,,,
AC007495.2,1.22E-36,0.964067434,0.013,0.003,3.42E-32,,,
CDS1,1.31E-36,-3.175604465,0.004,0.026,3.66E-32,,,
ADAM19,1.36E-36,-3.197299843,0.011,0.036,3.82E-32,,,
NFATC4,1.38E-36,-2.837623163,0.009,0.034,3.88E-32,,,
PTGFR,1.38E-36,-2.814580452,0.01,0.036,3.88E-32,,,
GRPEL1,1.50E-36,0.149109626,0.045,0.022,4.21E-32,,,
AC100830.1,1.61E-36,-0.132568494,0.081,0.047,4.52E-32,,,
TMC8,1.62E-36,-2.880813956,0.01,0.035,4.55E-32,,,
FAM149B1,1.74E-36,-0.310781793,0.226,0.155,4.86E-32,,,
HLA-DMB,1.75E-36,-1.932652637,0.026,0.058,4.90E-32,,,
PHF21A,1.76E-36,-0.868128073,0.4,0.396,4.93E-32,,,
AC254633.1,1.83E-36,0.722740921,0.015,0.004,5.12E-32,,,
FAM169B,1.84E-36,1.165060948,0.014,0.004,5.15E-32,,,
TMEM106B,1.85E-36,-0.276674414,0.182,0.123,5.18E-32,,,
ZC3H7A,1.95E-36,-0.302829635,0.263,0.182,5.47E-32,,,
CLIC3,2.07E-36,-2.175524124,0.015,0.042,5.79E-32,,,
AC137579.1,2.15E-36,1.137111997,0.011,0.002,6.02E-32,,,
ENDOD1,2.19E-36,-2.027498195,0.017,0.045,6.13E-32,,,
AC010333.2,2.19E-36,0.331910261,0.034,0.014,6.14E-32,,,
GM2A,2.22E-36,-0.169901488,0.077,0.044,6.22E-32,,,
AC021097.1,2.27E-36,0.61790481,0.023,0.008,6.36E-32,,,
ANAPC1,2.33E-36,-0.159818544,0.12,0.076,6.54E-32,,,
INTS4,2.36E-36,-0.264637062,0.21,0.143,6.62E-32,,,
AP002989.1,2.49E-36,-1.722584444,0.057,0.096,6.97E-32,,,
NECTIN2,2.51E-36,-1.629337548,0.066,0.107,7.03E-32,,,
UBE2A,2.53E-36,-0.166336063,0.097,0.058,7.09E-32,,,
COPB2,2.54E-36,-0.271823787,0.226,0.156,7.11E-32,,,
AC111194.2,2.54E-36,-4.243308731,0.002,0.022,7.12E-32,,,
AC026470.3,2.60E-36,-0.20322582,0.095,0.057,7.30E-32,,,
RANBP17,2.67E-36,-0.154007177,0.06,0.031,7.48E-32,,,
VCAM1,2.71E-36,-2.99204423,0.009,0.034,7.60E-32,,,
ARAP3,2.81E-36,-3.723015258,0.004,0.026,7.86E-32,,,
MYO1H,2.86E-36,-0.107100776,0.065,0.035,8.01E-32,,,
CERS4,2.98E-36,-0.29665046,0.13,0.083,8.35E-32,,,
SMTN,3.04E-36,-2.232729954,0.019,0.048,8.53E-32,,,
PPP2R5E,3.16E-36,-0.30031625,0.325,0.227,8.87E-32,,,
TIMM17A,3.20E-36,-0.16411206,0.093,0.056,8.97E-32,,,
THEMIS2,3.40E-36,-2.729891816,0.01,0.035,9.52E-32,,,
C2orf49,3.43E-36,-0.175910771,0.134,0.086,9.61E-32,,,
CYSLTR2,3.61E-36,-3.1121801,0.005,0.027,1.01E-31,,,
AC068587.6,3.63E-36,-1.023444505,0.291,0.314,1.02E-31,,,
CLEC10A,3.66E-36,-2.339705115,0.02,0.05,1.03E-31,,,
SYP,3.70E-36,0.277843111,0.038,0.017,1.04E-31,,,
KDM4D,3.86E-36,0.582133444,0.024,0.009,1.08E-31,,,
SNAPC3,4.04E-36,-0.276320056,0.23,0.159,1.13E-31,,,
PLAGL1,4.07E-36,-0.360342877,0.379,0.266,1.14E-31,,,
LGALS8-AS1,4.11E-36,1.046820969,0.013,0.003,1.15E-31,,,
ZFP36,4.18E-36,-1.707821672,0.059,0.098,1.17E-31,,,
CIZ1,4.21E-36,-0.15016903,0.124,0.078,1.18E-31,,,
AC092718.6,4.26E-36,1.178766065,0.014,0.004,1.20E-31,,,
AL355773.1,4.37E-36,1.761591164,0.01,0.002,1.22E-31,,,
PEX13,4.55E-36,-0.246650908,0.142,0.092,1.27E-31,,,
LIFR,4.59E-36,-1.387690264,0.246,0.274,1.29E-31,,,
PKM,4.61E-36,-1.701805949,0.046,0.084,1.29E-31,,,
ZDHHC21,4.68E-36,-0.249801291,0.36,0.254,1.31E-31,,,
AC016205.1,4.70E-36,-0.161733927,0.227,0.159,1.32E-31,,,
AC093249.6,4.73E-36,0.631173067,0.023,0.008,1.33E-31,,,
LINC02001,4.84E-36,-0.12468313,0.091,0.054,1.36E-31,,,
MMP25-AS1,4.88E-36,-0.181668638,0.061,0.032,1.37E-31,,,
AL117190.1,4.93E-36,-3.452604562,0.003,0.024,1.38E-31,,,
HMG20A,4.98E-36,-0.248877113,0.195,0.132,1.40E-31,,,
PSMB8,4.99E-36,-1.88337666,0.019,0.049,1.40E-31,,,
HECW2,5.12E-36,-2.970562313,0.019,0.048,1.44E-31,,,
ARF4-AS1,5.21E-36,0.400058135,0.029,0.011,1.46E-31,,,
MON2,5.34E-36,-0.109546166,0.625,0.448,1.50E-31,,,
SLC35A5,5.36E-36,-0.181400062,0.132,0.085,1.50E-31,,,
RPS4X,5.40E-36,-1.265778158,0.226,0.261,1.51E-31,,,
MOV10,5.47E-36,-2.009579086,0.026,0.058,1.53E-31,,,
COX18,5.47E-36,-0.137501307,0.095,0.057,1.53E-31,,,
PDLIM2,5.62E-36,-2.031236053,0.02,0.05,1.58E-31,,,
RPL15,5.63E-36,-1.394422499,0.128,0.172,1.58E-31,,,
PLEKHJ1,5.64E-36,0.113101491,0.072,0.041,1.58E-31,,,
LINC02175,5.71E-36,0.797197988,0.017,0.005,1.60E-31,,,
TMCC1-AS1,5.82E-36,0.224304984,0.046,0.022,1.63E-31,,,
AC069234.1,5.99E-36,1.125647845,0.015,0.004,1.68E-31,,,
RNF14,6.86E-36,-0.215950903,0.123,0.078,1.92E-31,,,
CPB2,6.94E-36,0.47466104,0.022,0.007,1.94E-31,,,
TBC1D8,7.93E-36,-1.254128836,0.163,0.204,2.22E-31,,,
AC114730.2,8.67E-36,0.299412369,0.037,0.016,2.43E-31,,,
DENND4A,8.79E-36,-0.92776777,0.352,0.36,2.46E-31,,,
WNT2B,9.17E-36,-1.386312823,0.115,0.158,2.57E-31,,,
INSC,9.58E-36,0.825470022,0.018,0.005,2.69E-31,,,
ATG16L2,9.64E-36,-1.585590821,0.073,0.114,2.70E-31,,,
AKAP5,9.76E-36,0.239602999,0.03,0.012,2.74E-31,,,
SNRNP40,9.77E-36,-0.165383123,0.113,0.071,2.74E-31,,,
AC008074.1,1.08E-35,-2.123562616,0.027,0.059,3.04E-31,,,
IL17RA,1.27E-35,-0.159967781,0.17,0.115,3.55E-31,,,
CLIP2,1.29E-35,-1.867856314,0.034,0.069,3.62E-31,,,
SPRYD4,1.32E-35,0.356587325,0.036,0.016,3.71E-31,,,
LMO4,1.36E-35,-0.340520176,0.371,0.261,3.80E-31,,,
CDH18,1.36E-35,0.597582716,0.031,0.013,3.82E-31,,,
LINC00486,1.39E-35,-0.122768466,0.113,0.071,3.91E-31,,,
BRD9,1.41E-35,-0.274654088,0.235,0.162,3.96E-31,,,
MCRIP2,1.42E-35,0.472928688,0.039,0.018,3.99E-31,,,
HDAC4,1.49E-35,-1.119420661,0.235,0.265,4.18E-31,,,
TTC9C,1.50E-35,-0.198861441,0.113,0.071,4.19E-31,,,
AC145285.7,1.53E-35,0.797032857,0.021,0.007,4.30E-31,,,
SLC25A28,1.63E-35,-0.120837694,0.099,0.06,4.57E-31,,,
RTCB,1.74E-35,-0.280439159,0.16,0.106,4.87E-31,,,
AC006483.2,1.74E-35,1.596577383,0.01,0.002,4.88E-31,,,
LBH,1.89E-35,-3.176148356,0.008,0.031,5.29E-31,,,
XPO1,1.96E-35,-0.220832669,0.447,0.317,5.49E-31,,,
PAK5,2.09E-35,-0.173859819,0.097,0.059,5.85E-31,,,
MCF2L,2.17E-35,-2.992872136,0.009,0.034,6.09E-31,,,
ZNF131,2.29E-35,-0.314178961,0.321,0.225,6.41E-31,,,
NCF2,2.32E-35,-2.316342608,0.021,0.05,6.51E-31,,,
LMBRD1,2.54E-35,-0.262553507,0.342,0.241,7.12E-31,,,
C2orf82,2.69E-35,0.365399458,0.038,0.017,7.55E-31,,,
CRYZL1,2.72E-35,-0.198593967,0.13,0.084,7.63E-31,,,
AC011853.2,2.81E-35,0.190468388,0.022,0.008,7.89E-31,,,
SH2D4A,2.85E-35,-1.61308052,0.058,0.096,7.98E-31,,,
PLA2R1,2.93E-35,-1.3064283,0.162,0.201,8.22E-31,,,
ITFG1-AS1,2.94E-35,0.112788097,0.042,0.02,8.24E-31,,,
LINC01389,3.02E-35,0.210562585,0.037,0.017,8.47E-31,,,
PTPN6,3.06E-35,-2.824997191,0.006,0.028,8.58E-31,,,
ZNF76,3.21E-35,-0.162874137,0.143,0.094,8.99E-31,,,
KCNMB4,3.51E-35,-2.748786181,0.011,0.036,9.83E-31,,,
SRGAP1,3.53E-35,-0.982186506,0.344,0.352,9.89E-31,,,
AC008127.1,3.57E-35,0.230230784,0.026,0.01,1.00E-30,,,
AC020779.2,3.59E-35,0.635241265,0.02,0.007,1.01E-30,,,
MARCKS,3.64E-35,-1.521251099,0.075,0.116,1.02E-30,,,
ARIH2OS,3.72E-35,0.474745335,0.023,0.008,1.04E-30,,,
HSPB2-C11orf52,3.74E-35,1.477414702,0.01,0.002,1.05E-30,,,
NME7,3.83E-35,-1.260684759,0.174,0.213,1.07E-30,,,
AP003555.3,4.12E-35,1.000486821,0.011,0.002,1.15E-30,,,
ZNF234,4.32E-35,-0.154530097,0.102,0.063,1.21E-30,,,
AC211476.2,4.38E-35,0.881573774,0.017,0.005,1.23E-30,,,
AC005609.5,5.10E-35,-4.109136103,0.003,0.023,1.43E-30,,,
PAG1,5.11E-35,-1.99328845,0.057,0.095,1.43E-30,,,
USP8,5.18E-35,-0.260606032,0.357,0.254,1.45E-30,,,
KLHL7-AS1,5.59E-35,1.564332189,0.01,0.002,1.57E-30,,,
RGS20,5.88E-35,0.136117872,0.038,0.017,1.65E-30,,,
MLKL,5.93E-35,-2.396652609,0.018,0.047,1.66E-30,,,
CATSPERB,6.08E-35,-1.981284135,0.045,0.081,1.70E-30,,,
PGAP1,6.13E-35,0.522419214,0.124,0.079,1.72E-30,,,
RNF4,6.22E-35,-0.286384437,0.153,0.101,1.74E-30,,,
CSRP2,6.30E-35,0.154131816,0.055,0.029,1.77E-30,,,
ZMYM4-AS1,6.78E-35,-0.282714775,0.164,0.108,1.90E-30,,,
RPL34,6.80E-35,-1.187401637,0.261,0.291,1.90E-30,,,
ACTR10,6.80E-35,-0.30719201,0.246,0.171,1.91E-30,,,
AC022960.1,6.83E-35,0.266357857,0.03,0.012,1.91E-30,,,
ACAD11,6.97E-35,0.337589842,0.03,0.013,1.95E-30,,,
DUS4L,6.98E-35,0.128306383,0.046,0.023,1.96E-30,,,
HPS3,7.01E-35,-1.575192562,0.07,0.111,1.96E-30,,,
CD40LG,7.02E-35,0.325978699,0.017,0.005,1.97E-30,,,
AC079781.5,7.10E-35,-0.253213252,0.355,0.251,1.99E-30,,,
ATP5F1,7.43E-35,-0.12073974,0.096,0.059,2.08E-30,,,
PDIA5,7.44E-35,-1.778557438,0.036,0.07,2.08E-30,,,
LINC00427,7.67E-35,0.882796604,0.017,0.005,2.15E-30,,,
FAM163A,7.75E-35,-3.946730803,0.003,0.023,2.17E-30,,,
SLC38A4,7.91E-35,0.119761061,0.054,0.028,2.22E-30,,,
AC008735.2,8.26E-35,-0.225843869,0.122,0.078,2.32E-30,,,
AL357992.1,8.36E-35,-4.87963581,0.002,0.021,2.34E-30,,,
AL590128.2,8.42E-35,0.878544911,0.02,0.007,2.36E-30,,,
ACAP2,8.47E-35,-1.042445603,0.365,0.36,2.37E-30,,,
RPS12,8.52E-35,-1.252252059,0.247,0.277,2.39E-30,,,
A2M,8.61E-35,-1.68097928,0.225,0.251,2.41E-30,,,
GPR132,8.98E-35,-3.460431822,0.004,0.025,2.52E-30,,,
AGBL5,9.08E-35,-0.259232792,0.152,0.1,2.54E-30,,,
MUM1,9.08E-35,-0.209312001,0.265,0.186,2.54E-30,,,
SRSF10,9.14E-35,-0.987331205,0.322,0.333,2.56E-30,,,
ARRDC2,9.25E-35,-2.752533293,0.009,0.032,2.59E-30,,,
SNHG11,9.96E-35,0.399370534,0.029,0.012,2.79E-30,,,
EFEMP1,1.08E-34,-0.832979513,0.395,0.394,3.01E-30,,,
NRROS,1.08E-34,-3.773276873,0.003,0.023,3.02E-30,,,
LINC01023,1.09E-34,0.458990197,0.027,0.011,3.05E-30,,,
GTF3A,1.15E-34,-0.189449108,0.117,0.074,3.23E-30,,,
AC078846.1,1.18E-34,0.290610236,0.044,0.022,3.31E-30,,,
AC010331.1,1.19E-34,0.257261568,0.041,0.019,3.33E-30,,,
RALB,1.21E-34,-1.894453516,0.035,0.069,3.38E-30,,,
MUC1,1.21E-34,-2.806344344,0.007,0.029,3.39E-30,,,
HSPB2,1.26E-34,1.225920588,0.014,0.004,3.54E-30,,,
ANAPC10,1.30E-34,-0.311860831,0.227,0.157,3.63E-30,,,
AC109779.1,1.31E-34,-3.099784824,0.008,0.031,3.67E-30,,,
AC063965.1,1.31E-34,1.165117483,0.012,0.003,3.68E-30,,,
AC007785.1,1.34E-34,-3.545823723,0.003,0.023,3.75E-30,,,
CA13,1.34E-34,-2.150165456,0.022,0.052,3.77E-30,,,
ZSCAN31,1.38E-34,-1.568488529,0.071,0.111,3.86E-30,,,
AP000892.1,1.40E-34,-0.119865766,0.061,0.033,3.92E-30,,,
GUCY1B3,1.43E-34,-2.790263279,0.009,0.032,4.01E-30,,,
SHROOM2,1.44E-34,-2.476515443,0.015,0.042,4.02E-30,,,
LYRM4,1.44E-34,-0.282037557,0.159,0.106,4.03E-30,,,
AP001462.1,1.50E-34,0.436222816,0.031,0.013,4.19E-30,,,
ZNF514,1.61E-34,-0.176215276,0.107,0.067,4.52E-30,,,
AL121832.2,1.71E-34,0.645118616,0.019,0.006,4.79E-30,,,
PCYT2,1.73E-34,0.766094663,0.019,0.006,4.85E-30,,,
BIN3,1.74E-34,-0.213724928,0.129,0.083,4.86E-30,,,
MST1R,1.75E-34,-3.199737166,0.004,0.024,4.90E-30,,,
YAF2,1.77E-34,-0.363655137,0.219,0.15,4.97E-30,,,
AL049780.2,1.85E-34,-0.21613448,0.09,0.053,5.20E-30,,,
AC005899.6,1.86E-34,0.799696789,0.019,0.006,5.23E-30,,,
OLFML2B,1.88E-34,-2.769606004,0.008,0.031,5.27E-30,,,
PROX1,1.89E-34,-3.380281006,0.009,0.032,5.30E-30,,,
SFTPD,1.91E-34,0.611489085,0.029,0.012,5.36E-30,,,
SENP6,1.92E-34,-0.718135034,0.521,0.474,5.37E-30,,,
IGSF8,1.95E-34,0.121613078,0.059,0.032,5.46E-30,,,
RSAD2,2.01E-34,-2.710001639,0.008,0.031,5.62E-30,,,
TRMT5,2.01E-34,0.102009699,0.054,0.028,5.64E-30,,,
PPIG,2.13E-34,-0.333716139,0.355,0.25,5.96E-30,,,
Z93403.1,2.16E-34,1.073987287,0.015,0.004,6.04E-30,,,
RUFY1,2.33E-34,-0.271527511,0.251,0.176,6.52E-30,,,
SEC14L6,2.36E-34,-4.053153075,0.002,0.021,6.62E-30,,,
RAB3GAP2,2.44E-34,-0.283056381,0.366,0.258,6.85E-30,,,
C2orf42,2.56E-34,-0.135665716,0.083,0.049,7.17E-30,,,
LINC02384,2.58E-34,-2.985965606,0.01,0.035,7.23E-30,,,
AC069549.1,2.61E-34,-2.505637047,0.012,0.038,7.30E-30,,,
HINFP,2.62E-34,-0.106372634,0.082,0.048,7.36E-30,,,
ZNF800,2.71E-34,-0.28355644,0.205,0.14,7.59E-30,,,
USP44,2.76E-34,-2.741102059,0.009,0.032,7.74E-30,,,
UBE2L6,2.78E-34,-2.396004765,0.009,0.033,7.79E-30,,,
KMT2E,2.84E-34,-0.735547269,0.503,0.462,7.97E-30,,,
AP001605.1,2.87E-34,0.341963942,0.036,0.016,8.05E-30,,,
AL590652.1,2.88E-34,-3.420043397,0.003,0.022,8.08E-30,,,
G3BP1,2.95E-34,-0.28864701,0.225,0.156,8.25E-30,,,
LRRC66,2.99E-34,0.647205914,0.025,0.009,8.38E-30,,,
MRPS14,3.03E-34,-0.182278179,0.094,0.057,8.49E-30,,,
STUM,3.16E-34,-3.617848532,0.004,0.024,8.85E-30,,,
THY1,3.21E-34,-1.88107586,0.031,0.064,8.99E-30,,,
RTCA,3.22E-34,-0.25501404,0.135,0.088,9.03E-30,,,
HPSE,3.24E-34,-3.411665343,0.005,0.026,9.07E-30,,,
REPS2,3.28E-34,-2.370543335,0.023,0.053,9.19E-30,,,
TSC22D1,3.29E-34,-1.35291863,0.178,0.215,9.23E-30,,,
MID1IP1,3.39E-34,0.540279275,0.029,0.012,9.51E-30,,,
C6orf141,3.52E-34,-4.570187437,0.002,0.022,9.86E-30,,,
AC004803.1,3.84E-34,0.676092099,0.019,0.006,1.08E-29,,,
BPTF,4.00E-34,-0.706383196,0.532,0.482,1.12E-29,,,
ITGB3BP,4.10E-34,-0.320197632,0.282,0.197,1.15E-29,,,
POLE,4.32E-34,-0.110455064,0.077,0.044,1.21E-29,,,
LINC02550,4.53E-34,0.356123779,0.031,0.013,1.27E-29,,,
LINC01970,4.65E-34,1.640711099,0.011,0.002,1.30E-29,,,
AL355490.2,4.68E-34,0.464413973,0.028,0.011,1.31E-29,,,
AC003682.1,4.75E-34,0.734484561,0.019,0.006,1.33E-29,,,
RAP2B,4.81E-34,-1.698556313,0.033,0.065,1.35E-29,,,
ARID4B,5.02E-34,-0.734297358,0.491,0.453,1.41E-29,,,
ZNF367,5.66E-34,0.561910473,0.025,0.009,1.58E-29,,,
UNC45A,5.68E-34,-0.239646574,0.099,0.06,1.59E-29,,,
TUBB,5.70E-34,-1.471603044,0.054,0.092,1.60E-29,,,
HCG9,5.78E-34,1.051982883,0.014,0.004,1.62E-29,,,
SEZ6,5.98E-34,0.341650837,0.028,0.011,1.68E-29,,,
AP001021.2,6.11E-34,-1.518278602,0.084,0.124,1.71E-29,,,
VWA8-AS1,6.23E-34,0.903334924,0.016,0.005,1.75E-29,,,
FAM193B,6.35E-34,-0.317760128,0.228,0.158,1.78E-29,,,
IDI2,6.38E-34,1.336560977,0.014,0.004,1.79E-29,,,
AP001172.2,6.42E-34,0.987141627,0.012,0.003,1.80E-29,,,
AC022916.1,6.60E-34,0.667282425,0.022,0.008,1.85E-29,,,
AC007786.1,6.72E-34,1.415439335,0.01,0.002,1.88E-29,,,
AC011444.3,6.77E-34,-3.189954101,0.005,0.025,1.90E-29,,,
AL050341.2,7.08E-34,0.289859397,0.04,0.019,1.98E-29,,,
MRPL20,7.08E-34,-0.322007018,0.126,0.081,1.98E-29,,,
MKRN1,7.34E-34,-0.144883807,0.119,0.076,2.06E-29,,,
HSD17B3,7.41E-34,0.633756368,0.026,0.01,2.08E-29,,,
COG1,7.44E-34,-0.1058839,0.079,0.046,2.09E-29,,,
ADGRV1,7.64E-34,0.585549457,0.025,0.009,2.14E-29,,,
ATP6V1A,7.72E-34,-0.28051811,0.177,0.12,2.16E-29,,,
OTUD3,7.88E-34,-0.144854065,0.082,0.048,2.21E-29,,,
PRCC,8.08E-34,-0.167236581,0.12,0.077,2.27E-29,,,
SLC12A7,8.60E-34,-1.997889102,0.025,0.056,2.41E-29,,,
RHOB,8.66E-34,-0.104046181,0.095,0.058,2.43E-29,,,
C6orf226,9.55E-34,0.444780644,0.032,0.014,2.68E-29,,,
GOLGA5,9.72E-34,-0.280427947,0.15,0.1,2.73E-29,,,
RAB39A,9.97E-34,-3.657275979,0.005,0.026,2.79E-29,,,
CSDE1,1.01E-33,-0.289599183,0.295,0.209,2.83E-29,,,
AWAT1,1.05E-33,0.823922264,0.016,0.005,2.95E-29,,,
RXRB,1.06E-33,-0.117443506,0.081,0.048,2.96E-29,,,
GDPD1,1.06E-33,-2.047662666,0.022,0.051,2.97E-29,,,
LOH12CR2,1.19E-33,0.670548078,0.016,0.005,3.35E-29,,,
DCHS1,1.21E-33,-3.209841007,0.004,0.024,3.38E-29,,,
KCNMB2,1.24E-33,-3.534615602,0.007,0.029,3.47E-29,,,
AC110491.3,1.27E-33,0.297192473,0.024,0.009,3.55E-29,,,
TMEM117,1.32E-33,-0.353102211,0.271,0.189,3.69E-29,,,
FBXO33,1.35E-33,-0.305764448,0.179,0.121,3.77E-29,,,
GBP4,1.37E-33,-3.13349718,0.006,0.028,3.84E-29,,,
DEK,1.40E-33,-1.242379156,0.15,0.19,3.92E-29,,,
GLIPR1L2,1.46E-33,0.212799392,0.042,0.02,4.09E-29,,,
PARVB,1.50E-33,-0.311646101,0.177,0.12,4.21E-29,,,
ACSL3,1.55E-33,-0.33135032,0.244,0.17,4.34E-29,,,
AP002370.2,1.56E-33,-2.003088319,0.033,0.065,4.36E-29,,,
TMED8,1.56E-33,-0.109927894,0.112,0.072,4.37E-29,,,
ZNF347,1.57E-33,-0.123411202,0.093,0.057,4.39E-29,,,
TFPI,1.58E-33,-2.043325301,0.153,0.187,4.44E-29,,,
ZBTB46-AS1,1.59E-33,-4.205019437,0.003,0.023,4.46E-29,,,
FGFBP3,1.63E-33,0.605282909,0.017,0.005,4.56E-29,,,
AC103770.1,1.64E-33,-2.868198747,0.007,0.03,4.60E-29,,,
BORCS8-MEF2B,1.64E-33,0.360337782,0.031,0.013,4.60E-29,,,
TTC8,1.67E-33,-0.210845011,0.2,0.138,4.68E-29,,,
PNRC1,1.72E-33,-1.542088847,0.064,0.103,4.81E-29,,,
LGALS4,1.73E-33,0.951298258,0.015,0.004,4.85E-29,,,
C7orf71,1.77E-33,0.928325381,0.014,0.004,4.95E-29,,,
AL590627.2,1.78E-33,0.276199354,0.033,0.015,4.99E-29,,,
LAPTM5,1.79E-33,-1.670269161,0.051,0.088,5.03E-29,,,
LINC01931,1.79E-33,0.249152787,0.045,0.022,5.03E-29,,,
CNN2,1.86E-33,0.244979076,0.04,0.019,5.21E-29,,,
TP53I11,1.96E-33,-2.812684138,0.013,0.038,5.50E-29,,,
NDUFV1,2.02E-33,-0.272455996,0.171,0.115,5.67E-29,,,
OSBPL11,2.07E-33,-0.425921887,0.155,0.102,5.81E-29,,,
LRR1,2.17E-33,0.341201624,0.034,0.015,6.09E-29,,,
ABLIM2,2.18E-33,-2.049052526,0.036,0.069,6.10E-29,,,
MADD,2.19E-33,-1.746506465,0.047,0.083,6.13E-29,,,
PARVG,2.34E-33,-2.80415692,0.012,0.036,6.56E-29,,,
CFAP77,2.34E-33,0.53958015,0.021,0.007,6.57E-29,,,
NRBP1,2.44E-33,-0.161750023,0.136,0.09,6.83E-29,,,
SCRN1,2.48E-33,-1.595646399,0.051,0.087,6.95E-29,,,
ASPHD1,2.56E-33,-1.615461995,0.057,0.094,7.18E-29,,,
CYP2E1,2.57E-33,0.843837019,0.015,0.004,7.21E-29,,,
MIGA1,2.58E-33,-0.314619468,0.332,0.235,7.24E-29,,,
RAPGEFL1,2.67E-33,0.370644373,0.027,0.011,7.47E-29,,,
MRPS31,2.72E-33,-0.281375395,0.215,0.15,7.61E-29,,,
TRMT1L,2.79E-33,-0.216647535,0.124,0.08,7.83E-29,,,
ECD,2.82E-33,-0.231859134,0.142,0.094,7.90E-29,,,
POLR3E,2.89E-33,-0.182519149,0.096,0.059,8.09E-29,,,
AL157935.2,3.10E-33,0.528989096,0.019,0.006,8.69E-29,,,
Z98882.1,3.23E-33,1.131492455,0.011,0.003,9.07E-29,,,
AC016747.4,3.25E-33,0.480620137,0.027,0.011,9.11E-29,,,
VASP,3.33E-33,-1.934737766,0.029,0.06,9.33E-29,,,
COPS4,3.42E-33,-0.247443299,0.115,0.073,9.57E-29,,,
PPIB,3.60E-33,-1.345413964,0.137,0.177,1.01E-28,,,
UBE2L3,3.68E-33,-0.246055145,0.132,0.086,1.03E-28,,,
KPTN,3.77E-33,0.587443711,0.023,0.008,1.06E-28,,,
BBX,3.84E-33,-0.874767543,0.361,0.366,1.08E-28,,,
P2RX6,3.89E-33,1.126807638,0.012,0.003,1.09E-28,,,
BMS1,4.07E-33,-0.205561948,0.122,0.079,1.14E-28,,,
UXS1,4.18E-33,-1.707184439,0.04,0.074,1.17E-28,,,
TTLL11,4.23E-33,-0.300149651,0.152,0.101,1.19E-28,,,
CCDC6,4.24E-33,-1.312418581,0.157,0.195,1.19E-28,,,
PSMB5,4.28E-33,-0.150599891,0.098,0.061,1.20E-28,,,
WDR35,4.31E-33,-1.395162246,0.103,0.143,1.21E-28,,,
INTS2,4.36E-33,-0.17968665,0.103,0.065,1.22E-28,,,
CERS5,4.40E-33,-0.215557565,0.214,0.149,1.23E-28,,,
EVPLL,4.62E-33,1.478828502,0.011,0.002,1.29E-28,,,
LRRC37A3,4.67E-33,-0.106374505,0.101,0.063,1.31E-28,,,
AC007533.1,4.78E-33,-0.196596377,0.086,0.051,1.34E-28,,,
GTF2B,4.78E-33,-0.321363027,0.139,0.091,1.34E-28,,,
POT1,4.81E-33,-0.268567643,0.181,0.123,1.35E-28,,,
GRB7,4.85E-33,-2.349357178,0.015,0.041,1.36E-28,,,
AKTIP,4.98E-33,-0.109454563,0.055,0.029,1.39E-28,,,
CELSR1,5.15E-33,-2.170761971,0.012,0.036,1.44E-28,,,
AC074183.1,5.32E-33,0.470397044,0.024,0.009,1.49E-28,,,
FAM81A,5.35E-33,-2.574106875,0.011,0.035,1.50E-28,,,
SCART1,5.56E-33,0.202705877,0.041,0.02,1.56E-28,,,
KIAA1328,5.64E-33,-0.942437393,0.331,0.34,1.58E-28,,,
MCPH1-AS1,5.68E-33,-0.244451199,0.119,0.076,1.59E-28,,,
KAT7,5.84E-33,-0.212244478,0.132,0.086,1.64E-28,,,
CXCR5,5.92E-33,1.035984057,0.015,0.004,1.66E-28,,,
ACSBG1,5.92E-33,0.795947361,0.016,0.005,1.66E-28,,,
ATP5A1,6.06E-33,-0.302240825,0.132,0.087,1.70E-28,,,
DNAJC2,6.12E-33,-0.304258114,0.224,0.156,1.72E-28,,,
BTN3A3,6.32E-33,-2.065812001,0.022,0.05,1.77E-28,,,
MB21D2,6.38E-33,-0.14391191,0.132,0.087,1.79E-28,,,
STAM,6.44E-33,-0.266837173,0.179,0.122,1.80E-28,,,
ST6GALNAC2,6.76E-33,0.593621744,0.029,0.012,1.89E-28,,,
TMEM186,7.30E-33,0.375693376,0.031,0.014,2.05E-28,,,
GALNT16,7.41E-33,-2.297714185,0.015,0.04,2.08E-28,,,
PYHIN1,7.47E-33,-3.260293117,0.01,0.033,2.09E-28,,,
NDST1-AS1,7.56E-33,0.763794243,0.013,0.003,2.12E-28,,,
PDLIM7,7.60E-33,-2.455379065,0.013,0.038,2.13E-28,,,
PITPNM3,7.60E-33,-2.388917726,0.012,0.037,2.13E-28,,,
ARL13A,7.69E-33,0.458377266,0.021,0.007,2.16E-28,,,
SNX13,8.12E-33,0.270778394,0.376,0.285,2.28E-28,,,
HIPK1-AS1,8.29E-33,0.981999706,0.013,0.003,2.32E-28,,,
ZNF14,8.58E-33,-0.105281016,0.074,0.043,2.40E-28,,,
AC136604.3,9.10E-33,0.8099364,0.017,0.005,2.55E-28,,,
SAMMSON,9.15E-33,0.743332384,0.022,0.008,2.56E-28,,,
ZBTB43,9.19E-33,-0.231257852,0.143,0.095,2.57E-28,,,
AC079742.1,9.22E-33,0.748861066,0.017,0.005,2.58E-28,,,
Z83843.1,9.53E-33,-0.190462022,0.166,0.112,2.67E-28,,,
RPS24,1.03E-32,-1.171577848,0.222,0.255,2.88E-28,,,
CYB561,1.04E-32,-2.505588053,0.011,0.036,2.93E-28,,,
CDSN,1.07E-32,-5.425152159,0.001,0.018,3.01E-28,,,
ACPP,1.08E-32,-2.754190026,0.007,0.028,3.02E-28,,,
LINC01278,1.09E-32,-0.245812997,0.395,0.282,3.05E-28,,,
CD28,1.10E-32,-3.091575702,0.007,0.028,3.08E-28,,,
SFSWAP,1.11E-32,-0.304368956,0.29,0.205,3.11E-28,,,
AC095056.1,1.13E-32,-4.480106647,0.001,0.019,3.15E-28,,,
PSMA3-AS1,1.18E-32,-0.324967483,0.255,0.179,3.30E-28,,,
ALG11,1.18E-32,-0.107693854,0.091,0.055,3.30E-28,,,
MAP1LC3B2,1.18E-32,-3.665906127,0.003,0.022,3.30E-28,,,
AC093797.1,1.21E-32,-4.780279563,0.001,0.017,3.39E-28,,,
ALOX12-AS1,1.24E-32,-0.309897043,0.161,0.108,3.46E-28,,,
NR2F6,1.25E-32,0.253956353,0.037,0.017,3.50E-28,,,
DPY30,1.36E-32,-0.20067548,0.138,0.091,3.82E-28,,,
SPC25,1.38E-32,-3.376454952,0.008,0.03,3.86E-28,,,
AL513534.1,1.38E-32,0.946572011,0.016,0.005,3.86E-28,,,
BCCIP,1.43E-32,-0.256795665,0.148,0.098,4.00E-28,,,
RASSF2,1.53E-32,-2.978719231,0.007,0.028,4.28E-28,,,
NCK2,1.62E-32,-1.402887208,0.114,0.155,4.54E-28,,,
TMEM255B,1.62E-32,-3.266551146,0.004,0.024,4.55E-28,,,
SAE1,1.63E-32,-0.228612056,0.123,0.08,4.58E-28,,,
AC009145.3,1.67E-32,0.493450747,0.02,0.007,4.68E-28,,,
TMEM50B,1.70E-32,-0.278396788,0.19,0.13,4.77E-28,,,
PYGO2,1.73E-32,0.214241383,0.038,0.018,4.84E-28,,,
MAK,1.76E-32,-0.289619759,0.333,0.238,4.92E-28,,,
UBXN1,1.76E-32,-0.269046045,0.105,0.066,4.92E-28,,,
SUGP2,1.88E-32,-0.313112899,0.269,0.19,5.26E-28,,,
MRPL16,1.89E-32,-0.241940384,0.114,0.073,5.29E-28,,,
CACNA2D3-AS1,1.91E-32,-4.736066034,0.002,0.019,5.36E-28,,,
GOLGA8B,1.94E-32,-1.365252872,0.134,0.172,5.44E-28,,,
EIF4E,1.98E-32,-0.316481833,0.145,0.096,5.54E-28,,,
CCDC174,2.02E-32,-0.238539717,0.128,0.084,5.66E-28,,,
AL136295.1,2.06E-32,-0.256599903,0.102,0.064,5.78E-28,,,
SNX3,2.11E-32,-0.312713718,0.191,0.132,5.92E-28,,,
FAM96A,2.12E-32,-0.11622238,0.086,0.052,5.93E-28,,,
MBTPS1,2.13E-32,-0.30221581,0.272,0.192,5.98E-28,,,
WDR54,2.14E-32,-2.984255419,0.003,0.023,6.00E-28,,,
AGO4,2.17E-32,-0.354820063,0.281,0.198,6.09E-28,,,
RNF152,2.20E-32,-2.763780961,0.02,0.047,6.15E-28,,,
NRG4,2.26E-32,-1.778654884,0.041,0.075,6.34E-28,,,
GABPB1-AS1,2.30E-32,-0.253836951,0.385,0.275,6.44E-28,,,
SRGN,2.33E-32,-1.804785346,0.093,0.131,6.53E-28,,,
GAL3ST2,2.37E-32,-3.607610295,0.002,0.019,6.64E-28,,,
AC018809.2,2.41E-32,0.403452618,0.026,0.01,6.76E-28,,,
STK4,2.53E-32,-1.439960431,0.156,0.193,7.09E-28,,,
LINC01535,2.65E-32,-2.194932549,0.012,0.037,7.42E-28,,,
PLEKHO1,2.96E-32,-1.797212459,0.03,0.06,8.29E-28,,,
RBPMS2,3.04E-32,0.277710328,0.028,0.011,8.52E-28,,,
MCM8-AS1,3.05E-32,0.657381809,0.017,0.005,8.54E-28,,,
PDZD9,3.07E-32,0.686672086,0.02,0.007,8.61E-28,,,
RPS6,3.07E-32,-1.173691435,0.277,0.298,8.62E-28,,,
LCMT1-AS1,3.14E-32,0.178060683,0.034,0.015,8.79E-28,,,
AP002761.3,3.32E-32,1.187314077,0.011,0.002,9.31E-28,,,
09-Sep,3.36E-32,-1.787994602,0.07,0.107,9.43E-28,,,
ZFPL1,3.38E-32,0.253537963,0.043,0.021,9.49E-28,,,
SRP9,3.40E-32,-0.189858916,0.115,0.074,9.53E-28,,,
ARID3B,3.41E-32,-0.137688048,0.057,0.031,9.56E-28,,,
ABAT,3.47E-32,-0.126616416,0.102,0.064,9.73E-28,,,
SF1,3.57E-32,-0.175523834,0.47,0.339,1.00E-27,,,
CTSB,3.60E-32,-1.296633237,0.256,0.276,1.01E-27,,,
PCID2,3.67E-32,-0.270063579,0.147,0.098,1.03E-27,,,
WNK4,3.75E-32,-2.928014752,0.005,0.025,1.05E-27,,,
HIST1H2BN,3.80E-32,0.358298314,0.02,0.007,1.06E-27,,,
TDRKH-AS1,3.80E-32,1.139521534,0.012,0.003,1.07E-27,,,
TAGLN2,3.84E-32,-1.882381122,0.023,0.051,1.08E-27,,,
GLE1,4.00E-32,-0.263394098,0.117,0.076,1.12E-27,,,
RPS8,4.06E-32,-1.289050467,0.245,0.272,1.14E-27,,,
FAM171B,4.13E-32,-2.617982635,0.008,0.03,1.16E-27,,,
KIFC2,4.30E-32,0.237805685,0.035,0.016,1.21E-27,,,
MPP2,4.49E-32,-3.788355306,0.003,0.021,1.26E-27,,,
USP36,4.63E-32,-0.34143326,0.171,0.116,1.30E-27,,,
KAZN,4.77E-32,-1.957414619,0.214,0.24,1.34E-27,,,
SCAP,4.86E-32,-0.245638942,0.133,0.088,1.36E-27,,,
AC027796.1,4.88E-32,0.711269905,0.018,0.006,1.37E-27,,,
REEP5,5.07E-32,-0.315931943,0.301,0.214,1.42E-27,,,
FAAH2,5.08E-32,-1.676567268,0.056,0.091,1.42E-27,,,
SEMA6A-AS1,5.17E-32,-1.939957241,0.074,0.111,1.45E-27,,,
PCA3,5.53E-32,1.206325834,0.011,0.003,1.55E-27,,,
PCDH17,5.59E-32,-3.579048272,0.004,0.024,1.57E-27,,,
ING4,5.76E-32,-0.222012867,0.146,0.098,1.61E-27,,,
BIRC2,5.95E-32,-0.282336226,0.193,0.134,1.67E-27,,,
GIMAP4,6.02E-32,-2.308386154,0.016,0.041,1.69E-27,,,
TNFAIP6,6.10E-32,0.550333539,0.017,0.005,1.71E-27,,,
SLC39A10,6.15E-32,-1.15444524,0.16,0.199,1.72E-27,,,
PCBP3,6.20E-32,-0.15664291,0.14,0.093,1.74E-27,,,
FAXC,6.57E-32,-3.676833602,0.002,0.02,1.84E-27,,,
LINC01393,7.20E-32,1.303707872,0.01,0.002,2.02E-27,,,
C9orf92,7.74E-32,0.601377938,0.027,0.011,2.17E-27,,,
AC018754.1,7.77E-32,0.310149576,0.025,0.01,2.18E-27,,,
AC058791.1,8.18E-32,-0.290541853,0.176,0.12,2.29E-27,,,
ANAPC7,8.46E-32,-0.190583295,0.095,0.058,2.37E-27,,,
SLC37A2,8.51E-32,-2.4608023,0.007,0.029,2.39E-27,,,
LINC00612,9.04E-32,-0.455346541,0.031,0.013,2.53E-27,,,
TRMT13,9.23E-32,-0.298193099,0.235,0.165,2.59E-27,,,
DNAJC18,9.25E-32,-2.239660866,0.016,0.041,2.59E-27,,,
ATXN2,9.39E-32,-0.149579839,0.59,0.425,2.63E-27,,,
AC233280.1,9.77E-32,0.992905373,0.011,0.003,2.74E-27,,,
ARR3,9.99E-32,0.725269929,0.016,0.005,2.80E-27,,,
ZNF197,1.04E-31,-0.198167949,0.157,0.106,2.90E-27,,,
AC106895.1,1.06E-31,-3.838450067,0.002,0.019,2.96E-27,,,
MARS,1.08E-31,-0.182724397,0.1,0.063,3.02E-27,,,
MRPS26,1.08E-31,-0.110734228,0.077,0.045,3.02E-27,,,
LINC00910,1.14E-31,0.29874301,0.033,0.015,3.18E-27,,,
CTNND2,1.14E-31,-2.466443426,0.016,0.042,3.19E-27,,,
RBM14-RBM4,1.15E-31,-0.261520184,0.108,0.068,3.23E-27,,,
FGF14-AS2,1.19E-31,0.549787675,0.022,0.008,3.34E-27,,,
SCN1A,1.20E-31,1.334181599,0.012,0.003,3.37E-27,,,
CD14,1.22E-31,-1.380537417,0.147,0.184,3.43E-27,,,
TRAP1,1.23E-31,-0.312044536,0.173,0.118,3.44E-27,,,
SPATA6L,1.27E-31,-1.807773102,0.037,0.069,3.56E-27,,,
ST20-AS1,1.28E-31,1.015455072,0.012,0.003,3.59E-27,,,
AC025627.1,1.28E-31,0.506223536,0.02,0.007,3.60E-27,,,
CWF19L1,1.29E-31,-0.317901014,0.148,0.099,3.62E-27,,,
AP005436.2,1.31E-31,-4.211089564,0.002,0.019,3.66E-27,,,
DAPP1,1.39E-31,-3.388721597,0.005,0.024,3.89E-27,,,
RPP14,1.54E-31,0.11954692,0.05,0.026,4.32E-27,,,
XRCC6,1.56E-31,-0.294709314,0.205,0.143,4.38E-27,,,
UBE2E3,1.63E-31,-0.280339223,0.27,0.192,4.58E-27,,,
YBX3,1.69E-31,-1.183774386,0.159,0.198,4.74E-27,,,
SSBP3,1.70E-31,-0.328343145,0.309,0.22,4.76E-27,,,
SIN3A,1.71E-31,-0.23281538,0.164,0.112,4.80E-27,,,
MMP24-AS1,1.72E-31,-0.25797947,0.26,0.185,4.81E-27,,,
PRRT1,1.73E-31,0.389398284,0.029,0.012,4.85E-27,,,
SCNM1,1.73E-31,-0.236899958,0.113,0.072,4.86E-27,,,
GOLGA3,1.77E-31,-0.341141528,0.152,0.102,4.97E-27,,,
AC025165.2,1.83E-31,-0.239388628,0.08,0.048,5.11E-27,,,
TMC3-AS1,1.84E-31,-2.836626525,0.008,0.029,5.14E-27,,,
OR2A42,1.88E-31,1.175245107,0.01,0.002,5.26E-27,,,
EDA2R,1.88E-31,-3.59828401,0.002,0.02,5.28E-27,,,
PLEKHG3,1.97E-31,-1.48789572,0.074,0.112,5.53E-27,,,
TRMT44,1.97E-31,-0.162734698,0.12,0.078,5.53E-27,,,
PLCB2,2.01E-31,-2.706845794,0.008,0.029,5.64E-27,,,
RPP30,2.18E-31,-0.238120283,0.121,0.079,6.10E-27,,,
OMD,2.26E-31,-1.500786616,0.076,0.113,6.33E-27,,,
CBFA2T2,2.27E-31,-0.280370574,0.371,0.266,6.35E-27,,,
GOLGA8N,2.30E-31,0.546990529,0.023,0.009,6.44E-27,,,
AC126177.4,2.36E-31,-4.87626046,0.002,0.019,6.62E-27,,,
ACP1,2.37E-31,-0.256058986,0.127,0.083,6.64E-27,,,
TBP,2.37E-31,-0.161399388,0.099,0.062,6.65E-27,,,
LRRC3B,2.42E-31,-4.111041647,0.002,0.02,6.78E-27,,,
PFN2,2.43E-31,0.268255781,0.044,0.022,6.82E-27,,,
ZEB1-AS1,2.45E-31,-0.360500604,0.099,0.061,6.86E-27,,,
GALK2,2.56E-31,-1.098636602,0.231,0.259,7.19E-27,,,
AC097478.1,2.58E-31,-3.254593469,0.005,0.024,7.24E-27,,,
DAP,2.63E-31,-1.558593205,0.059,0.095,7.38E-27,,,
C6orf52,2.65E-31,0.589550112,0.021,0.008,7.43E-27,,,
MEIS3,2.66E-31,-3.338952293,0.004,0.024,7.44E-27,,,
ZNF335,2.87E-31,-0.255302661,0.117,0.075,8.04E-27,,,
FDPS,2.93E-31,-0.266353315,0.163,0.111,8.22E-27,,,
COPS2,2.94E-31,-0.263245335,0.158,0.108,8.23E-27,,,
AL163051.1,2.94E-31,1.189370382,0.011,0.003,8.23E-27,,,
AC007249.2,3.06E-31,1.104080969,0.012,0.003,8.57E-27,,,
PRKACB,3.15E-31,-0.327591137,0.257,0.182,8.83E-27,,,
RPL27A,3.28E-31,-1.30226248,0.127,0.167,9.18E-27,,,
AC068286.1,3.32E-31,1.223537961,0.01,0.002,9.31E-27,,,
YWHAE,3.40E-31,-0.284594373,0.339,0.244,9.53E-27,,,
CKAP4,3.40E-31,-1.738239766,0.029,0.059,9.54E-27,,,
AL359317.1,3.58E-31,0.159784049,0.041,0.02,1.00E-26,,,
IL1R1,3.73E-31,-1.524641318,0.087,0.125,1.05E-26,,,
ATL1,3.77E-31,-1.429987251,0.07,0.107,1.06E-26,,,
SRGAP2-AS1,3.82E-31,-2.258311533,0.01,0.033,1.07E-26,,,
TERF1,3.85E-31,-0.237266541,0.156,0.106,1.08E-26,,,
MAPKAPK5,4.15E-31,-0.19717767,0.146,0.098,1.16E-26,,,
GXYLT2,4.25E-31,-1.140271134,0.242,0.266,1.19E-26,,,
ENY2,4.48E-31,-0.284065891,0.245,0.173,1.26E-26,,,
IVNS1ABP,4.52E-31,-1.686475634,0.052,0.087,1.27E-26,,,
DNAJA1,4.81E-31,-1.405926985,0.081,0.119,1.35E-26,,,
SEPT7-AS1,5.08E-31,0.140465021,0.061,0.034,1.42E-26,,,
NAV2-AS3,5.18E-31,0.626663964,0.02,0.007,1.45E-26,,,
OLFML1,5.24E-31,-1.410537643,0.052,0.088,1.47E-26,,,
FAM120B,5.28E-31,-0.250974567,0.389,0.278,1.48E-26,,,
NAA35,5.35E-31,-0.350651635,0.264,0.186,1.50E-26,,,
EPM2AIP1,5.44E-31,-0.221542003,0.175,0.121,1.52E-26,,,
LAS1L,5.45E-31,-0.176855921,0.077,0.046,1.53E-26,,,
HLA-DQB1,5.48E-31,-1.822619237,0.041,0.073,1.54E-26,,,
MITD1,5.82E-31,-0.250344667,0.178,0.123,1.63E-26,,,
MMRN1,5.82E-31,-3.275662198,0.025,0.054,1.63E-26,,,
LINC01099,5.94E-31,1.043803236,0.013,0.003,1.66E-26,,,
KCTD3,6.12E-31,-0.203450125,0.25,0.179,1.72E-26,,,
AEBP2,6.14E-31,-1.064503523,0.265,0.287,1.72E-26,,,
C21orf62-AS1,6.35E-31,-0.236851814,0.125,0.082,1.78E-26,,,
AL359094.1,6.39E-31,-0.310041488,0.099,0.062,1.79E-26,,,
GIMAP1,6.62E-31,-2.43514778,0.009,0.031,1.86E-26,,,
ATF6B,7.05E-31,-0.246135915,0.128,0.084,1.98E-26,,,
AL596218.1,7.11E-31,-1.722852006,0.046,0.079,1.99E-26,,,
MILR1,7.15E-31,-3.239781108,0.005,0.024,2.00E-26,,,
AC005562.1,7.55E-31,-0.21883218,0.129,0.085,2.12E-26,,,
PEX7,7.62E-31,-0.108503316,0.084,0.051,2.14E-26,,,
ST6GALNAC5,7.78E-31,-3.451558277,0.005,0.024,2.18E-26,,,
LINC01170,8.22E-31,1.088835947,0.013,0.004,2.30E-26,,,
IFT20,8.26E-31,-0.189720841,0.078,0.047,2.32E-26,,,
ETF1,8.77E-31,-0.176773843,0.114,0.074,2.46E-26,,,
AF230666.1,8.86E-31,0.324109547,0.03,0.013,2.48E-26,,,
TMEM55A,9.35E-31,-0.231890338,0.121,0.079,2.62E-26,,,
ITGB2,9.87E-31,-1.709501007,0.043,0.076,2.77E-26,,,
DNAH3,1.01E-30,0.128920974,0.035,0.017,2.83E-26,,,
MKKS,1.03E-30,-0.240840603,0.133,0.088,2.89E-26,,,
PACSIN2,1.04E-30,-1.326532926,0.14,0.178,2.92E-26,,,
FGF10,1.06E-30,-0.371625688,0.098,0.062,2.98E-26,,,
WDR33,1.11E-30,-0.293313009,0.401,0.287,3.12E-26,,,
HDX,1.12E-30,-1.442887464,0.077,0.115,3.13E-26,,,
AGRN,1.24E-30,-2.250605932,0.007,0.028,3.46E-26,,,
AL583824.1,1.25E-30,-3.923522689,0.003,0.021,3.51E-26,,,
AC093157.1,1.27E-30,-0.232252796,0.098,0.061,3.57E-26,,,
ATM,1.28E-30,-0.941916627,0.388,0.377,3.60E-26,,,
RASSF5,1.34E-30,-2.311292219,0.009,0.031,3.77E-26,,,
AC099811.5,1.37E-30,1.142046269,0.011,0.003,3.85E-26,,,
RPS6KA6,1.38E-30,-2.235164596,0.015,0.039,3.86E-26,,,
GSDMD,1.38E-30,-1.822527231,0.032,0.062,3.88E-26,,,
TMEM167A,1.41E-30,-0.199248622,0.118,0.077,3.95E-26,,,
LGALS2,1.45E-30,-2.081860397,0.017,0.042,4.07E-26,,,
MPLKIP,1.49E-30,-0.19723583,0.106,0.068,4.17E-26,,,
YTHDF3-AS1,1.51E-30,1.226284147,0.012,0.003,4.23E-26,,,
AL355001.2,1.52E-30,0.498300168,0.02,0.007,4.26E-26,,,
TPM3,1.55E-30,-1.432329503,0.087,0.125,4.34E-26,,,
VCPKMT,1.57E-30,-0.140420343,0.086,0.053,4.39E-26,,,
C9orf64,1.60E-30,0.128323957,0.047,0.024,4.48E-26,,,
AC011503.1,1.61E-30,0.213743856,0.023,0.009,4.51E-26,,,
DCAF16,1.65E-30,-0.270800468,0.135,0.09,4.63E-26,,,
AC008440.2,1.79E-30,-1.762415816,0.037,0.068,5.02E-26,,,
AL139021.2,1.84E-30,-0.117407857,0.065,0.037,5.15E-26,,,
CCDC148,1.90E-30,-2.259640994,0.013,0.037,5.34E-26,,,
SCAF1,1.94E-30,0.105558693,0.051,0.027,5.44E-26,,,
SNHG17,1.95E-30,0.162088159,0.038,0.019,5.47E-26,,,
DHRS4L1,2.05E-30,1.082937343,0.013,0.003,5.76E-26,,,
MED20,2.07E-30,0.259215525,0.028,0.012,5.80E-26,,,
ABCA9,2.14E-30,-1.295203651,0.366,0.246,5.99E-26,,,
NBAS,2.21E-30,-0.277463137,0.433,0.308,6.20E-26,,,
PSMC1,2.22E-30,-0.19709843,0.091,0.056,6.22E-26,,,
HSPA5,2.24E-30,-1.343061444,0.123,0.161,6.28E-26,,,
COL9A2,2.27E-30,-3.477700378,0.002,0.02,6.35E-26,,,
RHCE,2.31E-30,0.412840486,0.017,0.005,6.47E-26,,,
ZNF34,2.33E-30,0.189880257,0.039,0.019,6.54E-26,,,
TERF2IP,2.36E-30,-0.343317765,0.274,0.194,6.61E-26,,,
AC073896.3,2.36E-30,0.338697986,0.025,0.01,6.62E-26,,,
KLK5,2.37E-30,-2.544793526,0.006,0.025,6.65E-26,,,
WDR78,2.37E-30,-0.1341809,0.121,0.079,6.65E-26,,,
AC005885.1,2.39E-30,-3.780094196,0.004,0.022,6.71E-26,,,
TMEM163,2.43E-30,-2.818280748,0.011,0.034,6.82E-26,,,
TNFSF10,2.53E-30,-0.238309175,0.244,0.175,7.08E-26,,,
CGREF1,2.57E-30,0.830788957,0.02,0.007,7.20E-26,,,
ITPKC,2.88E-30,-0.272683693,0.083,0.05,8.06E-26,,,
ZCRB1,2.88E-30,-0.239856442,0.096,0.06,8.07E-26,,,
Z84485.1,2.91E-30,0.238415279,0.036,0.017,8.16E-26,,,
AC110285.6,3.09E-30,0.152672183,0.044,0.023,8.66E-26,,,
PLP2,3.11E-30,-1.674573011,0.022,0.049,8.71E-26,,,
ZNF711,3.13E-30,-3.101143953,0.004,0.022,8.77E-26,,,
TECPR2,3.20E-30,-0.310890508,0.17,0.116,8.98E-26,,,
SUGP1,3.28E-30,-0.207670325,0.085,0.052,9.19E-26,,,
FHL2,3.29E-30,-2.767354962,0.011,0.034,9.21E-26,,,
LSR,3.33E-30,-1.756798667,0.023,0.05,9.34E-26,,,
AL049870.2,3.40E-30,1.136451806,0.011,0.003,9.54E-26,,,
FLRT1,3.71E-30,0.300756604,0.026,0.011,1.04E-25,,,
BTBD2,3.79E-30,-0.222375016,0.112,0.073,1.06E-25,,,
FOXM1,3.84E-30,0.424431611,0.029,0.013,1.08E-25,,,
TJAP1,3.98E-30,-0.168293758,0.087,0.054,1.11E-25,,,
USP4,4.02E-30,-0.305868077,0.2,0.14,1.13E-25,,,
ZNF3,4.03E-30,-0.169323909,0.083,0.05,1.13E-25,,,
AL137779.2,4.08E-30,-0.110636986,0.054,0.029,1.14E-25,,,
BMX,4.09E-30,-0.309574679,0.039,0.019,1.15E-25,,,
TRIM25,4.40E-30,-1.753665715,0.039,0.07,1.23E-25,,,
SSH2,4.43E-30,-0.202395944,0.599,0.436,1.24E-25,,,
AC137630.2,4.47E-30,0.425722911,0.024,0.009,1.25E-25,,,
ABHD17B,4.47E-30,-0.333468169,0.111,0.071,1.25E-25,,,
NAA15,4.69E-30,-0.310448901,0.302,0.216,1.31E-25,,,
PFDN1,4.80E-30,-0.318128898,0.336,0.241,1.35E-25,,,
EBF2,4.97E-30,-0.521989105,0.181,0.124,1.39E-25,,,
PLAA,5.02E-30,-0.236564076,0.113,0.074,1.41E-25,,,
DGKA,5.04E-30,-2.389298071,0.019,0.045,1.41E-25,,,
ZC3H13,5.10E-30,-0.342963015,0.302,0.215,1.43E-25,,,
PLXNB2,5.12E-30,-1.43717344,0.069,0.105,1.43E-25,,,
NOP14,5.16E-30,-0.189957634,0.083,0.051,1.45E-25,,,
QSOX1,5.28E-30,-1.792810725,0.039,0.07,1.48E-25,,,
NDUFAB1,5.44E-30,-0.207576279,0.097,0.061,1.52E-25,,,
AC002451.1,5.68E-30,0.245485504,0.033,0.015,1.59E-25,,,
SLC15A3,5.72E-30,-1.968292403,0.014,0.037,1.60E-25,,,
PEAR1,5.74E-30,-3.19792478,0.006,0.025,1.61E-25,,,
ZFYVE26,5.85E-30,-0.231140968,0.134,0.09,1.64E-25,,,
C11orf74,5.95E-30,-0.124547298,0.08,0.048,1.67E-25,,,
SAMD5,5.99E-30,-2.130237305,0.035,0.065,1.68E-25,,,
SEC62-AS1,6.06E-30,0.269284416,0.029,0.013,1.70E-25,,,
FOXK2,6.09E-30,-0.364791299,0.268,0.19,1.71E-25,,,
AC007563.2,6.49E-30,-1.622338751,0.057,0.092,1.82E-25,,,
NRDE2,6.50E-30,-0.361102968,0.218,0.152,1.82E-25,,,
SP140L,6.56E-30,-1.499716329,0.072,0.108,1.84E-25,,,
06-Mar,6.70E-30,-0.243972718,0.434,0.313,1.88E-25,,,
WWTR1,7.02E-30,-0.348136457,0.325,0.231,1.97E-25,,,
NOL9,7.09E-30,-0.239522412,0.126,0.083,1.99E-25,,,
WDR70,7.24E-30,-0.182388574,0.555,0.397,2.03E-25,,,
LINC01340,7.29E-30,-0.151834807,0.041,0.02,2.04E-25,,,
AC027808.1,7.34E-30,-0.13747499,0.084,0.051,2.06E-25,,,
AC060780.1,7.60E-30,-0.145840818,0.076,0.046,2.13E-25,,,
ZNF562,7.61E-30,-0.208419587,0.162,0.112,2.13E-25,,,
C18orf25,7.64E-30,-0.233321026,0.161,0.11,2.14E-25,,,
CPB2-AS1,7.77E-30,0.344174415,0.026,0.011,2.18E-25,,,
CNST,8.57E-30,-0.254926005,0.281,0.203,2.40E-25,,,
PPIF,8.59E-30,0.348450436,0.027,0.012,2.41E-25,,,
KLK7,8.73E-30,-2.015779076,0.011,0.033,2.45E-25,,,
TMEM123,8.79E-30,-1.193910306,0.145,0.183,2.46E-25,,,
RRP15,9.01E-30,-0.310061741,0.144,0.097,2.53E-25,,,
STS,9.07E-30,-0.13437904,0.045,0.024,2.54E-25,,,
AC092803.2,9.12E-30,0.525787241,0.018,0.006,2.56E-25,,,
AP002433.1,9.32E-30,-0.143108325,0.078,0.047,2.61E-25,,,
AC139768.1,9.58E-30,0.594494514,0.017,0.006,2.69E-25,,,
INO80D,9.61E-30,-0.330660462,0.259,0.185,2.69E-25,,,
GTF2H1,9.74E-30,-0.310677949,0.194,0.136,2.73E-25,,,
AC011825.3,9.89E-30,0.128152028,0.029,0.013,2.77E-25,,,
SKAP2,9.99E-30,-0.167413681,0.53,0.387,2.80E-25,,,
GPATCH1,1.01E-29,-0.121496449,0.087,0.054,2.83E-25,,,
LTBR,1.04E-29,-0.254587414,0.125,0.082,2.91E-25,,,
PRKAR1B,1.05E-29,-1.784758986,0.041,0.073,2.93E-25,,,
UFD1,1.12E-29,-0.186741898,0.085,0.053,3.13E-25,,,
AC133552.6,1.18E-29,0.514625629,0.021,0.008,3.32E-25,,,
CD244,1.21E-29,-3.372274663,0.005,0.023,3.40E-25,,,
AC009812.1,1.29E-29,0.870919354,0.016,0.005,3.62E-25,,,
AP000915.2,1.33E-29,-5.010142792,0.001,0.017,3.73E-25,,,
TMEM68,1.37E-29,-0.248072247,0.119,0.078,3.85E-25,,,
RHBDF2,1.38E-29,-2.305656681,0.019,0.044,3.87E-25,,,
AC008537.2,1.40E-29,1.022641785,0.011,0.003,3.93E-25,,,
E4F1,1.41E-29,-0.110684452,0.064,0.037,3.96E-25,,,
RPS6KA1,1.42E-29,-2.980994168,0.006,0.026,3.99E-25,,,
SLC16A10,1.44E-29,-0.149041568,0.042,0.022,4.04E-25,,,
LINC01098,1.46E-29,1.077101638,0.013,0.004,4.10E-25,,,
C1QL3,1.52E-29,0.283153203,0.029,0.013,4.25E-25,,,
HCG18,1.58E-29,-0.32368078,0.156,0.106,4.43E-25,,,
FBXO41,1.60E-29,-3.810532292,0.002,0.019,4.50E-25,,,
AL139424.3,1.65E-29,0.740081244,0.017,0.006,4.63E-25,,,
KDM5A,1.66E-29,-0.314337556,0.361,0.258,4.67E-25,,,
PPA2,1.71E-29,-0.33571872,0.297,0.212,4.78E-25,,,
TM9SF4,1.73E-29,-0.307555624,0.193,0.135,4.84E-25,,,
TBC1D19,1.79E-29,-1.121538582,0.199,0.23,5.00E-25,,,
RPL28,1.79E-29,-1.259300552,0.205,0.236,5.01E-25,,,
ZSWIM3,1.86E-29,0.205713475,0.038,0.019,5.22E-25,,,
IFI30,1.93E-29,-3.982809501,0.003,0.02,5.42E-25,,,
MRPL42,2.00E-29,-0.275989194,0.136,0.091,5.60E-25,,,
CDKL5,2.09E-29,-0.119063697,0.123,0.081,5.86E-25,,,
FGR,2.12E-29,-2.755470744,0.008,0.028,5.95E-25,,,
NR1D1,2.16E-29,0.144418576,0.023,0.009,6.05E-25,,,
AC073335.2,2.18E-29,0.86247344,0.015,0.005,6.10E-25,,,
CCDC47,2.22E-29,-0.22718899,0.149,0.102,6.22E-25,,,
RAD18,2.23E-29,-0.17651819,0.104,0.067,6.26E-25,,,
AL356488.3,2.27E-29,0.507208086,0.021,0.008,6.36E-25,,,
ERMARD,2.38E-29,-0.265519793,0.132,0.088,6.66E-25,,,
AC022826.2,2.41E-29,0.596349837,0.018,0.006,6.75E-25,,,
AC022796.1,2.42E-29,1.332492936,0.011,0.003,6.79E-25,,,
TFAP2C,2.43E-29,-4.530818206,0.001,0.017,6.81E-25,,,
ABCD1,2.44E-29,0.494181128,0.027,0.012,6.85E-25,,,
PHLDB3,2.46E-29,-2.703809212,0.008,0.028,6.88E-25,,,
LSM8,2.55E-29,-0.261045012,0.143,0.097,7.16E-25,,,
AC127070.3,2.56E-29,1.03281294,0.012,0.003,7.16E-25,,,
DEXI,2.56E-29,-2.251856526,0.018,0.043,7.18E-25,,,
KMT2A,2.79E-29,-0.964727705,0.293,0.308,7.82E-25,,,
PHKA2-AS1,2.90E-29,1.305648872,0.01,0.002,8.13E-25,,,
ALKBH3-AS1,2.91E-29,0.374864032,0.033,0.015,8.15E-25,,,
MED1,2.96E-29,-0.262902701,0.13,0.087,8.29E-25,,,
KCNIP4,2.96E-29,-0.479366173,0.128,0.085,8.30E-25,,,
PRPF6,2.97E-29,-0.339645904,0.168,0.116,8.32E-25,,,
SUZ12,3.05E-29,-0.325473676,0.2,0.14,8.55E-25,,,
DTD2,3.06E-29,0.37290681,0.026,0.011,8.57E-25,,,
ALKBH1,3.06E-29,-0.258495396,0.113,0.074,8.57E-25,,,
Z97055.2,3.26E-29,0.824538818,0.015,0.005,9.15E-25,,,
CD33,3.35E-29,-2.58911285,0.007,0.028,9.38E-25,,,
CCDC144NL,3.41E-29,0.287831146,0.024,0.01,9.57E-25,,,
ZNF559-ZNF177,3.47E-29,-0.123074694,0.079,0.048,9.73E-25,,,
IGHG3,3.50E-29,-2.709688225,0.004,0.022,9.82E-25,,,
PLEKHG4,3.57E-29,-2.291424498,0.012,0.035,1.00E-24,,,
LINC02316,3.70E-29,-4.537884648,0.003,0.02,1.04E-24,,,
SRSF11,3.70E-29,-0.110654242,0.676,0.492,1.04E-24,,,
FGL2,3.76E-29,-1.766160376,0.052,0.085,1.05E-24,,,
MFSD3,3.84E-29,0.379886109,0.024,0.01,1.08E-24,,,
SIN3B,3.89E-29,-0.330814973,0.175,0.121,1.09E-24,,,
BMS1P4,3.93E-29,0.727044259,0.02,0.007,1.10E-24,,,
YIPF4,4.07E-29,-0.285820094,0.268,0.193,1.14E-24,,,
FXYD7,4.09E-29,-3.330760095,0.002,0.018,1.15E-24,,,
PIN4,4.22E-29,-0.291472635,0.16,0.11,1.18E-24,,,
PHF14,4.35E-29,-0.720680596,0.496,0.454,1.22E-24,,,
BBS9,4.35E-29,-0.934006915,0.375,0.366,1.22E-24,,,
DENND4C,4.43E-29,-0.716368852,0.509,0.459,1.24E-24,,,
C19orf25,4.61E-29,-0.329358425,0.169,0.116,1.29E-24,,,
FAM185A,4.68E-29,-0.29791203,0.151,0.102,1.31E-24,,,
ELOA,4.76E-29,-0.116072055,0.097,0.062,1.33E-24,,,
AC136604.2,4.94E-29,-0.14435915,0.06,0.034,1.38E-24,,,
MARCKSL1,5.18E-29,-2.453375434,0.009,0.029,1.45E-24,,,
CPQ,5.18E-29,-0.87292374,0.402,0.389,1.45E-24,,,
TFPT,5.20E-29,0.108149244,0.039,0.019,1.46E-24,,,
AC005498.3,5.25E-29,-0.111200225,0.059,0.033,1.47E-24,,,
CYP26B1,5.29E-29,0.269072128,0.025,0.01,1.48E-24,,,
MCL1,5.41E-29,-1.448545156,0.113,0.15,1.52E-24,,,
RC3H1,5.47E-29,-0.285928796,0.444,0.318,1.53E-24,,,
ALG5,5.59E-29,-0.315093305,0.16,0.11,1.57E-24,,,
SIAH3,5.65E-29,-3.824263265,0.002,0.018,1.58E-24,,,
SETD1B,5.73E-29,-0.193379984,0.088,0.055,1.61E-24,,,
MYCT1,5.84E-29,-3.568819013,0.003,0.021,1.64E-24,,,
SH3GL3,5.86E-29,-3.335657037,0.006,0.024,1.64E-24,,,
XPO5,5.89E-29,-0.261536549,0.12,0.079,1.65E-24,,,
PACS1,5.90E-29,-0.261271116,0.404,0.297,1.65E-24,,,
HERC2,6.01E-29,-0.332493725,0.331,0.237,1.68E-24,,,
M1AP,6.11E-29,0.397762561,0.026,0.011,1.71E-24,,,
HOXD3,6.19E-29,-3.60359611,0.004,0.022,1.73E-24,,,
SFT2D1,6.21E-29,-0.305523511,0.15,0.103,1.74E-24,,,
CHSY3,6.22E-29,-0.621857356,0.16,0.109,1.74E-24,,,
KCNIP1,6.38E-29,-3.469829757,0.01,0.031,1.79E-24,,,
HSPA12B,6.41E-29,-4.347590163,0.003,0.019,1.80E-24,,,
EBAG9,6.43E-29,-0.211855273,0.087,0.054,1.80E-24,,,
Z69666.1,6.55E-29,0.490652086,0.017,0.006,1.84E-24,,,
GPATCH8,6.96E-29,-0.127917151,0.622,0.452,1.95E-24,,,
AL034417.3,7.18E-29,0.896124811,0.018,0.006,2.01E-24,,,
SPCS3,7.45E-29,-1.33163943,0.102,0.14,2.09E-24,,,
FGF18,7.53E-29,-2.790374129,0.004,0.022,2.11E-24,,,
AL360270.1,7.63E-29,0.621998591,0.018,0.006,2.14E-24,,,
PNPT1,8.23E-29,-0.31092005,0.17,0.117,2.31E-24,,,
SLC12A9,8.37E-29,-1.716418482,0.042,0.074,2.35E-24,,,
WNT5B,8.38E-29,-1.730766943,0.041,0.072,2.35E-24,,,
HLA-DPA1,8.42E-29,-1.494598764,0.123,0.159,2.36E-24,,,
FRYL,8.51E-29,-0.913063278,0.407,0.388,2.39E-24,,,
WDR25,8.81E-29,-0.216921184,0.105,0.068,2.47E-24,,,
SYTL2,8.82E-29,-0.713731351,0.069,0.04,2.47E-24,,,
HGNC:18790,9.19E-29,-2.058118084,0.011,0.032,2.58E-24,,,
DNAJC27,9.25E-29,-0.116800729,0.087,0.055,2.59E-24,,,
C11orf1,9.29E-29,0.288117122,0.039,0.02,2.60E-24,,,
AC010884.1,9.32E-29,0.462623081,0.014,0.004,2.61E-24,,,
MAP3K9,9.36E-29,-2.5861123,0.006,0.025,2.62E-24,,,
TMCO6,9.85E-29,0.158835246,0.04,0.02,2.76E-24,,,
NFAM1,1.02E-28,-2.48529014,0.009,0.03,2.86E-24,,,
VPS4B,1.03E-28,-0.350581985,0.254,0.181,2.90E-24,,,
AC090124.1,1.05E-28,0.569683404,0.023,0.009,2.93E-24,,,
SRP54,1.05E-28,-0.336494417,0.277,0.198,2.95E-24,,,
CFAP69,1.06E-28,-0.207417609,0.18,0.126,2.96E-24,,,
CTSZ,1.11E-28,-1.401587341,0.112,0.149,3.10E-24,,,
RTCA-AS1,1.19E-28,0.647143944,0.021,0.008,3.32E-24,,,
CFAP43,1.20E-28,-1.727963012,0.019,0.044,3.36E-24,,,
CMC1,1.20E-28,-0.382665088,0.25,0.178,3.36E-24,,,
CCT5,1.23E-28,-0.264881084,0.127,0.085,3.44E-24,,,
ADH1A,1.28E-28,0.112465313,0.033,0.016,3.60E-24,,,
AL160236.2,1.31E-28,0.128504932,0.035,0.017,3.67E-24,,,
TNFRSF11A,1.33E-28,-3.043780446,0.008,0.029,3.71E-24,,,
DSTYK,1.39E-28,-1.339194935,0.111,0.148,3.89E-24,,,
SIX5,1.39E-28,0.201541582,0.034,0.016,3.89E-24,,,
C19orf70,1.40E-28,-0.131519486,0.071,0.042,3.91E-24,,,
HSP90B1,1.40E-28,-1.043491592,0.261,0.281,3.93E-24,,,
AC107029.1,1.40E-28,0.927423343,0.012,0.003,3.93E-24,,,
POMZP3,1.43E-28,-0.246126296,0.076,0.046,4.02E-24,,,
LRRIQ1,1.47E-28,-2.59163101,0.012,0.033,4.13E-24,,,
WAPL,1.49E-28,-0.312370265,0.289,0.208,4.16E-24,,,
PLEKHG7,1.58E-28,0.668214354,0.016,0.005,4.42E-24,,,
NUP153,1.59E-28,-0.348253117,0.256,0.183,4.46E-24,,,
AL354794.1,1.60E-28,-3.469846658,0.003,0.02,4.50E-24,,,
CENPC,1.63E-28,-0.242527752,0.462,0.333,4.57E-24,,,
LINC01948,1.67E-28,-3.388373335,0.004,0.021,4.69E-24,,,
LINC00630,1.70E-28,-0.299958464,0.133,0.089,4.76E-24,,,
TIE1,1.71E-28,-2.843875671,0.015,0.038,4.78E-24,,,
KIAA1211,1.71E-28,-3.022414863,0.009,0.03,4.79E-24,,,
ITGA2,1.77E-28,-2.512482197,0.014,0.036,4.96E-24,,,
RASIP1,1.77E-28,-3.082569174,0.007,0.026,4.96E-24,,,
PRR3,1.79E-28,-0.232277806,0.104,0.067,5.02E-24,,,
GUCD1,1.82E-28,0.122651156,0.043,0.022,5.10E-24,,,
PRKCA,1.83E-28,-1.264752023,0.209,0.237,5.13E-24,,,
LINC01094,1.85E-28,-3.140793285,0.005,0.023,5.19E-24,,,
SH3BP2,1.86E-28,-1.764771707,0.032,0.06,5.21E-24,,,
PSMB2,1.88E-28,-0.199732264,0.119,0.079,5.25E-24,,,
KNSTRN,1.91E-28,0.324679946,0.032,0.015,5.34E-24,,,
ENSA,1.94E-28,-0.323067024,0.284,0.205,5.43E-24,,,
AP006621.4,1.98E-28,-2.884203868,0.003,0.02,5.56E-24,,,
RARG,2.12E-28,-1.970582542,0.023,0.05,5.94E-24,,,
SEC22C,2.21E-28,-0.277374721,0.119,0.079,6.20E-24,,,
LINC00922,2.29E-28,-3.103118181,0.008,0.027,6.43E-24,,,
AP3D1,2.30E-28,-0.339008492,0.153,0.105,6.45E-24,,,
MTFMT,2.35E-28,-0.257272639,0.116,0.077,6.59E-24,,,
DNAJC17,2.42E-28,-0.295531423,0.139,0.094,6.79E-24,,,
ZNF550,2.45E-28,-0.134193546,0.056,0.031,6.86E-24,,,
UBC,2.51E-28,-1.256617819,0.144,0.18,7.04E-24,,,
ABHD10,2.62E-28,-0.218618538,0.099,0.064,7.33E-24,,,
ARMCX4,2.69E-28,-0.287310459,0.421,0.301,7.53E-24,,,
NAE1,2.87E-28,-0.330861248,0.165,0.114,8.05E-24,,,
LIX1L-AS1,2.94E-28,0.276727942,0.028,0.013,8.24E-24,,,
UGGT2,2.97E-28,-0.276284593,0.456,0.33,8.32E-24,,,
ANGPTL8,3.03E-28,0.992545981,0.013,0.004,8.50E-24,,,
CCDC175,3.12E-28,1.078135579,0.012,0.003,8.75E-24,,,
FAM160A2,3.25E-28,-0.190289735,0.097,0.063,9.11E-24,,,
PELI2,3.26E-28,-1.388045647,0.145,0.18,9.14E-24,,,
SLC9A7,3.28E-28,-2.642163683,0.007,0.027,9.20E-24,,,
SLC4A3,3.28E-28,-2.370909925,0.006,0.024,9.20E-24,,,
LINC00471,3.46E-28,0.57674844,0.018,0.006,9.69E-24,,,
ACBD3,3.48E-28,-0.307685946,0.233,0.167,9.75E-24,,,
ANKRD9,3.53E-28,0.24860848,0.03,0.014,9.90E-24,,,
SSR2,3.55E-28,-1.461128454,0.066,0.101,9.96E-24,,,
MIR4713HG,3.60E-28,-2.903138229,0.008,0.027,1.01E-23,,,
SP3,3.64E-28,-0.971835429,0.278,0.294,1.02E-23,,,
AL392046.1,3.71E-28,0.83653433,0.015,0.005,1.04E-23,,,
CTSD,3.75E-28,-1.288926329,0.103,0.14,1.05E-23,,,
CLECL1,3.76E-28,-3.402051744,0.004,0.02,1.05E-23,,,
AC009313.1,3.87E-28,-2.984255392,0.008,0.028,1.08E-23,,,
DNAJB14,3.94E-28,-0.360463287,0.298,0.214,1.10E-23,,,
NUCB1-AS1,3.97E-28,-0.117965047,0.058,0.033,1.11E-23,,,
PARD3-AS1,4.07E-28,0.744269078,0.012,0.004,1.14E-23,,,
TXNL1,4.13E-28,-0.297177578,0.166,0.115,1.16E-23,,,
SP2,4.17E-28,-0.140840173,0.076,0.046,1.17E-23,,,
PLAUR,4.21E-28,-1.873405042,0.022,0.047,1.18E-23,,,
AC068675.1,4.38E-28,0.441063152,0.022,0.009,1.23E-23,,,
SAMD3,4.39E-28,-3.364239584,0.015,0.037,1.23E-23,,,
CAMTA2,4.41E-28,-0.212813882,0.088,0.056,1.24E-23,,,
PIK3CG,4.44E-28,-2.876708144,0.007,0.027,1.24E-23,,,
ZC3H7B,4.79E-28,-0.335540838,0.131,0.088,1.34E-23,,,
TMEM136,5.13E-28,-1.876027692,0.017,0.042,1.44E-23,,,
COL13A1,5.14E-28,0.520042084,0.019,0.007,1.44E-23,,,
BLNK,5.15E-28,-2.188015197,0.032,0.06,1.44E-23,,,
GATA6-AS1,5.15E-28,-1.843668799,0.024,0.05,1.44E-23,,,
KBTBD4,5.21E-28,0.106207978,0.033,0.015,1.46E-23,,,
LATS2-AS1,5.23E-28,-0.149908323,0.078,0.048,1.47E-23,,,
NT5M,5.24E-28,0.266017587,0.033,0.016,1.47E-23,,,
AP003168.2,5.29E-28,0.983986149,0.012,0.003,1.48E-23,,,
WDR1,5.39E-28,-1.677607853,0.039,0.07,1.51E-23,,,
FAM104A,5.50E-28,-0.232908019,0.107,0.07,1.54E-23,,,
AL138720.1,5.73E-28,0.275238435,0.028,0.013,1.61E-23,,,
BBIP1,5.75E-28,-0.332168827,0.121,0.08,1.61E-23,,,
AP003486.1,5.91E-28,0.34956341,0.023,0.009,1.66E-23,,,
MAP1LC3B,5.92E-28,-0.207743423,0.119,0.08,1.66E-23,,,
TMPRSS3,5.92E-28,-3.386531585,0.002,0.018,1.66E-23,,,
AC012184.2,5.99E-28,0.186613644,0.036,0.018,1.68E-23,,,
AC068152.1,6.08E-28,-0.350559336,0.207,0.146,1.70E-23,,,
CBLN2,6.24E-28,-2.989516721,0.004,0.021,1.75E-23,,,
APOBEC3G,6.28E-28,-3.156199463,0.007,0.026,1.76E-23,,,
CCDC90B,6.29E-28,-0.250208371,0.134,0.091,1.76E-23,,,
EPHA5,6.36E-28,-2.988319035,0.007,0.026,1.78E-23,,,
FHDC1,6.43E-28,-2.318113606,0.009,0.029,1.80E-23,,,
LINC00115,6.56E-28,0.319382903,0.026,0.011,1.84E-23,,,
CFB,6.58E-28,-2.555171148,0.006,0.024,1.84E-23,,,
PNO1,6.64E-28,0.15971647,0.048,0.026,1.86E-23,,,
RABAC1,6.65E-28,-1.462104286,0.06,0.094,1.86E-23,,,
ERVW-1,6.71E-28,1.092480648,0.012,0.003,1.88E-23,,,
AL136982.1,6.76E-28,0.675340339,0.021,0.008,1.90E-23,,,
FURIN,6.76E-28,0.197027725,0.041,0.021,1.90E-23,,,
ERI3,6.79E-28,-0.341011143,0.217,0.153,1.90E-23,,,
STAMBPL1,6.90E-28,-1.601037554,0.091,0.125,1.93E-23,,,
ELAC1,7.00E-28,0.295364104,0.025,0.011,1.96E-23,,,
ACSF3,7.09E-28,-0.16646634,0.111,0.073,1.99E-23,,,
AC023389.1,7.13E-28,-0.249629914,0.088,0.055,2.00E-23,,,
ADRB2,7.29E-28,0.168366432,0.027,0.012,2.04E-23,,,
PLTP,7.33E-28,-1.52345706,0.077,0.112,2.05E-23,,,
AC104836.1,7.55E-28,0.154705581,0.033,0.016,2.12E-23,,,
LHFPL3,7.98E-28,0.116225339,0.023,0.009,2.24E-23,,,
EMILIN1,8.12E-28,-2.223842386,0.014,0.036,2.27E-23,,,
AL391422.3,8.12E-28,0.832112965,0.015,0.005,2.28E-23,,,
GRID1,8.27E-28,-2.756419507,0.015,0.038,2.32E-23,,,
ADGRD1-AS1,8.30E-28,-4.362850583,0.001,0.015,2.33E-23,,,
RAB5B,8.75E-28,-0.226786101,0.101,0.065,2.45E-23,,,
PMM2,8.77E-28,-0.346581922,0.226,0.161,2.46E-23,,,
TGFB1I1,8.92E-28,-2.843877005,0.005,0.023,2.50E-23,,,
DNAJA2,9.36E-28,-0.153499095,0.084,0.052,2.62E-23,,,
AL121917.1,9.75E-28,0.163672662,0.032,0.015,2.73E-23,,,
AL390036.1,9.77E-28,-2.975966849,0.007,0.026,2.74E-23,,,
HLA-DQA1,1.04E-27,-1.951637841,0.037,0.066,2.91E-23,,,
GIMAP2,1.07E-27,-3.077948576,0.007,0.025,3.00E-23,,,
FMNL1,1.10E-27,-2.072745261,0.029,0.056,3.08E-23,,,
MALT1,1.10E-27,-1.308146793,0.121,0.157,3.10E-23,,,
FAM173A,1.18E-27,-0.140553114,0.057,0.033,3.30E-23,,,
ACSL5,1.20E-27,-1.480192433,0.052,0.085,3.36E-23,,,
AC083880.1,1.20E-27,1.30097727,0.01,0.002,3.37E-23,,,
CLNS1A,1.21E-27,-0.285978756,0.234,0.168,3.39E-23,,,
SERHL2,1.23E-27,-0.110031896,0.052,0.029,3.44E-23,,,
CD81,1.23E-27,-1.05098933,0.243,0.267,3.46E-23,,,
NSFL1C,1.24E-27,-0.218718003,0.108,0.071,3.48E-23,,,
ERH,1.26E-27,-0.237522722,0.116,0.077,3.52E-23,,,
LINC02055,1.26E-27,0.24404332,0.04,0.02,3.52E-23,,,
RPL37A,1.30E-27,-1.011583078,0.345,0.349,3.65E-23,,,
LDHC,1.31E-27,0.955712637,0.016,0.005,3.68E-23,,,
ARL16,1.33E-27,-0.231541596,0.082,0.051,3.72E-23,,,
ADCK1,1.33E-27,-0.132021229,0.069,0.041,3.73E-23,,,
AC011239.1,1.39E-27,0.848544025,0.015,0.005,3.90E-23,,,
AL118556.1,1.41E-27,-0.120783926,0.041,0.021,3.94E-23,,,
KAT14,1.44E-27,-0.114269207,0.066,0.039,4.04E-23,,,
PAFAH1B2,1.45E-27,-0.308823996,0.151,0.104,4.05E-23,,,
NCR3LG1,1.46E-27,-3.383338097,0.004,0.021,4.10E-23,,,
KAT8,1.47E-27,-0.222019671,0.089,0.057,4.12E-23,,,
SLC35B3,1.50E-27,-0.299902258,0.162,0.113,4.19E-23,,,
B3GAT3,1.60E-27,-0.131167057,0.075,0.046,4.48E-23,,,
LINC00641,1.61E-27,0.273285772,0.029,0.013,4.52E-23,,,
RNPS1,1.62E-27,-0.291167624,0.143,0.098,4.54E-23,,,
RWDD2B,1.62E-27,0.111641105,0.042,0.022,4.55E-23,,,
MNDA,1.64E-27,-2.287517575,0.014,0.036,4.60E-23,,,
SLC4A8,1.67E-27,-2.826645027,0.009,0.028,4.69E-23,,,
FLJ20021,1.79E-27,0.317599475,0.03,0.014,5.01E-23,,,
MSH5,1.79E-27,0.898534014,0.011,0.003,5.02E-23,,,
AL512422.2,1.81E-27,-3.158267164,0.004,0.021,5.07E-23,,,
AC090236.1,1.83E-27,1.465047186,0.01,0.002,5.14E-23,,,
NIN,1.84E-27,-1.332030709,0.117,0.153,5.15E-23,,,
EIF2AK1,1.89E-27,-0.24665196,0.152,0.105,5.29E-23,,,
SLC1A7,1.89E-27,-2.889465723,0.005,0.022,5.31E-23,,,
AL731566.2,1.93E-27,1.24634176,0.01,0.002,5.41E-23,,,
CHD6,1.96E-27,-0.918426447,0.337,0.339,5.50E-23,,,
RAB34,1.98E-27,-2.063244069,0.013,0.036,5.55E-23,,,
CASP8AP2,2.00E-27,-0.301289783,0.165,0.115,5.60E-23,,,
AC084357.2,2.03E-27,0.221199252,0.039,0.02,5.70E-23,,,
AP000757.1,2.04E-27,-4.541485607,0.002,0.017,5.70E-23,,,
CRY1,2.07E-27,-1.489255621,0.07,0.105,5.81E-23,,,
AC096992.2,2.10E-27,0.302272869,0.024,0.01,5.89E-23,,,
LCMT1,2.15E-27,-0.316774615,0.14,0.095,6.02E-23,,,
AC073316.3,2.15E-27,0.732831874,0.011,0.003,6.03E-23,,,
PTPDC1,2.18E-27,-0.329259935,0.167,0.116,6.12E-23,,,
NDUFS5,2.19E-27,-0.36045297,0.113,0.075,6.15E-23,,,
AC006213.2,2.22E-27,0.679938236,0.015,0.005,6.23E-23,,,
ICAM1,2.25E-27,-2.771384599,0.01,0.031,6.32E-23,,,
TVP23A,2.33E-27,-2.698384905,0.009,0.029,6.53E-23,,,
PCGF2,2.40E-27,-2.411113692,0.009,0.029,6.73E-23,,,
CTBP1,2.44E-27,-0.237721574,0.101,0.065,6.84E-23,,,
AC097537.1,2.45E-27,-7.080173315,0,0.014,6.86E-23,,,
AL590428.1,2.46E-27,-4.323372329,0.002,0.017,6.88E-23,,,
POLR1A,2.47E-27,-0.225688119,0.105,0.069,6.92E-23,,,
MYH10,2.48E-27,-1.172891048,0.24,0.26,6.94E-23,,,
HTT,2.50E-27,-0.342641394,0.309,0.223,7.00E-23,,,
CNOT2,2.59E-27,-0.282049775,0.441,0.318,7.25E-23,,,
STAB2,2.59E-27,-0.711109493,0.052,0.029,7.26E-23,,,
EDRF1,2.61E-27,-0.364993279,0.185,0.13,7.32E-23,,,
BRWD3,2.61E-27,-1.230736627,0.127,0.163,7.33E-23,,,
CEBPZ,2.63E-27,-0.355869264,0.221,0.158,7.38E-23,,,
PFKL,2.67E-27,-0.282012536,0.082,0.051,7.47E-23,,,
AL031590.1,2.72E-27,-3.771787126,0.003,0.019,7.61E-23,,,
SCN1B,2.76E-27,-3.353823526,0.004,0.022,7.74E-23,,,
DGKZ,2.91E-27,-0.194664674,0.078,0.048,8.16E-23,,,
AL135925.1,2.91E-27,0.404351575,0.029,0.013,8.16E-23,,,
AC011477.4,2.93E-27,-0.193844813,0.066,0.039,8.21E-23,,,
C9orf139,2.97E-27,-4.022894016,0.003,0.018,8.34E-23,,,
GTF3C5,2.99E-27,-0.130758174,0.07,0.042,8.37E-23,,,
FAM162B,3.01E-27,-3.152559541,0.009,0.029,8.44E-23,,,
CDKL4,3.07E-27,0.671487545,0.013,0.004,8.60E-23,,,
LIMD1,3.18E-27,-1.455794993,0.102,0.137,8.91E-23,,,
PAIP2B,3.21E-27,0.171542821,0.046,0.024,8.99E-23,,,
JAKMIP3,3.22E-27,0.32751884,0.026,0.011,9.03E-23,,,
POM121C,3.23E-27,-0.280507175,0.12,0.08,9.04E-23,,,
ELFN1,3.27E-27,-3.494184627,0.003,0.018,9.15E-23,,,
HOXB4,3.34E-27,-0.228613611,0.094,0.06,9.36E-23,,,
ZNF623,3.38E-27,-0.19429227,0.074,0.046,9.48E-23,,,
DIAPH3,3.41E-27,-2.306126632,0.029,0.056,9.55E-23,,,
TNFSF8,3.46E-27,-2.821952073,0.007,0.026,9.68E-23,,,
TMEM269,3.48E-27,0.351812777,0.022,0.009,9.75E-23,,,
BEND7,3.48E-27,-0.320434605,0.119,0.079,9.75E-23,,,
MIR503HG,3.52E-27,-3.906569942,0.004,0.021,9.85E-23,,,
GIT1,3.61E-27,-1.60204878,0.035,0.064,1.01E-22,,,
ANKEF1,3.65E-27,0.322486188,0.026,0.011,1.02E-22,,,
ADPRM,3.65E-27,-0.296527192,0.091,0.057,1.02E-22,,,
GIPR,3.72E-27,-2.691156479,0.005,0.023,1.04E-22,,,
AC012360.3,4.06E-27,0.112263263,0.035,0.017,1.14E-22,,,
SMC2-AS1,4.20E-27,0.914660852,0.011,0.003,1.18E-22,,,
UBASH3B,4.30E-27,-2.411502655,0.023,0.048,1.20E-22,,,
AC123768.3,4.30E-27,0.260965774,0.027,0.012,1.20E-22,,,
CHKB,4.34E-27,0.281440116,0.025,0.011,1.22E-22,,,
AP001610.1,4.49E-27,-5.192058494,0.001,0.015,1.26E-22,,,
AC006333.2,4.70E-27,0.449534722,0.026,0.011,1.32E-22,,,
SLC39A9,4.82E-27,-0.280063475,0.142,0.097,1.35E-22,,,
U73166.1,4.82E-27,0.347947075,0.027,0.012,1.35E-22,,,
YWHAH,4.97E-27,-1.62736498,0.029,0.057,1.39E-22,,,
AC005726.6,5.07E-27,0.222079181,0.028,0.012,1.42E-22,,,
TTC6,5.09E-27,0.179514993,0.019,0.007,1.43E-22,,,
USP31,5.12E-27,-1.452973043,0.082,0.116,1.44E-22,,,
PXK,5.25E-27,-0.381892274,0.209,0.149,1.47E-22,,,
ZCCHC24,5.30E-27,-0.388016227,0.164,0.114,1.49E-22,,,
MOSPD2,5.39E-27,-0.206380526,0.147,0.102,1.51E-22,,,
NR4A1,5.61E-27,-2.643033328,0.016,0.039,1.57E-22,,,
LINC01905,6.39E-27,-2.974350821,0.006,0.023,1.79E-22,,,
RNF182,6.76E-27,-2.869699703,0.004,0.02,1.90E-22,,,
STX3,6.80E-27,-1.920747107,0.031,0.058,1.90E-22,,,
MAN1A2,6.81E-27,-0.312108987,0.343,0.25,1.91E-22,,,
RPS5,6.85E-27,-1.328440452,0.143,0.178,1.92E-22,,,
AC074031.1,6.93E-27,-1.906535243,0.033,0.06,1.94E-22,,,
LRRK2,7.14E-27,-1.419133807,0.102,0.137,2.00E-22,,,
SCAF8,7.19E-27,-0.284763406,0.449,0.324,2.01E-22,,,
PMVK,7.38E-27,-0.109286224,0.085,0.054,2.07E-22,,,
FOXO6,7.64E-27,-2.475327012,0.006,0.023,2.14E-22,,,
AP1M1,8.02E-27,-0.235993037,0.094,0.061,2.25E-22,,,
ARHGAP12,8.26E-27,-0.378910316,0.329,0.237,2.32E-22,,,
LPCAT3,8.45E-27,-0.308688007,0.167,0.117,2.37E-22,,,
POLK,8.51E-27,-0.288180818,0.407,0.295,2.39E-22,,,
ADCK5,8.52E-27,0.124811066,0.035,0.017,2.39E-22,,,
NR2C1,8.76E-27,-0.289900858,0.213,0.152,2.46E-22,,,
THAP7-AS1,8.91E-27,0.318523412,0.026,0.011,2.50E-22,,,
FBXW5,9.13E-27,-0.232431573,0.082,0.052,2.56E-22,,,
AC087276.3,9.19E-27,0.123219583,0.038,0.019,2.58E-22,,,
AC020765.2,9.26E-27,0.467779642,0.021,0.008,2.60E-22,,,
PPIH,9.27E-27,-0.209737436,0.08,0.05,2.60E-22,,,
PWP1,9.35E-27,-0.338949576,0.143,0.098,2.62E-22,,,
TSPAN9,9.45E-27,-0.504868592,0.203,0.143,2.65E-22,,,
ADAMTS10,9.76E-27,-0.159715786,0.102,0.067,2.74E-22,,,
AL021707.2,9.77E-27,0.27521197,0.025,0.011,2.74E-22,,,
AL451085.2,9.78E-27,0.126796767,0.033,0.016,2.74E-22,,,
LINC01024,9.80E-27,0.177995392,0.023,0.01,2.75E-22,,,
AC090971.2,9.93E-27,-1.685787897,0.043,0.073,2.78E-22,,,
GYPE,1.03E-26,0.560423236,0.016,0.005,2.88E-22,,,
LPIN2,1.06E-26,-0.382368083,0.182,0.128,2.96E-22,,,
AC016831.6,1.09E-26,0.695297959,0.013,0.004,3.05E-22,,,
AC022424.2,1.13E-26,-4.450592014,0.003,0.019,3.18E-22,,,
AC016831.1,1.14E-26,-0.308598006,0.252,0.182,3.19E-22,,,
PIK3C2G,1.16E-26,-2.792045701,0.017,0.039,3.26E-22,,,
FLOT1,1.17E-26,-1.472442934,0.081,0.115,3.27E-22,,,
DDX10,1.19E-26,-1.135163363,0.202,0.23,3.35E-22,,,
COPB1,1.20E-26,-0.277303758,0.21,0.151,3.36E-22,,,
ANPEP,1.22E-26,-2.924103476,0.006,0.023,3.41E-22,,,
FBXW2,1.23E-26,-0.317074781,0.143,0.098,3.45E-22,,,
LPCAT1,1.24E-26,-2.071613048,0.017,0.041,3.48E-22,,,
AC005775.1,1.29E-26,0.787580944,0.015,0.005,3.62E-22,,,
AC009754.1,1.31E-26,0.628281483,0.015,0.005,3.66E-22,,,
CNPY3,1.31E-26,-1.730348342,0.027,0.053,3.67E-22,,,
RPRM,1.36E-26,-2.906649879,0.003,0.019,3.82E-22,,,
LINC01703,1.38E-26,0.661305042,0.017,0.006,3.87E-22,,,
LRRC4C,1.40E-26,-2.379891085,0.031,0.058,3.91E-22,,,
AL021453.1,1.41E-26,0.37863517,0.02,0.008,3.96E-22,,,
MKRN2,1.43E-26,-0.150506366,0.085,0.054,4.01E-22,,,
PREP,1.49E-26,-0.357095905,0.142,0.098,4.17E-22,,,
PAN3,1.50E-26,-0.660418692,0.559,0.489,4.21E-22,,,
AC027130.1,1.52E-26,0.228957055,0.034,0.017,4.25E-22,,,
ZBTB21,1.54E-26,0.113834965,0.048,0.027,4.32E-22,,,
AC022098.1,1.55E-26,-0.186703555,0.069,0.042,4.35E-22,,,
GSK3B,1.60E-26,-0.278513621,0.48,0.345,4.49E-22,,,
NPC2,1.69E-26,-1.246626338,0.141,0.175,4.74E-22,,,
NKD1,1.71E-26,-2.109194098,0.019,0.043,4.80E-22,,,
TRPV2,1.74E-26,-2.560806663,0.008,0.027,4.88E-22,,,
AC130650.1,1.76E-26,-0.382370423,0.051,0.028,4.94E-22,,,
MAPK6,1.81E-26,-0.371993239,0.164,0.114,5.08E-22,,,
PLD2,1.82E-26,-2.329544826,0.012,0.034,5.10E-22,,,
RNFT2,1.85E-26,0.228067401,0.02,0.008,5.18E-22,,,
MXD4,1.85E-26,-0.333290376,0.146,0.101,5.20E-22,,,
TRIB2,1.87E-26,-2.316785261,0.016,0.039,5.25E-22,,,
PPID,1.89E-26,-0.202165749,0.082,0.052,5.31E-22,,,
DIDO1,1.94E-26,-0.315686717,0.28,0.203,5.44E-22,,,
ADCY3,1.94E-26,-1.681067906,0.065,0.097,5.44E-22,,,
MEIS1-AS3,1.94E-26,-2.517030696,0.007,0.025,5.45E-22,,,
ZNF213-AS1,1.97E-26,-0.176487992,0.09,0.058,5.52E-22,,,
CLEC1A,1.98E-26,-3.59827164,0.004,0.02,5.56E-22,,,
ADAT2,2.00E-26,-0.149577611,0.09,0.058,5.59E-22,,,
ZNF706,2.05E-26,-0.315594083,0.246,0.178,5.74E-22,,,
IGSF1,2.12E-26,0.904684905,0.012,0.003,5.94E-22,,,
PPM1N,2.12E-26,-2.772272522,0.003,0.019,5.94E-22,,,
CADM3-AS1,2.17E-26,-4.060374462,0.002,0.016,6.10E-22,,,
AC006160.1,2.21E-26,-0.331152257,0.09,0.058,6.20E-22,,,
CAAP1,2.22E-26,-0.250270257,0.164,0.115,6.23E-22,,,
DYNLT1,2.25E-26,-0.276378532,0.18,0.128,6.29E-22,,,
ERI1,2.40E-26,-0.191777139,0.105,0.069,6.74E-22,,,
HEPH,2.41E-26,-3.186989324,0.005,0.022,6.74E-22,,,
SPPL2B,2.46E-26,-0.160069858,0.092,0.059,6.89E-22,,,
ZNF510,2.46E-26,-0.125267079,0.072,0.044,6.90E-22,,,
AC087276.2,2.49E-26,0.721375695,0.013,0.004,6.97E-22,,,
VCL,2.51E-26,-0.40855901,0.319,0.23,7.02E-22,,,
AXL,2.51E-26,-1.503849802,0.072,0.105,7.03E-22,,,
LTA4H,2.61E-26,-1.429520878,0.1,0.134,7.32E-22,,,
AZIN1,2.64E-26,-0.391007815,0.263,0.189,7.41E-22,,,
AP3M2,2.70E-26,-0.253327814,0.091,0.058,7.57E-22,,,
MFN2,2.77E-26,-0.137808349,0.072,0.044,7.76E-22,,,
PLXDC1,2.77E-26,-2.344031413,0.021,0.045,7.77E-22,,,
AL358072.1,2.95E-26,0.584420731,0.015,0.005,8.27E-22,,,
HSP90AB1,3.11E-26,-1.313684995,0.14,0.174,8.71E-22,,,
INTS14,3.14E-26,-0.223714459,0.079,0.049,8.80E-22,,,
KCNC4,3.16E-26,-1.925184137,0.013,0.034,8.85E-22,,,
LTN1,3.19E-26,-0.362631656,0.212,0.152,8.93E-22,,,
SLC37A1,3.28E-26,-1.899399036,0.02,0.044,9.18E-22,,,
CPD,3.31E-26,-0.41839085,0.161,0.112,9.27E-22,,,
SF3B2,3.32E-26,-0.338846774,0.142,0.098,9.30E-22,,,
AP000845.1,3.33E-26,0.995886601,0.012,0.004,9.34E-22,,,
HIF1AN,3.34E-26,-0.266856453,0.097,0.063,9.36E-22,,,
SGSM1,3.38E-26,-2.487609371,0.012,0.033,9.48E-22,,,
WARS,3.39E-26,-1.811321893,0.034,0.062,9.50E-22,,,
AJUBA,3.51E-26,-2.501935699,0.003,0.019,9.85E-22,,,
DLGAP2,3.60E-26,-1.610752087,0.128,0.16,1.01E-21,,,
VASN,3.66E-26,-2.010393838,0.015,0.037,1.02E-21,,,
ERLEC1,3.83E-26,-0.341226776,0.148,0.102,1.07E-21,,,
LINC01625,3.85E-26,1.01336507,0.01,0.003,1.08E-21,,,
C3AR1,3.86E-26,-1.795505239,0.027,0.053,1.08E-21,,,
CEP85L,3.95E-26,-1.222639983,0.199,0.226,1.11E-21,,,
LILRB4,3.96E-26,-2.194585954,0.011,0.031,1.11E-21,,,
ZBTB11,4.13E-26,-0.385648961,0.133,0.091,1.16E-21,,,
MID1IP1-AS1,4.15E-26,1.115826962,0.011,0.003,1.16E-21,,,
SLC52A1,4.22E-26,0.433358461,0.014,0.005,1.18E-21,,,
SPI1,4.52E-26,-1.830756266,0.027,0.052,1.27E-21,,,
RPGR,4.62E-26,-1.665909159,0.047,0.078,1.30E-21,,,
TXNDC11,4.71E-26,-0.311621779,0.15,0.104,1.32E-21,,,
NUMBL,4.83E-26,-0.157421879,0.079,0.049,1.35E-21,,,
OSBPL8,5.03E-26,-0.35990067,0.39,0.283,1.41E-21,,,
GGCX,5.19E-26,-0.273232183,0.084,0.054,1.45E-21,,,
PCNP,5.38E-26,-0.34683756,0.221,0.159,1.51E-21,,,
MUC6,5.46E-26,-2.757388152,0.011,0.031,1.53E-21,,,
AL357507.1,5.48E-26,-3.368790518,0.021,0.045,1.53E-21,,,
GDF5,5.61E-26,1.396645751,0.011,0.003,1.57E-21,,,
CSDC2,5.61E-26,-2.648582379,0.007,0.025,1.57E-21,,,
TM2D1,5.64E-26,-0.341550902,0.297,0.216,1.58E-21,,,
PHF12,5.73E-26,-0.330898588,0.118,0.079,1.61E-21,,,
FAM177B,5.83E-26,-4.007890911,0.004,0.019,1.63E-21,,,
KIAA1456,5.87E-26,-0.368895098,0.046,0.025,1.65E-21,,,
OTOGL,5.89E-26,-3.708450833,0.003,0.018,1.65E-21,,,
AC010300.1,5.93E-26,0.91748966,0.012,0.003,1.66E-21,,,
MORC3,6.23E-26,-0.353878094,0.297,0.215,1.75E-21,,,
CKAP5,6.24E-26,-0.381750561,0.185,0.131,1.75E-21,,,
USP9X,6.28E-26,-0.28900763,0.391,0.285,1.76E-21,,,
DPF2,6.42E-26,-0.288706409,0.13,0.089,1.80E-21,,,
LINC01483,6.78E-26,0.776158969,0.018,0.007,1.90E-21,,,
CCDC85C,6.81E-26,-1.683036264,0.043,0.073,1.91E-21,,,
CYSLTR1,6.83E-26,-2.652433297,0.007,0.025,1.91E-21,,,
LPXN,6.85E-26,-0.315058942,0.138,0.095,1.92E-21,,,
C8orf37-AS1,6.90E-26,-0.235083309,0.123,0.084,1.93E-21,,,
GIN1,7.06E-26,-0.106701605,0.08,0.051,1.98E-21,,,
KDM5C,7.28E-26,-0.215192742,0.11,0.074,2.04E-21,,,
GSTM5,7.29E-26,-2.102053117,0.014,0.035,2.04E-21,,,
LINC02511,7.32E-26,-2.506194958,0.036,0.063,2.05E-21,,,
COL4A6,7.42E-26,-1.665137796,0.028,0.054,2.08E-21,,,
IGBP1,7.54E-26,-0.226668326,0.135,0.093,2.11E-21,,,
AC114546.1,7.61E-26,0.899616998,0.012,0.004,2.13E-21,,,
TLE2,7.63E-26,-1.910638282,0.025,0.05,2.14E-21,,,
MPDU1,7.75E-26,-0.171999537,0.073,0.045,2.17E-21,,,
RRM1,8.07E-26,-0.223836469,0.08,0.051,2.26E-21,,,
DPH6,8.11E-26,-0.330781289,0.366,0.268,2.27E-21,,,
ZNF385D-AS2,8.14E-26,-3.658056061,0.006,0.024,2.28E-21,,,
NF1,8.26E-26,-0.731908335,0.5,0.451,2.32E-21,,,
EMC1,8.32E-26,-0.248569073,0.102,0.067,2.33E-21,,,
ARHGEF15,8.74E-26,-3.648446196,0.003,0.018,2.45E-21,,,
UBXN11,8.91E-26,-1.83024145,0.022,0.047,2.50E-21,,,
AC067956.1,9.10E-26,-3.533755402,0.004,0.02,2.55E-21,,,
CDC26,9.21E-26,0.136271586,0.043,0.023,2.58E-21,,,
AC118553.1,9.39E-26,1.034089937,0.01,0.003,2.63E-21,,,
PBX3,9.40E-26,-0.328196226,0.363,0.266,2.64E-21,,,
S100A4,9.52E-26,-1.37221856,0.12,0.154,2.67E-21,,,
AC114689.3,9.54E-26,-0.176991526,0.059,0.034,2.67E-21,,,
CBY3,1.01E-25,0.228023573,0.026,0.011,2.84E-21,,,
KY,1.05E-25,0.31472146,0.03,0.014,2.96E-21,,,
MRPL1,1.07E-25,-0.43159621,0.206,0.147,3.00E-21,,,
MKNK1,1.08E-25,-0.512497661,0.213,0.15,3.03E-21,,,
MIR3142HG,1.10E-25,-3.501279479,0.003,0.018,3.08E-21,,,
LRP11,1.11E-25,-0.29706655,0.185,0.132,3.10E-21,,,
EIF4A2,1.14E-25,-0.906528948,0.302,0.313,3.19E-21,,,
NAALADL2,1.18E-25,-0.171887828,0.752,0.559,3.29E-21,,,
ZKSCAN8,1.18E-25,-0.155164959,0.086,0.055,3.31E-21,,,
PCDH12,1.21E-25,-2.373348019,0.011,0.031,3.38E-21,,,
TAGAP,1.22E-25,-2.823623689,0.008,0.026,3.42E-21,,,
CENPT,1.23E-25,-0.221352624,0.083,0.053,3.45E-21,,,
EP400,1.24E-25,-0.38034146,0.215,0.154,3.47E-21,,,
SCFD1,1.24E-25,-0.265846534,0.463,0.335,3.49E-21,,,
RAET1E-AS1,1.25E-25,-1.541443029,0.067,0.099,3.50E-21,,,
NEXMIF,1.26E-25,-2.333230216,0.011,0.032,3.52E-21,,,
IL27,1.28E-25,0.729915754,0.012,0.004,3.57E-21,,,
OXSM,1.31E-25,0.159340957,0.041,0.022,3.66E-21,,,
SHISA5,1.33E-25,-1.492953126,0.047,0.077,3.74E-21,,,
LINC02100,1.42E-25,-2.722406357,0.011,0.03,3.97E-21,,,
HK3,1.46E-25,-2.637233693,0.005,0.021,4.10E-21,,,
AC104564.4,1.47E-25,0.469667227,0.021,0.009,4.11E-21,,,
RELN,1.49E-25,-3.289385163,0.021,0.044,4.16E-21,,,
ARL8B,1.49E-25,-0.364169958,0.2,0.143,4.17E-21,,,
MRPS35,1.49E-25,-0.306254231,0.11,0.074,4.18E-21,,,
PIK3R3,1.51E-25,-3.661861998,0.004,0.019,4.23E-21,,,
CNTNAP3,1.55E-25,-2.428623376,0.012,0.032,4.33E-21,,,
CARD10,1.59E-25,-3.856873976,0.002,0.016,4.45E-21,,,
CYTH3,1.59E-25,-1.434834885,0.138,0.169,4.45E-21,,,
NUDCD1,1.59E-25,-1.375488327,0.085,0.118,4.46E-21,,,
ZNF280C,1.61E-25,-0.221468168,0.061,0.036,4.52E-21,,,
LINC01578,1.65E-25,-0.320556281,0.199,0.142,4.61E-21,,,
KCNMA1-AS1,1.65E-25,-3.105603335,0.003,0.018,4.63E-21,,,
SLC5A4-AS1,1.69E-25,-3.884327401,0.005,0.021,4.74E-21,,,
FAM174A,1.73E-25,-0.124394812,0.074,0.046,4.86E-21,,,
ARHGAP5,1.77E-25,-0.972298412,0.31,0.316,4.97E-21,,,
FAM118B,1.84E-25,-0.187080422,0.088,0.057,5.14E-21,,,
TRIM47,1.84E-25,-3.12783914,0.005,0.022,5.16E-21,,,
APTR,1.84E-25,-0.265542372,0.1,0.065,5.16E-21,,,
Z98752.3,1.87E-25,0.260782926,0.028,0.013,5.25E-21,,,
CCDC144A,1.90E-25,0.637157496,0.014,0.005,5.32E-21,,,
KCTD15,1.92E-25,-2.734551955,0.005,0.021,5.39E-21,,,
EYA3,1.93E-25,-0.417654907,0.255,0.184,5.40E-21,,,
AC090568.2,1.94E-25,-3.052531785,0.011,0.031,5.44E-21,,,
AC025048.2,1.96E-25,0.12021698,0.03,0.014,5.49E-21,,,
NCF1,2.04E-25,-2.562893362,0.008,0.026,5.72E-21,,,
ZDHHC17,2.05E-25,-0.387626446,0.333,0.241,5.73E-21,,,
AC084757.3,2.07E-25,1.204038518,0.01,0.003,5.80E-21,,,
CBFA2T3,2.07E-25,-3.087822705,0.005,0.022,5.81E-21,,,
ASTE1,2.10E-25,-0.151477233,0.066,0.04,5.90E-21,,,
CCDC178,2.18E-25,-3.177632522,0.012,0.033,6.12E-21,,,
DMPK,2.24E-25,-0.186575247,0.072,0.044,6.27E-21,,,
PSME1,2.31E-25,-1.458009274,0.048,0.078,6.49E-21,,,
MTRF1L,2.32E-25,-0.235791567,0.083,0.053,6.49E-21,,,
AL583785.1,2.38E-25,-3.819465725,0.003,0.018,6.68E-21,,,
RIT2,2.38E-25,0.901358226,0.014,0.004,6.68E-21,,,
GRN,2.41E-25,-1.256118158,0.128,0.162,6.75E-21,,,
AL133551.1,2.42E-25,0.889860876,0.012,0.003,6.77E-21,,,
DARS-AS1,2.42E-25,0.549326641,0.014,0.004,6.78E-21,,,
FAM110B,2.43E-25,-1.190126727,0.154,0.186,6.81E-21,,,
AP001178.2,2.43E-25,0.9251938,0.011,0.003,6.82E-21,,,
DNAJC7,2.46E-25,-0.371752622,0.248,0.179,6.88E-21,,,
AL391097.2,2.57E-25,-0.330728514,0.062,0.036,7.20E-21,,,
OMG,2.66E-25,-0.380798383,0.13,0.088,7.46E-21,,,
WDR31,2.66E-25,-0.116857731,0.068,0.041,7.47E-21,,,
UBE3A,2.68E-25,-0.293744162,0.401,0.292,7.50E-21,,,
C4orf36,2.78E-25,-0.255473164,0.097,0.063,7.79E-21,,,
AC012358.3,2.82E-25,-0.427449703,0.195,0.138,7.90E-21,,,
ACTR6,2.83E-25,-0.246818984,0.116,0.079,7.92E-21,,,
FLG-AS1,2.88E-25,-0.24233437,0.134,0.092,8.08E-21,,,
AC025171.3,2.89E-25,0.261216571,0.016,0.006,8.09E-21,,,
PTCD3,2.90E-25,-0.352862291,0.289,0.21,8.11E-21,,,
AL391095.1,2.92E-25,0.717640126,0.011,0.003,8.20E-21,,,
SEC24B-AS1,3.01E-25,-0.128685648,0.069,0.042,8.44E-21,,,
AC005165.1,3.25E-25,0.648489454,0.017,0.006,9.12E-21,,,
AC034236.2,3.28E-25,0.106967293,0.03,0.014,9.20E-21,,,
NDUFS8,3.29E-25,-0.242605503,0.083,0.053,9.21E-21,,,
ZNF589,3.31E-25,-0.289674566,0.083,0.053,9.28E-21,,,
AC020908.1,3.35E-25,0.492846647,0.019,0.007,9.40E-21,,,
KIAA1549,3.38E-25,-2.295221458,0.015,0.036,9.47E-21,,,
LINC01090,3.38E-25,-1.753048108,0.044,0.073,9.47E-21,,,
MAML1,3.51E-25,-0.268515215,0.114,0.077,9.83E-21,,,
AC023024.1,3.66E-25,0.519560126,0.018,0.007,1.02E-20,,,
MED29,3.71E-25,-0.206284427,0.066,0.04,1.04E-20,,,
CTNND1,3.71E-25,-1.123713687,0.189,0.218,1.04E-20,,,
SLC29A2,3.84E-25,0.270196947,0.02,0.008,1.08E-20,,,
TTC31,3.85E-25,-0.185372036,0.076,0.048,1.08E-20,,,
CHUK,3.95E-25,-0.240897292,0.109,0.073,1.11E-20,,,
AP000842.4,4.03E-25,-3.316505146,0.003,0.018,1.13E-20,,,
MARVELD1,4.05E-25,-1.806922781,0.024,0.048,1.13E-20,,,
AC026412.3,4.06E-25,0.325777182,0.018,0.007,1.14E-20,,,
AC020916.1,4.19E-25,-0.128265636,0.049,0.028,1.17E-20,,,
CLEC2D,4.20E-25,-1.32002133,0.138,0.171,1.18E-20,,,
PPP4R4,4.28E-25,-2.968089793,0.004,0.02,1.20E-20,,,
HLA-DRB5,4.45E-25,-1.709435385,0.054,0.083,1.25E-20,,,
EFHD2,4.45E-25,-1.936788636,0.017,0.039,1.25E-20,,,
LCA5L,4.91E-25,-0.134969754,0.07,0.043,1.38E-20,,,
ACAT2,5.00E-25,-0.117869491,0.046,0.025,1.40E-20,,,
C6orf201,5.26E-25,0.182859968,0.033,0.016,1.48E-20,,,
LINC00443,5.51E-25,-7.251339995,0,0.012,1.54E-20,,,
AL591242.1,5.54E-25,-0.182911847,0.092,0.06,1.55E-20,,,
RPL37,5.61E-25,-1.159029251,0.237,0.26,1.57E-20,,,
SMAP2,5.66E-25,-1.756983183,0.082,0.113,1.59E-20,,,
RFWD3,5.78E-25,-0.229110946,0.095,0.062,1.62E-20,,,
AL049869.2,5.81E-25,0.323460196,0.024,0.01,1.63E-20,,,
ATP2B1-AS1,5.84E-25,-2.033391137,0.017,0.039,1.64E-20,,,
AL158209.1,5.93E-25,-4.099400502,0.002,0.016,1.66E-20,,,
TMEM30B,6.01E-25,0.81000929,0.013,0.004,1.69E-20,,,
VSIG8,6.03E-25,0.574322556,0.017,0.006,1.69E-20,,,
DLG4,6.30E-25,-2.393116183,0.009,0.027,1.77E-20,,,
EXT2,6.30E-25,-0.427574035,0.208,0.149,1.77E-20,,,
YIPF6,6.36E-25,-0.305513167,0.131,0.09,1.78E-20,,,
ARCN1,6.54E-25,-0.295060851,0.13,0.089,1.83E-20,,,
AC008906.1,6.71E-25,0.116164385,0.036,0.018,1.88E-20,,,
AL138930.1,6.72E-25,-3.167712383,0.003,0.018,1.88E-20,,,
MTFR1,6.81E-25,-0.473847819,0.218,0.157,1.91E-20,,,
ZNF100,6.99E-25,-0.235911039,0.125,0.086,1.96E-20,,,
AL138733.1,7.04E-25,0.219531624,0.035,0.018,1.97E-20,,,
LINC01786,7.22E-25,0.25358802,0.023,0.01,2.02E-20,,,
TM4SF1-AS1,7.23E-25,-4.903682943,0.001,0.014,2.03E-20,,,
AC108159.1,7.41E-25,-3.911678375,0.002,0.015,2.08E-20,,,
ZNF736,7.41E-25,-0.254154366,0.122,0.083,2.08E-20,,,
C8orf88,7.55E-25,-2.116080318,0.016,0.037,2.12E-20,,,
ABL1,7.57E-25,-0.298388629,0.39,0.287,2.12E-20,,,
PMPCB,7.65E-25,-0.355339728,0.191,0.137,2.14E-20,,,
TBCE,7.81E-25,-0.245274908,0.128,0.088,2.19E-20,,,
PLXNC1,8.18E-25,-1.689813367,0.05,0.08,2.29E-20,,,
PDCD10,8.42E-25,-0.361843459,0.171,0.121,2.36E-20,,,
AC006480.2,8.55E-25,0.439785023,0.021,0.009,2.40E-20,,,
AC092042.3,9.11E-25,0.297420145,0.026,0.012,2.55E-20,,,
FAM84B,9.21E-25,-2.322273883,0.007,0.024,2.58E-20,,,
PLK3,9.91E-25,-3.392657896,0.003,0.017,2.78E-20,,,
AES,1.01E-24,-1.380387008,0.077,0.109,2.84E-20,,,
DBX2,1.02E-24,0.110047989,0.021,0.009,2.86E-20,,,
SENP7,1.02E-24,-0.977317579,0.294,0.303,2.86E-20,,,
AC092140.1,1.04E-24,-0.100001612,0.036,0.018,2.92E-20,,,
DOK3,1.05E-24,-3.271466813,0.004,0.02,2.94E-20,,,
MPEG1,1.06E-24,-2.023329268,0.022,0.045,2.98E-20,,,
PDE6A,1.09E-24,0.676575822,0.016,0.006,3.05E-20,,,
C12orf73,1.09E-24,-0.244577646,0.082,0.052,3.06E-20,,,
AC007383.2,1.09E-24,0.751179173,0.016,0.006,3.06E-20,,,
AP1AR,1.11E-24,-0.140230346,0.081,0.052,3.11E-20,,,
CYP2J2,1.15E-24,-2.997156911,0.003,0.017,3.23E-20,,,
BCL11B,1.19E-24,-3.889710706,0.006,0.022,3.34E-20,,,
SETX,1.19E-24,-0.945885875,0.332,0.329,3.35E-20,,,
POLR1D,1.23E-24,-0.365986269,0.171,0.122,3.45E-20,,,
LSM5,1.28E-24,-0.241020839,0.093,0.061,3.58E-20,,,
CH17-340M24.3,1.28E-24,0.625796169,0.02,0.008,3.58E-20,,,
BACE1-AS,1.31E-24,0.268590668,0.021,0.009,3.67E-20,,,
CHAC2,1.34E-24,-0.111198753,0.043,0.024,3.76E-20,,,
PPP1R13B,1.36E-24,-1.288770086,0.125,0.157,3.82E-20,,,
EPAS1,1.37E-24,-1.469360246,0.153,0.183,3.84E-20,,,
SEC11C,1.39E-24,-1.807975769,0.022,0.046,3.88E-20,,,
ZNF658,1.40E-24,0.342164455,0.028,0.013,3.93E-20,,,
PLPP5,1.41E-24,-0.285644737,0.059,0.035,3.94E-20,,,
UAP1,1.44E-24,-0.154215802,0.135,0.094,4.03E-20,,,
CRIP1,1.52E-24,-2.30634117,0.01,0.028,4.27E-20,,,
CLIC1,1.52E-24,-1.383004329,0.062,0.093,4.27E-20,,,
TRAF3IP3,1.55E-24,-3.072645884,0.01,0.029,4.34E-20,,,
FLNC,1.59E-24,-2.132608059,0.009,0.027,4.45E-20,,,
SEC31A,1.63E-24,-0.245001581,0.517,0.376,4.58E-20,,,
AC009055.1,1.64E-24,-4.026836968,0.002,0.016,4.60E-20,,,
MMP24,1.67E-24,-0.289131504,0.234,0.172,4.69E-20,,,
AL356512.1,1.69E-24,0.971583687,0.01,0.003,4.73E-20,,,
TMEM175,1.69E-24,-0.252779959,0.075,0.047,4.75E-20,,,
GGCT,1.71E-24,0.185657001,0.033,0.016,4.80E-20,,,
AC022858.1,1.74E-24,0.861826618,0.01,0.003,4.87E-20,,,
STXBP3,1.75E-24,-1.098857181,0.175,0.206,4.90E-20,,,
TRIM13,1.75E-24,-1.036378853,0.263,0.281,4.92E-20,,,
PDE6C,1.77E-24,0.136190092,0.035,0.018,4.95E-20,,,
KLHL6,1.80E-24,-3.149947512,0.005,0.02,5.04E-20,,,
AL109659.1,1.85E-24,-2.46891912,0.01,0.028,5.19E-20,,,
AC007362.1,1.86E-24,0.854630622,0.011,0.003,5.21E-20,,,
STX1B,1.95E-24,0.542365699,0.015,0.005,5.47E-20,,,
HSPA8,1.96E-24,-1.315104982,0.077,0.11,5.49E-20,,,
TTI2,1.97E-24,-0.268311323,0.108,0.073,5.51E-20,,,
TXLNA,2.01E-24,-0.249272307,0.105,0.071,5.63E-20,,,
PABPC5,2.07E-24,0.326634029,0.027,0.012,5.81E-20,,,
FMO1,2.09E-24,-3.277576893,0.006,0.022,5.87E-20,,,
Z97192.3,2.11E-24,-3.992886039,0.002,0.015,5.92E-20,,,
CLDN5,2.12E-24,-1.979610806,0.044,0.072,5.94E-20,,,
PSMD3,2.13E-24,-0.251399982,0.076,0.048,5.96E-20,,,
PPP2R2C,2.18E-24,-3.155735475,0.005,0.021,6.12E-20,,,
FCMR,2.28E-24,-3.639956716,0.003,0.017,6.38E-20,,,
AC108673.3,2.38E-24,0.71903452,0.016,0.006,6.67E-20,,,
SERPINI1,2.52E-24,-0.199217044,0.061,0.037,7.07E-20,,,
AP5M1,2.54E-24,-0.281407673,0.109,0.073,7.12E-20,,,
SLC9C2,2.60E-24,-2.080971375,0.015,0.035,7.30E-20,,,
SGMS1,2.71E-24,-0.969911044,0.373,0.359,7.59E-20,,,
ATOH8,2.72E-24,-1.930505826,0.024,0.048,7.63E-20,,,
IFI35,2.82E-24,-1.953074151,0.021,0.043,7.89E-20,,,
LINC01797,2.87E-24,-2.065831488,0.021,0.043,8.03E-20,,,
KCNH8,2.87E-24,0.525561172,0.015,0.005,8.05E-20,,,
OSBPL7,2.91E-24,-3.889062385,0.002,0.016,8.15E-20,,,
RSRP1,2.98E-24,-0.551248635,0.64,0.546,8.35E-20,,,
SEC16A,3.05E-24,-0.297256514,0.102,0.068,8.54E-20,,,
VPS13A,3.11E-24,-0.329377733,0.376,0.274,8.71E-20,,,
METTL6,3.11E-24,-0.255661929,0.129,0.089,8.72E-20,,,
SLC9B2,3.13E-24,-1.726703086,0.034,0.06,8.78E-20,,,
EBPL,3.15E-24,-1.417642575,0.049,0.078,8.82E-20,,,
CLSTN3,3.20E-24,-2.239039771,0.014,0.034,8.97E-20,,,
PRR16,3.25E-24,-3.553055988,0.004,0.019,9.12E-20,,,
VASH1,3.47E-24,-2.152609223,0.03,0.054,9.72E-20,,,
HCG25,3.51E-24,-0.136541856,0.077,0.049,9.83E-20,,,
ACVRL1,3.51E-24,-2.285125809,0.011,0.03,9.83E-20,,,
FOLR2,3.52E-24,-1.541891908,0.065,0.096,9.86E-20,,,
DKK3,3.53E-24,-2.800088001,0.007,0.024,9.89E-20,,,
CUL4A,3.58E-24,-0.352000318,0.257,0.187,1.00E-19,,,
ELP3,3.59E-24,-0.362650048,0.193,0.139,1.01E-19,,,
RASSF3,3.60E-24,-1.149430365,0.182,0.21,1.01E-19,,,
CCZ1B,3.63E-24,-0.275007612,0.099,0.066,1.02E-19,,,
FKBP5,3.68E-24,0.46692,0.304,0.238,1.03E-19,,,
HERC3,3.75E-24,-0.438690424,0.266,0.193,1.05E-19,,,
CTNNAL1,3.76E-24,-1.18247588,0.165,0.194,1.05E-19,,,
FKTN,3.80E-24,-0.383843771,0.206,0.147,1.07E-19,,,
AC114939.1,3.86E-24,0.463624627,0.02,0.008,1.08E-19,,,
LOXL3,3.95E-24,-1.494377586,0.046,0.075,1.11E-19,,,
SMARCAD1,4.03E-24,-0.344076943,0.303,0.221,1.13E-19,,,
SGCE,4.03E-24,-1.246846726,0.138,0.169,1.13E-19,,,
PRR12,4.04E-24,-0.283110286,0.079,0.05,1.13E-19,,,
AL137789.1,4.05E-24,-4.610334758,0.002,0.015,1.14E-19,,,
STK25,4.12E-24,-0.250002564,0.087,0.056,1.15E-19,,,
PLS3,4.16E-24,-0.408570885,0.204,0.146,1.17E-19,,,
KLRD1,4.20E-24,-0.39155665,0.142,0.099,1.18E-19,,,
AC048341.2,4.30E-24,-0.337950805,0.113,0.077,1.21E-19,,,
PLD6,4.46E-24,0.468101442,0.013,0.004,1.25E-19,,,
GLUD1,4.60E-24,-0.320765459,0.174,0.125,1.29E-19,,,
WWOX,4.67E-24,-0.124190348,0.822,0.634,1.31E-19,,,
CNN3,4.67E-24,-0.356500581,0.166,0.118,1.31E-19,,,
LRIF1,4.68E-24,-0.209466615,0.06,0.036,1.31E-19,,,
TPCN1,4.68E-24,-0.443515618,0.266,0.193,1.31E-19,,,
FBXW11,4.75E-24,-0.912341297,0.308,0.313,1.33E-19,,,
NSL1,4.77E-24,-0.360717885,0.193,0.139,1.34E-19,,,
LINC01121,4.85E-24,-2.411364712,0.009,0.027,1.36E-19,,,
GPS2,4.85E-24,-0.336617953,0.16,0.113,1.36E-19,,,
GAS8,4.90E-24,-0.212139195,0.079,0.05,1.37E-19,,,
LINC02519,4.96E-24,1.092606604,0.01,0.003,1.39E-19,,,
AL136038.3,5.03E-24,0.861201378,0.01,0.003,1.41E-19,,,
ZNF684,5.06E-24,-0.164336948,0.056,0.033,1.42E-19,,,
KLRC4-KLRK1,5.15E-24,-3.126480655,0.006,0.022,1.44E-19,,,
THOC1,5.18E-24,-0.381471126,0.27,0.196,1.45E-19,,,
RUNX1T1,5.19E-24,-1.108753623,0.339,0.333,1.45E-19,,,
ZFYVE27,5.23E-24,-0.212215975,0.104,0.07,1.47E-19,,,
PDCD2,5.42E-24,-0.30769382,0.107,0.072,1.52E-19,,,
ANKH,5.42E-24,-1.17912622,0.204,0.227,1.52E-19,,,
CLEC11A,5.52E-24,-1.611409413,0.031,0.056,1.55E-19,,,
AC005899.1,5.71E-24,0.759508264,0.01,0.003,1.60E-19,,,
C19orf54,5.81E-24,0.348830711,0.024,0.011,1.63E-19,,,
LNP1,5.89E-24,0.14304955,0.03,0.015,1.65E-19,,,
CDKL2,6.01E-24,-2.733895526,0.006,0.022,1.68E-19,,,
EIF3H,6.10E-24,-0.342387655,0.25,0.183,1.71E-19,,,
ARHGEF37,6.58E-24,-0.31993427,0.083,0.054,1.84E-19,,,
SLC24A4,6.62E-24,-2.713648527,0.007,0.023,1.86E-19,,,
ATP6V0E2,6.71E-24,0.348387335,0.022,0.009,1.88E-19,,,
HTT-AS,6.71E-24,0.609001432,0.013,0.004,1.88E-19,,,
SFPQ,6.75E-24,-0.846791914,0.343,0.34,1.89E-19,,,
PLAC8L1,6.76E-24,0.388594058,0.021,0.009,1.89E-19,,,
AL356966.1,6.89E-24,0.859892211,0.012,0.004,1.93E-19,,,
ZNF420,6.90E-24,-0.320201478,0.139,0.097,1.93E-19,,,
GPR176,6.97E-24,-2.579144629,0.007,0.024,1.95E-19,,,
GYPA,7.45E-24,-1.885824634,0.113,0.144,2.09E-19,,,
COLEC10,7.45E-24,1.015776566,0.013,0.004,2.09E-19,,,
RUNX2,7.55E-24,-0.452893653,0.115,0.078,2.11E-19,,,
PSMD6-AS2,7.61E-24,-0.273021031,0.09,0.059,2.13E-19,,,
GTF2A1,7.76E-24,-0.265618775,0.114,0.078,2.17E-19,,,
SET,7.82E-24,-1.517714105,0.044,0.072,2.19E-19,,,
C17orf75,7.97E-24,-0.13759575,0.065,0.04,2.23E-19,,,
AL121987.1,8.18E-24,-4.634361054,0.001,0.013,2.29E-19,,,
MPZ,8.22E-24,0.874947829,0.014,0.005,2.30E-19,,,
RGS16,8.25E-24,-3.16127376,0.003,0.017,2.31E-19,,,
ESD,8.49E-24,-0.38260881,0.175,0.125,2.38E-19,,,
RAB30,8.53E-24,-0.372603676,0.117,0.08,2.39E-19,,,
AC091212.1,8.63E-24,0.601563028,0.018,0.007,2.42E-19,,,
MGARP,8.79E-24,-2.064730549,0.009,0.027,2.46E-19,,,
LINC00581,8.91E-24,-4.12503358,0.001,0.014,2.50E-19,,,
ZC3H18,9.05E-24,-0.335203922,0.132,0.092,2.54E-19,,,
MPV17L,9.07E-24,0.519255728,0.014,0.005,2.54E-19,,,
ACOT9,9.23E-24,-1.317729044,0.078,0.11,2.59E-19,,,
AC087672.3,9.42E-24,-3.546987808,0.004,0.019,2.64E-19,,,
GMFG,9.42E-24,-1.77798464,0.032,0.058,2.64E-19,,,
ERN1,9.45E-24,-1.427653856,0.085,0.117,2.65E-19,,,
RAB3IL1,9.71E-24,-3.007358883,0.006,0.022,2.72E-19,,,
EP300,9.84E-24,-0.321512951,0.38,0.278,2.76E-19,,,
AC243585.2,9.94E-24,0.311145234,0.026,0.012,2.78E-19,,,
SYMPK,1.02E-23,-0.409958896,0.171,0.121,2.85E-19,,,
WDR48,1.02E-23,-0.342717267,0.158,0.112,2.87E-19,,,
HEBP1,1.04E-23,-1.586219276,0.041,0.068,2.90E-19,,,
AP000897.1,1.04E-23,0.561459699,0.012,0.004,2.91E-19,,,
TMEM204,1.05E-23,-2.257303867,0.019,0.041,2.94E-19,,,
AC011481.1,1.07E-23,0.681659715,0.015,0.005,2.99E-19,,,
HECTD4,1.09E-23,-0.302114046,0.414,0.304,3.04E-19,,,
SAMD12-AS1,1.09E-23,-2.846330674,0.006,0.022,3.06E-19,,,
FAM3B,1.12E-23,-3.348529327,0.003,0.016,3.13E-19,,,
ZW10,1.12E-23,-0.177515003,0.071,0.044,3.14E-19,,,
WDR41,1.13E-23,-0.290667236,0.267,0.196,3.17E-19,,,
AL049875.1,1.15E-23,0.20352421,0.042,0.023,3.22E-19,,,
AC079630.1,1.15E-23,0.190150091,0.03,0.015,3.23E-19,,,
TLK1,1.18E-23,-0.280594829,0.364,0.27,3.30E-19,,,
EML5,1.18E-23,-0.220645281,0.066,0.04,3.31E-19,,,
AP003501.1,1.18E-23,-3.268970306,0.002,0.015,3.31E-19,,,
ADSS,1.27E-23,-1.394078741,0.09,0.122,3.55E-19,,,
ATP5L,1.32E-23,-0.377691506,0.149,0.105,3.69E-19,,,
AC103949.1,1.33E-23,0.861600773,0.011,0.003,3.72E-19,,,
FBXL19-AS1,1.36E-23,0.36771141,0.017,0.007,3.82E-19,,,
AP000766.1,1.37E-23,0.108494632,0.028,0.014,3.83E-19,,,
HSD17B11,1.37E-23,-1.294143318,0.11,0.143,3.83E-19,,,
LINC02133,1.37E-23,0.455868141,0.015,0.006,3.84E-19,,,
LRRC47,1.41E-23,-0.198711614,0.063,0.038,3.95E-19,,,
LRP1-AS,1.43E-23,0.872316922,0.012,0.004,4.00E-19,,,
TBC1D13,1.45E-23,-0.131928971,0.062,0.038,4.08E-19,,,
GGT5,1.46E-23,-2.539362736,0.011,0.029,4.09E-19,,,
AC092343.1,1.46E-23,-3.387500079,0.003,0.017,4.10E-19,,,
GATA3,1.50E-23,-0.235103616,0.018,0.007,4.21E-19,,,
AL121790.2,1.51E-23,0.43750103,0.017,0.006,4.23E-19,,,
ITPR1,1.53E-23,-1.303981186,0.142,0.173,4.28E-19,,,
FLT4,1.55E-23,-3.153257723,0.005,0.021,4.36E-19,,,
FBF1,1.60E-23,-0.299933652,0.105,0.07,4.50E-19,,,
COG2,1.61E-23,-0.278021958,0.1,0.067,4.50E-19,,,
CTSO,1.63E-23,-1.608950698,0.038,0.064,4.56E-19,,,
MFSD14C,1.65E-23,-0.370431077,0.213,0.154,4.61E-19,,,
CREM,1.69E-23,-0.394883344,0.161,0.115,4.73E-19,,,
EFCC1,1.71E-23,-3.241772744,0.004,0.019,4.80E-19,,,
C2orf69,1.73E-23,-0.261920439,0.085,0.055,4.85E-19,,,
AF131216.1,1.73E-23,0.147107709,0.025,0.012,4.85E-19,,,
YARS2,1.77E-23,-0.31977606,0.133,0.093,4.97E-19,,,
IRF5,1.80E-23,-2.827376496,0.004,0.019,5.05E-19,,,
ARHGAP9,1.83E-23,-2.867142548,0.008,0.025,5.12E-19,,,
PGPEP1,1.83E-23,-0.196054438,0.062,0.038,5.14E-19,,,
ASXL1,1.85E-23,-0.276092436,0.462,0.337,5.19E-19,,,
AK3,1.86E-23,-0.368079679,0.191,0.138,5.21E-19,,,
AC084064.1,1.86E-23,-2.838168493,0.006,0.022,5.21E-19,,,
DPF3,1.92E-23,-0.215513837,0.039,0.021,5.37E-19,,,
ARL4C,1.94E-23,-2.87878296,0.007,0.024,5.45E-19,,,
AP004609.3,2.01E-23,0.634452036,0.012,0.004,5.62E-19,,,
BANP,2.02E-23,-0.314986059,0.14,0.098,5.67E-19,,,
AL352984.1,2.04E-23,1.05184277,0.01,0.003,5.73E-19,,,
HSD17B14,2.07E-23,-2.729360248,0.005,0.02,5.79E-19,,,
TMCO3,2.07E-23,-1.332023022,0.084,0.116,5.80E-19,,,
NOVA2,2.12E-23,-3.470784707,0.003,0.016,5.93E-19,,,
FBLIM1,2.13E-23,-2.283023315,0.012,0.031,5.96E-19,,,
AC011825.4,2.14E-23,0.773052398,0.012,0.004,5.99E-19,,,
APLP2,2.15E-23,-0.869580498,0.353,0.347,6.01E-19,,,
DSCAS,2.17E-23,0.351754431,0.03,0.015,6.07E-19,,,
AL158152.2,2.19E-23,-0.379714231,0.191,0.137,6.15E-19,,,
PLA2G4C,2.23E-23,-1.949392392,0.021,0.043,6.25E-19,,,
RPS26,2.25E-23,0.191118968,0.033,0.017,6.29E-19,,,
PPIL2,2.25E-23,-0.351366577,0.131,0.091,6.30E-19,,,
GOT2,2.34E-23,-2.326188234,0.012,0.032,6.57E-19,,,
SIRT7,2.35E-23,-0.182365055,0.088,0.058,6.59E-19,,,
SS18L1,2.37E-23,-0.282409932,0.086,0.056,6.63E-19,,,
GRIK5,2.37E-23,-2.406010945,0.008,0.025,6.65E-19,,,
INPPL1,2.40E-23,-0.196781208,0.075,0.048,6.72E-19,,,
USH2A,2.48E-23,0.189265517,0.023,0.011,6.94E-19,,,
USP35,2.53E-23,0.291766183,0.019,0.008,7.08E-19,,,
MACROD1,2.55E-23,-0.272412154,0.082,0.053,7.15E-19,,,
LMBR1,2.60E-23,-1.191638744,0.198,0.221,7.28E-19,,,
SLC2A1,2.64E-23,0.583783891,0.012,0.004,7.41E-19,,,
NPHP1,2.67E-23,-1.279997389,0.083,0.115,7.48E-19,,,
SLC16A12,2.67E-23,-3.400885386,0.008,0.025,7.48E-19,,,
AC011611.4,2.70E-23,0.148841424,0.03,0.015,7.56E-19,,,
AC008575.1,2.70E-23,0.757463482,0.016,0.006,7.57E-19,,,
G2E3-AS1,2.70E-23,-0.361984695,0.132,0.091,7.58E-19,,,
ADAT1,2.76E-23,-0.133257465,0.041,0.023,7.73E-19,,,
AC011455.3,2.81E-23,0.377451473,0.018,0.007,7.87E-19,,,
CTF1,2.84E-23,0.240679349,0.03,0.015,7.95E-19,,,
AC005614.2,2.86E-23,0.105429201,0.037,0.019,8.00E-19,,,
HDAC1,2.89E-23,-1.565233332,0.034,0.06,8.11E-19,,,
UBE2D2,2.91E-23,-0.355841036,0.317,0.234,8.15E-19,,,
UQCRC1,2.99E-23,-0.216008702,0.078,0.05,8.38E-19,,,
USP50,3.00E-23,0.194634581,0.037,0.02,8.40E-19,,,
ATRN,3.03E-23,-0.49479416,0.304,0.22,8.49E-19,,,
KATNAL1,3.07E-23,-0.354917979,0.267,0.196,8.60E-19,,,
TMEM128,3.21E-23,-0.109318906,0.062,0.038,8.99E-19,,,
TUBE1,3.22E-23,-0.34346306,0.136,0.095,9.02E-19,,,
ITGAE,3.26E-23,-0.208972795,0.077,0.049,9.13E-19,,,
SLC5A9,3.28E-23,-1.789486656,0.022,0.044,9.18E-19,,,
PFKP,3.39E-23,-2.666727572,0.007,0.023,9.49E-19,,,
ZKSCAN2,3.40E-23,0.462958673,0.019,0.008,9.54E-19,,,
HUWE1,3.40E-23,-0.301150286,0.359,0.265,9.54E-19,,,
ABRAXAS2,3.44E-23,-0.292148791,0.091,0.06,9.64E-19,,,
CMAS,3.61E-23,-1.545893455,0.044,0.071,1.01E-18,,,
ASH1L-AS1,3.63E-23,0.360007469,0.019,0.008,1.02E-18,,,
RPL14,3.66E-23,-1.224896617,0.16,0.19,1.03E-18,,,
AC011473.1,3.72E-23,-2.501538405,0.002,0.014,1.04E-18,,,
ADAMTSL4-AS1,3.83E-23,-1.431599513,0.119,0.15,1.07E-18,,,
URM1,3.86E-23,-0.291068456,0.078,0.05,1.08E-18,,,
SV2B,3.98E-23,-3.075320268,0.007,0.024,1.12E-18,,,
KLHL10,4.03E-23,0.659300592,0.013,0.004,1.13E-18,,,
DISC1FP1,4.11E-23,-0.514952712,0.065,0.04,1.15E-18,,,
MROH2B,4.12E-23,0.580041408,0.018,0.007,1.16E-18,,,
SLC43A3,4.14E-23,-2.022158545,0.016,0.036,1.16E-18,,,
LAMTOR5,4.16E-23,-0.193896798,0.074,0.047,1.17E-18,,,
SPIN1,4.37E-23,-0.309581621,0.361,0.266,1.22E-18,,,
DAGLA,4.44E-23,-2.55837342,0.007,0.024,1.24E-18,,,
ANKRD12,4.50E-23,-0.348922195,0.408,0.299,1.26E-18,,,
DFFA,4.53E-23,-0.144128306,0.082,0.053,1.27E-18,,,
TRIB3,4.59E-23,0.606337063,0.017,0.006,1.29E-18,,,
VPS52,4.73E-23,-0.323422125,0.096,0.064,1.33E-18,,,
AC011444.2,4.81E-23,-1.936045084,0.02,0.041,1.35E-18,,,
TRDC,4.82E-23,-2.693996476,0.006,0.021,1.35E-18,,,
WDR36,4.83E-23,-0.417310221,0.143,0.1,1.35E-18,,,
CPAMD8,4.90E-23,0.262047786,0.036,0.019,1.37E-18,,,
TINAGL1,4.92E-23,-2.479930998,0.011,0.03,1.38E-18,,,
GID4,4.97E-23,-0.116135341,0.053,0.031,1.39E-18,,,
SPAG7,4.97E-23,-0.198526937,0.084,0.055,1.39E-18,,,
CCM2,4.97E-23,-0.463004911,0.243,0.177,1.39E-18,,,
RMRP,5.12E-23,0.221458235,0.026,0.012,1.43E-18,,,
HIST1H2AC,5.16E-23,-0.436018819,0.154,0.109,1.44E-18,,,
GAS2,5.21E-23,-0.143569056,0.066,0.041,1.46E-18,,,
WASHC5,5.24E-23,-0.371790201,0.175,0.126,1.47E-18,,,
RPL9,5.26E-23,-0.210744531,0.058,0.035,1.47E-18,,,
AIF1L,5.31E-23,-3.49960872,0.004,0.018,1.49E-18,,,
IFT140,5.33E-23,-1.483659585,0.074,0.105,1.49E-18,,,
SMPDL3B,5.34E-23,-3.171085028,0.003,0.017,1.50E-18,,,
PDIA2,5.38E-23,0.893421596,0.011,0.003,1.51E-18,,,
SP140,5.41E-23,-2.205321651,0.019,0.04,1.52E-18,,,
SACM1L,5.42E-23,-0.423385788,0.187,0.134,1.52E-18,,,
ZNF577,5.56E-23,-0.412244246,0.163,0.117,1.56E-18,,,
ZMYM1,5.64E-23,-0.313228516,0.136,0.095,1.58E-18,,,
ANKRD6,5.64E-23,-1.354298399,0.11,0.141,1.58E-18,,,
TMTC4,5.77E-23,-0.168091679,0.062,0.038,1.62E-18,,,
SLC11A1,5.92E-23,-2.326819862,0.015,0.035,1.66E-18,,,
HEATR9,6.14E-23,0.611752369,0.01,0.003,1.72E-18,,,
CASC8,6.29E-23,-2.083916016,0.011,0.029,1.76E-18,,,
DMTF1,6.49E-23,-0.262230612,0.496,0.362,1.82E-18,,,
DYNC2LI1,6.66E-23,-0.384724098,0.269,0.196,1.87E-18,,,
HCFC1R1,6.66E-23,-1.551027348,0.03,0.055,1.87E-18,,,
LINC01924,6.81E-23,0.56829934,0.012,0.004,1.91E-18,,,
OTUB1,6.95E-23,-0.115952325,0.071,0.045,1.95E-18,,,
HGD,7.00E-23,1.050613874,0.01,0.003,1.96E-18,,,
POLR3B,7.01E-23,-0.362806778,0.121,0.084,1.96E-18,,,
INO80,7.01E-23,-0.353264487,0.324,0.239,1.96E-18,,,
Z83844.2,7.04E-23,-3.225736662,0.005,0.021,1.97E-18,,,
RPL13A,7.44E-23,-1.213978145,0.113,0.145,2.08E-18,,,
UNC13C,7.92E-23,-2.434822436,0.01,0.028,2.22E-18,,,
HHIP-AS1,7.92E-23,-2.353481246,0.006,0.022,2.22E-18,,,
SMPD4,7.94E-23,-0.238434808,0.067,0.042,2.23E-18,,,
APOD,8.04E-23,-1.474933278,0.134,0.163,2.25E-18,,,
STMN1,8.14E-23,-1.648247204,0.019,0.04,2.28E-18,,,
AP001412.1,8.32E-23,0.58433866,0.013,0.004,2.33E-18,,,
FBXW7,8.39E-23,-0.367654468,0.427,0.311,2.35E-18,,,
METAP2,8.42E-23,-0.386264572,0.232,0.169,2.36E-18,,,
TOMM20,8.46E-23,-0.332737574,0.113,0.077,2.37E-18,,,
CDC42EP5,8.49E-23,-2.354295115,0.007,0.023,2.38E-18,,,
CD93,8.50E-23,-2.394689161,0.009,0.026,2.38E-18,,,
DLEU7-AS1,8.57E-23,-3.135313952,0.003,0.017,2.40E-18,,,
UTP20,8.74E-23,-0.394668988,0.178,0.128,2.45E-18,,,
HERC1,8.81E-23,-0.29170798,0.553,0.399,2.47E-18,,,
VRK2,9.14E-23,-0.303146369,0.333,0.247,2.56E-18,,,
AC133065.1,9.15E-23,-3.933962075,0.002,0.015,2.56E-18,,,
CEP70,9.36E-23,-0.320667292,0.166,0.119,2.62E-18,,,
AMPH,9.52E-23,-2.776494857,0.008,0.024,2.67E-18,,,
MINCR,9.58E-23,0.265226232,0.026,0.012,2.68E-18,,,
N4BP2,9.70E-23,-0.263603231,0.123,0.085,2.72E-18,,,
RNF169,9.86E-23,-0.306086755,0.36,0.267,2.76E-18,,,
TAF2,1.03E-22,-0.37567088,0.252,0.185,2.87E-18,,,
B4GALT4,1.03E-22,-1.424737424,0.066,0.096,2.88E-18,,,
LIMD2,1.03E-22,-2.570921191,0.007,0.023,2.89E-18,,,
AL353743.2,1.05E-22,0.683827752,0.01,0.003,2.94E-18,,,
BCAP29,1.08E-22,-0.42654781,0.202,0.147,3.03E-18,,,
MIDN,1.09E-22,-1.804175349,0.018,0.038,3.04E-18,,,
AC016229.2,1.09E-22,-4.167781026,0.002,0.015,3.05E-18,,,
ARRDC3,1.09E-22,-0.354469682,0.161,0.115,3.05E-18,,,
WDFY3,1.10E-22,-0.794854382,0.491,0.437,3.08E-18,,,
PRRG2,1.11E-22,0.554449183,0.014,0.005,3.11E-18,,,
A1BG,1.12E-22,-4.356152113,0.002,0.014,3.14E-18,,,
AC022424.1,1.14E-22,-5.11450434,0.001,0.014,3.20E-18,,,
UMPS,1.16E-22,-0.186090086,0.074,0.047,3.25E-18,,,
AARSD1,1.17E-22,0.117073538,0.032,0.016,3.29E-18,,,
AL358790.1,1.19E-22,0.900741795,0.01,0.003,3.32E-18,,,
AC083805.2,1.20E-22,-0.158941865,0.048,0.028,3.36E-18,,,
AC092171.3,1.21E-22,0.287149804,0.02,0.008,3.38E-18,,,
DYRK2,1.21E-22,-1.721310893,0.024,0.047,3.40E-18,,,
SLC13A3,1.23E-22,-1.764776814,0.029,0.053,3.45E-18,,,
ALKBH3,1.24E-22,-0.30507761,0.11,0.075,3.47E-18,,,
MANEA,1.28E-22,-0.272466947,0.084,0.055,3.59E-18,,,
SRRM1,1.38E-22,-0.356640963,0.33,0.243,3.86E-18,,,
HELQ,1.39E-22,-0.246035465,0.135,0.095,3.89E-18,,,
ZC3H4,1.40E-22,-0.264402824,0.099,0.067,3.91E-18,,,
SEMA3B,1.40E-22,-1.070042591,0.13,0.162,3.92E-18,,,
SSFA2,1.44E-22,-0.358574806,0.131,0.091,4.05E-18,,,
GBA,1.46E-22,0.167283301,0.039,0.021,4.10E-18,,,
ATF5,1.47E-22,0.430911502,0.027,0.013,4.11E-18,,,
DGKG,1.47E-22,-2.892264881,0.011,0.028,4.13E-18,,,
NDE1,1.48E-22,-1.69582031,0.049,0.076,4.15E-18,,,
GCNT7,1.49E-22,-0.193486823,0.059,0.036,4.18E-18,,,
CACNB4,1.51E-22,-2.023416732,0.029,0.052,4.24E-18,,,
ZZEF1,1.54E-22,-0.396529508,0.285,0.209,4.30E-18,,,
DNAJC8,1.54E-22,-0.322678708,0.109,0.074,4.33E-18,,,
HOXB2,1.56E-22,-0.169749463,0.075,0.048,4.37E-18,,,
GIPC2,1.59E-22,-1.890877476,0.039,0.064,4.47E-18,,,
OLFML3,1.60E-22,-1.612658805,0.035,0.06,4.48E-18,,,
AC009163.7,1.60E-22,0.196765706,0.022,0.01,4.48E-18,,,
TTC28-AS1,1.60E-22,-0.334115207,0.252,0.186,4.49E-18,,,
STX17-AS1,1.61E-22,0.638317368,0.011,0.003,4.51E-18,,,
AC016065.1,1.62E-22,0.545472995,0.018,0.007,4.55E-18,,,
MID1,1.70E-22,-0.301172929,0.353,0.264,4.77E-18,,,
AC024901.1,1.71E-22,-2.476839991,0.012,0.03,4.78E-18,,,
AKAP3,1.71E-22,0.565949357,0.016,0.006,4.80E-18,,,
STPG1,1.76E-22,-0.130077525,0.069,0.044,4.92E-18,,,
SPOCK2,1.80E-22,-2.079921756,0.01,0.028,5.04E-18,,,
MOB3A,1.82E-22,-0.415721747,0.142,0.1,5.09E-18,,,
ZFHX2,1.82E-22,-0.247455412,0.08,0.052,5.11E-18,,,
CLDN12,1.83E-22,-0.158714713,0.054,0.032,5.14E-18,,,
AC073575.1,1.88E-22,0.486232847,0.015,0.006,5.26E-18,,,
CIART,1.89E-22,0.634730877,0.017,0.007,5.30E-18,,,
CFAP46,1.96E-22,-3.089125949,0.003,0.016,5.50E-18,,,
AREL1,2.01E-22,-0.357084013,0.127,0.088,5.62E-18,,,
COX7B,2.05E-22,-0.299289098,0.098,0.066,5.74E-18,,,
SUPT3H,2.12E-22,-0.411164443,0.282,0.207,5.94E-18,,,
LMNTD1,2.21E-22,0.283097696,0.022,0.01,6.20E-18,,,
PPP2CB,2.21E-22,-0.402906976,0.219,0.16,6.20E-18,,,
CAPS,2.26E-22,0.182789385,0.031,0.016,6.34E-18,,,
TMEM161A,2.30E-22,-0.160828139,0.061,0.038,6.45E-18,,,
AC016737.2,2.31E-22,0.436791501,0.017,0.007,6.49E-18,,,
RP1,2.35E-22,0.689679659,0.012,0.004,6.58E-18,,,
AC011379.2,2.36E-22,0.113371771,0.029,0.014,6.62E-18,,,
CLYBL,2.41E-22,-0.419187125,0.178,0.129,6.74E-18,,,
YTHDF2,2.48E-22,-0.311931539,0.142,0.101,6.96E-18,,,
NFIA-AS1,2.50E-22,0.735618195,0.012,0.004,7.02E-18,,,
AL928654.2,2.59E-22,0.482991554,0.016,0.006,7.25E-18,,,
OPA1,2.60E-22,-0.358331353,0.305,0.224,7.28E-18,,,
TIMM44,2.66E-22,-0.255813136,0.122,0.085,7.46E-18,,,
CCR1,2.69E-22,-2.056430798,0.01,0.028,7.55E-18,,,
UBA6-AS1,2.71E-22,-0.272259587,0.227,0.169,7.59E-18,,,
ITPKB,2.75E-22,-1.407394805,0.095,0.126,7.70E-18,,,
THEMIS,2.83E-22,-3.568987788,0.014,0.032,7.94E-18,,,
LDOC1,2.83E-22,0.159386922,0.025,0.012,7.94E-18,,,
PRSS48,2.87E-22,-0.430222716,0.093,0.062,8.03E-18,,,
ADCY4,2.92E-22,-2.959940859,0.005,0.02,8.18E-18,,,
TNFSF15,2.92E-22,-2.97260614,0.002,0.014,8.18E-18,,,
RASEF,3.14E-22,-3.261617507,0.003,0.016,8.79E-18,,,
DERL1,3.16E-22,-0.357269645,0.101,0.068,8.85E-18,,,
BCL2L11,3.29E-22,-1.655456215,0.035,0.06,9.21E-18,,,
TTLL5,3.32E-22,-1.054660191,0.212,0.235,9.29E-18,,,
DLD,3.38E-22,-0.470415181,0.28,0.204,9.46E-18,,,
AC024084.1,3.41E-22,-3.280843841,0.004,0.017,9.56E-18,,,
LINC01237,3.43E-22,-1.685303829,0.025,0.048,9.63E-18,,,
AC011473.3,3.45E-22,-4.371460517,0.001,0.012,9.67E-18,,,
DDX50,3.46E-22,-0.364728022,0.217,0.158,9.69E-18,,,
LMNB1,3.50E-22,-2.802942899,0.006,0.022,9.81E-18,,,
MTAP,3.55E-22,-0.186921835,0.073,0.047,9.96E-18,,,
TERB1,3.78E-22,0.485660632,0.015,0.005,1.06E-17,,,
AFAP1,3.88E-22,-1.248741331,0.128,0.158,1.09E-17,,,
GID8,3.90E-22,-0.278528986,0.082,0.054,1.09E-17,,,
IL22RA1,3.99E-22,-3.332646754,0.002,0.014,1.12E-17,,,
HSP90AA1,4.08E-22,-0.422060596,0.436,0.319,1.14E-17,,,
GBGT1,4.11E-22,-2.157066096,0.014,0.033,1.15E-17,,,
AC009404.1,4.15E-22,0.35925387,0.022,0.01,1.16E-17,,,
RPL10A,4.18E-22,-1.237948418,0.17,0.198,1.17E-17,,,
RGS18,4.19E-22,-2.775456231,0.004,0.019,1.17E-17,,,
RACK1,4.23E-22,-1.194288532,0.199,0.223,1.18E-17,,,
BTN2A1,4.33E-22,-1.567910166,0.048,0.076,1.21E-17,,,
AC004908.2,4.35E-22,0.19259417,0.02,0.009,1.22E-17,,,
AC002996.1,4.40E-22,0.640257368,0.014,0.005,1.23E-17,,,
AC009950.1,4.40E-22,-2.135253965,0.019,0.039,1.23E-17,,,
NSMAF,4.47E-22,-0.417025346,0.192,0.139,1.25E-17,,,
RBBP8,4.49E-22,-1.508640985,0.057,0.085,1.26E-17,,,
AP000844.1,4.56E-22,0.558372094,0.018,0.007,1.28E-17,,,
AC079328.2,4.77E-22,-4.131636191,0.001,0.014,1.34E-17,,,
GAPDH,4.88E-22,-1.316158616,0.062,0.091,1.37E-17,,,
ADGRE5,4.88E-22,-1.85971235,0.054,0.081,1.37E-17,,,
ASB14,5.00E-22,-0.296321539,0.081,0.053,1.40E-17,,,
IKZF5,5.01E-22,-0.36976893,0.083,0.055,1.40E-17,,,
ERBB2,5.03E-22,-1.509704694,0.034,0.059,1.41E-17,,,
DUSP28,5.12E-22,0.353181545,0.022,0.01,1.43E-17,,,
AL135937.1,5.20E-22,0.488601824,0.014,0.005,1.46E-17,,,
SLC1A1,5.24E-22,-1.807810118,0.032,0.056,1.47E-17,,,
TRIOBP,5.38E-22,-1.286562262,0.109,0.14,1.51E-17,,,
UPK1B,5.39E-22,-1.938642222,0.018,0.038,1.51E-17,,,
HIF1A,5.40E-22,-0.473046838,0.186,0.134,1.51E-17,,,
DUSP19,5.53E-22,0.334882591,0.025,0.012,1.55E-17,,,
AC078845.1,5.56E-22,-2.606516812,0.008,0.024,1.56E-17,,,
DUSP18,5.77E-22,-1.702910281,0.02,0.041,1.62E-17,,,
JPT2,5.82E-22,-0.157813435,0.047,0.027,1.63E-17,,,
MXD1,5.92E-22,-0.305110716,0.089,0.059,1.66E-17,,,
AC011489.1,6.05E-22,-0.346260118,0.1,0.067,1.69E-17,,,
RCN3,6.24E-22,-1.865945504,0.027,0.049,1.75E-17,,,
PRKD2,6.29E-22,-1.666545761,0.048,0.075,1.76E-17,,,
UBR2,6.33E-22,-0.195844809,0.569,0.418,1.77E-17,,,
AC138207.5,6.36E-22,-3.311547221,0.002,0.015,1.78E-17,,,
RPL10,6.37E-22,-1.186896387,0.182,0.207,1.78E-17,,,
MTHFD2,6.43E-22,-2.282396088,0.01,0.027,1.80E-17,,,
BSDC1,6.52E-22,-0.367355718,0.275,0.203,1.83E-17,,,
ZNF439,6.67E-22,-1.901758866,0.021,0.042,1.87E-17,,,
KPNA4,6.86E-22,-0.394146589,0.208,0.152,1.92E-17,,,
RAB32,7.00E-22,-1.435083146,0.034,0.059,1.96E-17,,,
AC110769.2,7.04E-22,0.140072623,0.034,0.018,1.97E-17,,,
AC010864.1,7.05E-22,0.563253242,0.014,0.005,1.98E-17,,,
GMEB2,7.24E-22,-0.189545994,0.06,0.037,2.03E-17,,,
AC013472.1,7.28E-22,0.43836169,0.012,0.004,2.04E-17,,,
AL136418.1,7.32E-22,-0.141919316,0.09,0.06,2.05E-17,,,
FAP,7.41E-22,-3.174716272,0.006,0.021,2.08E-17,,,
ZFHX2-AS1,7.47E-22,-0.400588012,0.113,0.078,2.09E-17,,,
FCER1G,8.04E-22,-1.511306772,0.035,0.059,2.25E-17,,,
FOSB,8.16E-22,-2.75231351,0.007,0.023,2.29E-17,,,
CNR1,8.30E-22,-3.108730364,0.004,0.017,2.33E-17,,,
LINC01271,8.40E-22,-2.128313214,0.007,0.023,2.35E-17,,,
TRIM44,8.53E-22,-0.318684196,0.385,0.284,2.39E-17,,,
CACNB3,8.79E-22,-2.216774181,0.01,0.027,2.46E-17,,,
ZNF567,9.09E-22,-0.332912433,0.105,0.072,2.55E-17,,,
S1PR1,9.30E-22,-2.201903126,0.008,0.024,2.61E-17,,,
CYP4B1,9.46E-22,-1.76668333,0.04,0.065,2.65E-17,,,
CTNNB1,9.94E-22,-0.842783533,0.295,0.305,2.78E-17,,,
MARK4,9.99E-22,-0.507856259,0.172,0.124,2.80E-17,,,
PHOSPHO2,1.01E-21,0.150511316,0.023,0.01,2.82E-17,,,
DTX4,1.01E-21,-1.958495309,0.021,0.043,2.83E-17,,,
LYSMD2,1.01E-21,-2.293323225,0.008,0.025,2.83E-17,,,
ZCCHC2,1.03E-21,-0.365726294,0.145,0.103,2.90E-17,,,
AC092652.2,1.04E-21,-3.044020107,0.009,0.026,2.91E-17,,,
AL603832.1,1.05E-21,-2.536676788,0.011,0.029,2.94E-17,,,
ZNF770,1.05E-21,-0.188431559,0.084,0.056,2.94E-17,,,
CNOT1,1.09E-21,-0.372642988,0.308,0.228,3.05E-17,,,
AC026254.4,1.16E-21,0.481578955,0.019,0.008,3.25E-17,,,
MTOR-AS1,1.17E-21,0.463835676,0.013,0.004,3.28E-17,,,
MYH11,1.23E-21,-2.402474515,0.029,0.052,3.46E-17,,,
RASGRP1,1.26E-21,-0.529457986,0.109,0.075,3.54E-17,,,
AL359918.2,1.26E-21,-8.319403716,0,0.011,3.54E-17,,,
RPE,1.31E-21,-0.325430548,0.131,0.092,3.67E-17,,,
GPATCH2L,1.33E-21,-0.376910952,0.287,0.212,3.73E-17,,,
AMD1,1.36E-21,-1.336874572,0.077,0.107,3.81E-17,,,
GP1BA,1.36E-21,0.58515803,0.014,0.005,3.82E-17,,,
AC005253.1,1.46E-21,-0.247153698,0.039,0.022,4.10E-17,,,
FRMD3,1.47E-21,-1.87776521,0.057,0.084,4.12E-17,,,
AC136489.1,1.50E-21,-4.239176306,0.002,0.015,4.19E-17,,,
CD300LG,1.50E-21,-2.596446442,0.009,0.025,4.21E-17,,,
ZNF761,1.54E-21,-0.33637008,0.127,0.09,4.31E-17,,,
FARS2,1.54E-21,-0.79879151,0.408,0.384,4.31E-17,,,
CNIH1,1.57E-21,-1.346015008,0.052,0.08,4.41E-17,,,
CCDC71,1.70E-21,0.288669489,0.022,0.01,4.76E-17,,,
VAT1L,1.73E-21,-2.284558684,0.008,0.024,4.85E-17,,,
AL354949.1,1.75E-21,-2.914475053,0.006,0.02,4.90E-17,,,
CLEC14A,1.76E-21,-2.260775452,0.023,0.044,4.93E-17,,,
AC099850.1,1.80E-21,-0.186419346,0.063,0.039,5.04E-17,,,
DGCR2,1.83E-21,-0.356314447,0.182,0.132,5.13E-17,,,
CA12,1.84E-21,-2.676511749,0.006,0.021,5.16E-17,,,
08-Sep,1.85E-21,-1.645068915,0.024,0.045,5.19E-17,,,
AC130469.1,1.92E-21,0.441230174,0.014,0.005,5.38E-17,,,
MIER3,1.94E-21,-0.240679927,0.064,0.04,5.44E-17,,,
TCEAL2,1.98E-21,-2.693843801,0.004,0.018,5.55E-17,,,
MGST2,1.99E-21,-1.320360823,0.12,0.15,5.58E-17,,,
TRPT1,2.03E-21,0.121426259,0.028,0.014,5.70E-17,,,
SOD1,2.04E-21,-0.400568017,0.132,0.093,5.71E-17,,,
ARFGAP3,2.06E-21,-0.458280998,0.127,0.088,5.78E-17,,,
AC008522.1,2.07E-21,0.419986365,0.016,0.006,5.79E-17,,,
CALCR,2.10E-21,-3.52370504,0.004,0.017,5.88E-17,,,
ABI3,2.12E-21,-2.504102322,0.006,0.02,5.94E-17,,,
GLP2R,2.21E-21,-0.198738259,0.02,0.009,6.19E-17,,,
ANKIB1,2.28E-21,-0.337168846,0.429,0.317,6.40E-17,,,
AC005363.2,2.32E-21,0.428090702,0.015,0.006,6.50E-17,,,
CACNA1D,2.33E-21,-0.510471593,0.057,0.035,6.52E-17,,,
RNF43,2.33E-21,-3.374041291,0.003,0.016,6.53E-17,,,
BTBD8,2.34E-21,0.208384491,0.025,0.012,6.55E-17,,,
ACOX3,2.41E-21,-0.378157356,0.141,0.1,6.74E-17,,,
TDRD5,2.42E-21,0.632518024,0.013,0.005,6.78E-17,,,
IER3,2.45E-21,-1.90848703,0.022,0.043,6.86E-17,,,
LINC01049,2.47E-21,-4.729825606,0.001,0.012,6.93E-17,,,
CXorf21,2.47E-21,-3.271096524,0.003,0.015,6.93E-17,,,
AC109460.2,2.52E-21,-0.141739557,0.053,0.032,7.06E-17,,,
BCL7C,2.57E-21,-0.315342576,0.109,0.075,7.19E-17,,,
CALN1,2.63E-21,-0.18251602,0.043,0.025,7.36E-17,,,
BDP1,2.79E-21,-0.377133873,0.392,0.287,7.83E-17,,,
NAA30,2.80E-21,-0.353281887,0.08,0.052,7.85E-17,,,
AC026765.2,2.89E-21,0.515965753,0.011,0.004,8.11E-17,,,
CTAGE5,2.93E-21,-0.332434388,0.286,0.213,8.21E-17,,,
PARP4,2.95E-21,-1.064658991,0.227,0.245,8.27E-17,,,
BBS4,3.00E-21,-0.334236417,0.159,0.115,8.40E-17,,,
EXD2,3.01E-21,-0.300144557,0.09,0.06,8.44E-17,,,
ANXA1,3.07E-21,-0.307351333,0.468,0.348,8.59E-17,,,
PTGER4,3.11E-21,-1.869523851,0.02,0.041,8.72E-17,,,
TDG,3.14E-21,-0.366175186,0.16,0.115,8.79E-17,,,
AC009309.1,3.15E-21,0.571616765,0.014,0.005,8.82E-17,,,
SPATA13,3.17E-21,-3.157399316,0.003,0.016,8.89E-17,,,
APLP1,3.20E-21,-2.891339153,0.003,0.016,8.97E-17,,,
BRINP2,3.23E-21,-3.205634888,0.003,0.016,9.06E-17,,,
UTP6,3.30E-21,-0.322667468,0.158,0.114,9.24E-17,,,
CUL7,3.30E-21,-0.145526375,0.05,0.03,9.25E-17,,,
UBP1,3.34E-21,-0.374508728,0.201,0.147,9.37E-17,,,
PLCG1-AS1,3.36E-21,-0.353012336,0.077,0.05,9.43E-17,,,
HYPK,3.41E-21,0.258907905,0.026,0.012,9.55E-17,,,
SCYL2,3.48E-21,-0.373432985,0.164,0.118,9.75E-17,,,
PIK3IP1,3.50E-21,-0.366058842,0.122,0.086,9.82E-17,,,
CANX,3.52E-21,-1.114263433,0.194,0.218,9.88E-17,,,
AC004672.1,3.60E-21,0.403730576,0.017,0.007,1.01E-16,,,
AC100849.1,3.73E-21,-2.957159111,0.007,0.022,1.05E-16,,,
EMC10,3.86E-21,-1.562525215,0.05,0.077,1.08E-16,,,
AC093879.1,3.94E-21,-0.275007598,0.08,0.053,1.10E-16,,,
ADD2,3.97E-21,-2.787154633,0.004,0.017,1.11E-16,,,
GLIPR1,3.99E-21,-1.497522355,0.066,0.095,1.12E-16,,,
FHL3,4.00E-21,-3.258778319,0.002,0.014,1.12E-16,,,
AP005436.1,4.02E-21,-3.101389737,0.002,0.014,1.13E-16,,,
ZNF43,4.02E-21,-0.404303963,0.176,0.128,1.13E-16,,,
WRN,4.32E-21,-0.365767429,0.354,0.261,1.21E-16,,,
IFT27,4.34E-21,-0.216244711,0.065,0.041,1.22E-16,,,
FGD4,4.41E-21,-0.551423145,0.446,0.321,1.24E-16,,,
PYGO1,4.45E-21,-0.171162849,0.078,0.051,1.25E-16,,,
PTPN22,4.53E-21,-2.33179785,0.018,0.038,1.27E-16,,,
CACUL1,4.74E-21,-0.375525225,0.307,0.227,1.33E-16,,,
AL158166.2,4.76E-21,-3.380065077,0.002,0.014,1.33E-16,,,
CSTF3,4.78E-21,-0.43592223,0.213,0.156,1.34E-16,,,
AL031428.1,4.81E-21,-0.413045742,0.216,0.158,1.35E-16,,,
MTHFR,4.92E-21,-1.456467613,0.057,0.085,1.38E-16,,,
CDV3,4.98E-21,-0.340880413,0.134,0.095,1.40E-16,,,
AC016766.1,4.99E-21,0.624948909,0.014,0.005,1.40E-16,,,
AC055855.3,5.08E-21,0.125168028,0.025,0.012,1.42E-16,,,
FAU,5.12E-21,-1.263937842,0.167,0.194,1.44E-16,,,
CD81-AS1,5.14E-21,0.108584035,0.041,0.023,1.44E-16,,,
RTF1,5.27E-21,-0.424946185,0.234,0.172,1.48E-16,,,
RNF219-AS1,5.46E-21,-0.323437938,0.076,0.049,1.53E-16,,,
Z94721.2,5.49E-21,0.224577083,0.027,0.014,1.54E-16,,,
RPL12,5.53E-21,-1.289778468,0.122,0.152,1.55E-16,,,
ITGB6,5.67E-21,0.182609742,0.028,0.014,1.59E-16,,,
CCDC8,5.70E-21,-3.356505741,0.003,0.016,1.60E-16,,,
ABCA6,5.79E-21,-1.058601288,0.438,0.304,1.62E-16,,,
MIATNB,6.02E-21,-0.411409219,0.131,0.093,1.69E-16,,,
GPC4,6.12E-21,-1.427652357,0.071,0.1,1.72E-16,,,
LYSMD4,6.13E-21,-0.123916219,0.061,0.038,1.72E-16,,,
RGS4,6.30E-21,-2.942475469,0.003,0.015,1.77E-16,,,
POLD2,6.39E-21,-0.101964769,0.069,0.045,1.79E-16,,,
LILRB2,6.48E-21,-2.723468761,0.005,0.02,1.81E-16,,,
MCOLN2,6.61E-21,-3.056865636,0.004,0.018,1.85E-16,,,
ACSM4,6.65E-21,-4.479990508,0.001,0.013,1.86E-16,,,
COPS6,6.95E-21,-0.369337065,0.142,0.102,1.95E-16,,,
METTL8,6.97E-21,-0.357158708,0.158,0.114,1.95E-16,,,
CCAR2,6.99E-21,-0.225341308,0.074,0.048,1.96E-16,,,
MICA,7.03E-21,-0.262795901,0.074,0.048,1.97E-16,,,
DBN1,7.38E-21,-2.207941651,0.012,0.03,2.07E-16,,,
SIRT5,7.38E-21,-0.368063949,0.111,0.077,2.07E-16,,,
TMEM42,7.47E-21,-0.149013325,0.055,0.033,2.09E-16,,,
RALYL,7.64E-21,0.399715564,0.015,0.006,2.14E-16,,,
EPG5,7.65E-21,-0.381162367,0.211,0.156,2.14E-16,,,
RAD51C,7.73E-21,-0.288700953,0.095,0.064,2.17E-16,,,
FOXN3-AS2,7.81E-21,0.465501746,0.012,0.004,2.19E-16,,,
EFCAB12,8.00E-21,0.45055159,0.012,0.004,2.24E-16,,,
NLGN4X,8.09E-21,-2.842672697,0.009,0.026,2.27E-16,,,
AC006369.1,8.21E-21,-3.483847946,0.005,0.019,2.30E-16,,,
AHDC1,8.23E-21,-1.406013499,0.082,0.111,2.31E-16,,,
HMGN5,8.25E-21,-0.281635033,0.075,0.049,2.31E-16,,,
PPP1R21,8.25E-21,-0.95889082,0.264,0.275,2.31E-16,,,
RLF,8.39E-21,-0.440128416,0.258,0.19,2.35E-16,,,
AC008770.1,8.41E-21,-0.358154152,0.14,0.1,2.36E-16,,,
PYCARD,8.53E-21,-2.07397216,0.01,0.027,2.39E-16,,,
FLJ37453,8.60E-21,-0.184117149,0.107,0.074,2.41E-16,,,
TMEM71,8.77E-21,-3.037949189,0.005,0.019,2.46E-16,,,
IVD,8.90E-21,-0.298487233,0.137,0.098,2.49E-16,,,
FCGR3A,9.30E-21,-1.650039802,0.056,0.082,2.61E-16,,,
ZCCHC4,9.32E-21,-0.314955141,0.082,0.054,2.61E-16,,,
POLR2C,9.43E-21,-0.189811589,0.061,0.038,2.64E-16,,,
AC068338.3,9.43E-21,0.377442372,0.018,0.008,2.64E-16,,,
TAP1,9.44E-21,-1.924479409,0.016,0.035,2.65E-16,,,
PAPPA2,9.51E-21,0.185184982,0.02,0.009,2.67E-16,,,
RAMP1,9.54E-21,-2.628351711,0.006,0.02,2.67E-16,,,
RASSF6,9.81E-21,-2.531574186,0.005,0.018,2.75E-16,,,
AC114401.1,9.83E-21,0.647120516,0.011,0.004,2.75E-16,,,
AC135586.2,9.87E-21,0.319123132,0.019,0.008,2.77E-16,,,
ZNF282,9.95E-21,-0.334205513,0.064,0.041,2.79E-16,,,
DOK2,1.01E-20,-2.36767006,0.007,0.022,2.83E-16,,,
ZNF766,1.01E-20,-0.316042813,0.128,0.091,2.84E-16,,,
OFD1,1.04E-20,-1.119635441,0.188,0.211,2.91E-16,,,
MRPS33,1.05E-20,-0.108596674,0.051,0.031,2.94E-16,,,
AC022537.1,1.07E-20,-3.676411589,0.001,0.012,3.00E-16,,,
SOD3,1.09E-20,-0.36140881,0.062,0.039,3.04E-16,,,
SMG7,1.09E-20,-1.145882075,0.183,0.207,3.07E-16,,,
NGLY1,1.09E-20,-0.381868568,0.222,0.164,3.07E-16,,,
PAN2,1.11E-20,-0.344573599,0.103,0.07,3.12E-16,,,
LINC00649,1.15E-20,-1.781573523,0.026,0.048,3.22E-16,,,
TRPC1,1.17E-20,-0.756801739,0.302,0.31,3.28E-16,,,
SSSCA1-AS1,1.18E-20,0.817527702,0.011,0.003,3.30E-16,,,
NCAPD2,1.19E-20,-0.171096887,0.068,0.044,3.34E-16,,,
HOGA1,1.25E-20,0.587915107,0.015,0.006,3.52E-16,,,
ZNF185,1.26E-20,-2.064481082,0.014,0.032,3.52E-16,,,
ZNF600,1.26E-20,-0.274848452,0.073,0.047,3.53E-16,,,
AP000654.1,1.28E-20,0.976276104,0.011,0.004,3.59E-16,,,
TBC1D3P1-DHX40P1,1.29E-20,0.573477987,0.013,0.005,3.62E-16,,,
TRIQK,1.31E-20,-1.14360086,0.135,0.164,3.66E-16,,,
CTXN1,1.31E-20,-3.592026406,0.002,0.013,3.68E-16,,,
AC092167.1,1.35E-20,0.297653812,0.017,0.007,3.78E-16,,,
OLA1,1.36E-20,-0.396703988,0.266,0.197,3.80E-16,,,
BEX4,1.36E-20,-1.468814468,0.034,0.058,3.82E-16,,,
GPR161,1.40E-20,-2.169493189,0.016,0.035,3.93E-16,,,
TSC22D3,1.41E-20,-0.395497311,0.178,0.13,3.96E-16,,,
MROH9,1.47E-20,-0.195107499,0.031,0.016,4.11E-16,,,
MTMR11,1.49E-20,-3.535056447,0.002,0.014,4.18E-16,,,
CCNDBP1,1.50E-20,-0.336092476,0.108,0.075,4.20E-16,,,
VPS9D1,1.51E-20,-0.236940567,0.076,0.05,4.24E-16,,,
RYR1,1.54E-20,-2.210943663,0.019,0.038,4.32E-16,,,
AC023355.1,1.57E-20,0.145993712,0.025,0.012,4.41E-16,,,
KLF10,1.58E-20,-1.481986273,0.031,0.055,4.42E-16,,,
MED10,1.65E-20,-0.346873043,0.141,0.101,4.62E-16,,,
ITGBL1,1.65E-20,-3.179939525,0.006,0.021,4.64E-16,,,
CHMP7,1.66E-20,-0.132968785,0.047,0.027,4.64E-16,,,
AL022323.1,1.67E-20,-3.656249667,0.002,0.014,4.67E-16,,,
ZNF850,1.71E-20,-0.20164119,0.071,0.046,4.81E-16,,,
SLITRK2,1.72E-20,-3.531573568,0.002,0.014,4.82E-16,,,
WARS2-IT1,1.73E-20,-1.846311809,0.023,0.044,4.84E-16,,,
TIMM21,1.76E-20,-0.129353637,0.064,0.041,4.93E-16,,,
CNOT11,1.77E-20,-0.40385909,0.102,0.07,4.96E-16,,,
AL365205.1,1.78E-20,-2.273162565,0.011,0.027,4.98E-16,,,
LMO7,1.82E-20,-1.76632349,0.03,0.052,5.09E-16,,,
MLF1,1.82E-20,-1.780256146,0.022,0.043,5.10E-16,,,
IFI6,1.82E-20,-1.763281438,0.028,0.051,5.11E-16,,,
TANC1,1.85E-20,-1.098906381,0.237,0.251,5.18E-16,,,
OTULIN,1.85E-20,-0.42269502,0.179,0.131,5.19E-16,,,
AC078802.1,1.86E-20,0.759612413,0.011,0.003,5.21E-16,,,
DNAJC6,1.86E-20,-1.99621443,0.018,0.038,5.22E-16,,,
ICE1,1.87E-20,-0.394688205,0.221,0.163,5.24E-16,,,
LEMD3,1.88E-20,-0.365612923,0.171,0.124,5.28E-16,,,
EXOC3L4,1.90E-20,-3.905419104,0.003,0.015,5.33E-16,,,
SNX5,1.98E-20,-0.315569473,0.117,0.083,5.55E-16,,,
CENPJ,2.00E-20,-0.288361051,0.094,0.064,5.61E-16,,,
COL9A3,2.03E-20,-2.625002339,0.004,0.017,5.69E-16,,,
SLC36A4,2.05E-20,-1.281250887,0.092,0.121,5.75E-16,,,
CACNA1H,2.07E-20,-3.758966715,0.002,0.014,5.80E-16,,,
SLC25A36,2.07E-20,-0.34805685,0.28,0.209,5.81E-16,,,
SNX9,2.11E-20,-0.346646097,0.444,0.328,5.90E-16,,,
CMBL,2.11E-20,-0.116560154,0.06,0.038,5.91E-16,,,
SLC35F2,2.11E-20,-2.098297859,0.013,0.03,5.92E-16,,,
C1orf220,2.13E-20,-2.479971135,0.005,0.019,5.98E-16,,,
SLC25A13,2.14E-20,-0.992009724,0.297,0.298,6.00E-16,,,
ZNF235,2.14E-20,-0.403461149,0.203,0.149,6.00E-16,,,
AC008393.1,2.17E-20,0.239669187,0.022,0.01,6.09E-16,,,
PABPC1L,2.18E-20,-1.725082191,0.024,0.046,6.12E-16,,,
TNPO1,2.22E-20,-0.368826835,0.345,0.256,6.22E-16,,,
CDC37,2.31E-20,-0.369508827,0.2,0.147,6.46E-16,,,
SNW1,2.32E-20,-0.406039513,0.218,0.161,6.50E-16,,,
LBHD1,2.38E-20,0.395026149,0.018,0.007,6.67E-16,,,
SNF8,2.39E-20,-0.27279868,0.103,0.071,6.71E-16,,,
DHX8,2.40E-20,-0.370879449,0.105,0.073,6.72E-16,,,
C12orf40,2.41E-20,-0.521259095,0.079,0.052,6.76E-16,,,
EEF2,2.43E-20,-1.308632304,0.126,0.155,6.81E-16,,,
OSBPL10-AS1,2.48E-20,-4.200525915,0.001,0.013,6.94E-16,,,
MTO1,2.48E-20,-0.359629987,0.116,0.082,6.96E-16,,,
TRIM29,2.57E-20,-2.696582479,0.002,0.014,7.20E-16,,,
UBXN7,2.58E-20,-0.3845972,0.208,0.153,7.24E-16,,,
SCAF4,2.59E-20,-0.409544577,0.181,0.132,7.25E-16,,,
TMEM260,2.59E-20,-0.38313977,0.226,0.167,7.27E-16,,,
FSCN1,2.60E-20,-2.694616371,0.006,0.02,7.30E-16,,,
TAB1,2.72E-20,-0.355199664,0.11,0.077,7.61E-16,,,
PIP4K2B,2.73E-20,-0.285176933,0.099,0.068,7.66E-16,,,
GIMAP5,2.75E-20,-3.343736286,0.003,0.015,7.71E-16,,,
DCAF17,2.76E-20,-0.410109012,0.104,0.072,7.73E-16,,,
AC079322.1,2.89E-20,0.816816444,0.011,0.003,8.10E-16,,,
STAR,2.95E-20,0.79376247,0.01,0.003,8.27E-16,,,
LATS1,3.01E-20,-0.424211813,0.246,0.182,8.44E-16,,,
DSTN,3.02E-20,-1.121548051,0.182,0.206,8.46E-16,,,
DENR,3.06E-20,-0.433065644,0.196,0.144,8.57E-16,,,
LAMA2,3.07E-20,-1.893204142,0.357,0.347,8.60E-16,,,
AP000919.3,3.20E-20,-0.110395196,0.03,0.015,8.98E-16,,,
VAMP5,3.24E-20,-1.526174408,0.023,0.044,9.09E-16,,,
HCFC2,3.25E-20,-0.354162493,0.145,0.104,9.09E-16,,,
AC055854.1,3.25E-20,0.374558475,0.016,0.006,9.12E-16,,,
MSRB3,3.27E-20,-0.393510757,0.376,0.276,9.16E-16,,,
PSMD6,3.29E-20,-0.277206287,0.064,0.04,9.23E-16,,,
SMG5,3.30E-20,-0.32196425,0.108,0.075,9.24E-16,,,
FRMPD1,3.30E-20,-2.246085417,0.008,0.024,9.26E-16,,,
ATP6V1G1,3.37E-20,-0.281701922,0.102,0.071,9.44E-16,,,
KCNIP3,3.37E-20,-2.82045647,0.006,0.02,9.45E-16,,,
POLR3GL,3.48E-20,0.144329896,0.029,0.015,9.76E-16,,,
CD48,3.66E-20,-2.666394808,0.009,0.024,1.02E-15,,,
AGTRAP,3.77E-20,-1.786738484,0.021,0.041,1.06E-15,,,
TTC27,3.78E-20,-0.418437521,0.266,0.197,1.06E-15,,,
ZNF667,3.82E-20,-0.171486889,0.05,0.03,1.07E-15,,,
TRAPPC11,3.87E-20,-0.39987429,0.204,0.15,1.08E-15,,,
SQLE,3.91E-20,-1.773768138,0.023,0.044,1.10E-15,,,
AC090213.1,3.97E-20,-7.424054608,0,0.01,1.11E-15,,,
FSBP,4.20E-20,0.31090494,0.017,0.007,1.18E-15,,,
RNF11,4.25E-20,-0.269986932,0.096,0.066,1.19E-15,,,
AL353708.3,4.34E-20,0.356447708,0.014,0.005,1.22E-15,,,
JCAD,4.39E-20,-2.202479749,0.023,0.043,1.23E-15,,,
TLDC2,4.44E-20,-2.971061116,0.007,0.021,1.24E-15,,,
FAM78A,4.57E-20,-2.573297875,0.006,0.02,1.28E-15,,,
AC004687.1,4.57E-20,-3.385407782,0.004,0.017,1.28E-15,,,
AC027031.2,4.63E-20,-3.252526218,0.003,0.015,1.30E-15,,,
ZNF784,4.77E-20,0.449068458,0.017,0.007,1.34E-15,,,
CARD8,4.84E-20,-1.362795178,0.155,0.18,1.36E-15,,,
PCMTD1,4.87E-20,-0.27858169,0.46,0.34,1.36E-15,,,
TXN2,4.93E-20,-0.229815942,0.062,0.039,1.38E-15,,,
AL133284.1,4.97E-20,0.188388571,0.017,0.007,1.39E-15,,,
KCND3,4.97E-20,-0.37330442,0.086,0.058,1.39E-15,,,
CCDC24,5.13E-20,0.10623236,0.037,0.021,1.44E-15,,,
AL163192.1,5.15E-20,0.506870084,0.011,0.004,1.44E-15,,,
NLGN2,5.15E-20,-2.092108612,0.017,0.035,1.44E-15,,,
COLGALT1,5.19E-20,-1.33797908,0.089,0.118,1.46E-15,,,
IFT52,5.20E-20,-0.329180262,0.112,0.079,1.46E-15,,,
AL117339.4,5.24E-20,0.365283039,0.015,0.006,1.47E-15,,,
LRRN2,5.35E-20,-2.158374531,0.015,0.033,1.50E-15,,,
GORASP1,5.39E-20,-0.238014903,0.053,0.032,1.51E-15,,,
CPNE1,5.55E-20,-0.343272721,0.121,0.086,1.55E-15,,,
PPP1CB,5.59E-20,-1.060511684,0.193,0.216,1.57E-15,,,
SLC5A4,5.61E-20,-4.328691318,0.001,0.012,1.57E-15,,,
PAPD4,5.72E-20,-0.283493842,0.606,0.438,1.60E-15,,,
PUM3,5.77E-20,-0.271872915,0.455,0.337,1.62E-15,,,
TUFT1,5.80E-20,-2.112392759,0.012,0.029,1.63E-15,,,
LYZ,5.86E-20,-1.343068533,0.104,0.133,1.64E-15,,,
SMU1,6.18E-20,-0.379357218,0.143,0.103,1.73E-15,,,
THUMPD1,6.20E-20,-0.421726681,0.133,0.095,1.74E-15,,,
CD44-AS1,6.21E-20,-4.103773853,0.002,0.014,1.74E-15,,,
CNMD,6.21E-20,0.430227217,0.017,0.007,1.74E-15,,,
AL121672.1,6.29E-20,0.156828618,0.026,0.013,1.76E-15,,,
AL161911.1,6.36E-20,0.717976049,0.011,0.004,1.78E-15,,,
ZNF674-AS1,6.52E-20,0.107464909,0.024,0.012,1.83E-15,,,
MYOZ3,6.97E-20,0.541340412,0.014,0.005,1.95E-15,,,
SYN1,7.06E-20,-2.244179871,0.005,0.019,1.98E-15,,,
DOC2B,7.08E-20,-3.616002343,0.002,0.014,1.98E-15,,,
CNGB3,7.21E-20,-0.343576977,0.109,0.076,2.02E-15,,,
RGL2,7.36E-20,-1.760678304,0.032,0.054,2.06E-15,,,
AL513164.1,7.79E-20,-3.37906881,0.004,0.016,2.18E-15,,,
CTPS1,7.83E-20,-1.983758723,0.018,0.037,2.19E-15,,,
AL133480.1,8.20E-20,-0.404690537,0.135,0.097,2.30E-15,,,
ABCA3,8.23E-20,-0.209961777,0.082,0.055,2.31E-15,,,
COMMD1,8.38E-20,-0.339700453,0.46,0.34,2.35E-15,,,
TCEANC2,8.39E-20,-0.141187475,0.067,0.043,2.35E-15,,,
SNHG12,8.44E-20,-1.627063965,0.03,0.052,2.36E-15,,,
ZNF142,8.55E-20,-0.137491079,0.061,0.039,2.40E-15,,,
MRPL39,8.95E-20,-0.2348236,0.066,0.043,2.51E-15,,,
AKR1B1,8.96E-20,-2.012676119,0.01,0.026,2.51E-15,,,
RASGRP3,8.96E-20,-2.244699012,0.033,0.055,2.51E-15,,,
SEMA5B,9.14E-20,-4.038035453,0.002,0.014,2.56E-15,,,
PKP2,9.52E-20,-1.16410938,0.056,0.083,2.67E-15,,,
FSTL4,9.61E-20,-2.928544431,0.004,0.017,2.69E-15,,,
AL713999.1,9.62E-20,-4.263936273,0.001,0.011,2.69E-15,,,
AC009118.3,9.70E-20,0.426094982,0.018,0.007,2.72E-15,,,
GPANK1,9.84E-20,-0.22124357,0.063,0.04,2.76E-15,,,
AC105402.3,9.84E-20,-1.710549564,0.022,0.042,2.76E-15,,,
ETFB,9.97E-20,-0.249376381,0.078,0.052,2.79E-15,,,
PRUNE2,1.06E-19,-1.004722539,0.098,0.128,2.96E-15,,,
RHOXF1,1.09E-19,1.106443249,0.01,0.003,3.05E-15,,,
NUP214,1.14E-19,-0.380606364,0.273,0.203,3.18E-15,,,
JRKL,1.14E-19,-0.294186778,0.078,0.052,3.19E-15,,,
RAB11FIP1,1.18E-19,-1.365665674,0.078,0.106,3.30E-15,,,
PSTPIP1,1.18E-19,-2.3969916,0.011,0.027,3.32E-15,,,
GRIPAP1,1.20E-19,-0.344487403,0.116,0.082,3.35E-15,,,
ASRGL1,1.21E-19,-2.318224322,0.006,0.02,3.40E-15,,,
CCDC110,1.21E-19,-2.999013394,0.004,0.016,3.40E-15,,,
SSH1,1.24E-19,-0.430244707,0.173,0.126,3.48E-15,,,
CALCOCO2,1.25E-19,-0.377529666,0.262,0.196,3.50E-15,,,
LRRC40,1.28E-19,-0.417183676,0.128,0.091,3.58E-15,,,
CLEC16A,1.31E-19,-1.018504166,0.28,0.285,3.66E-15,,,
AC095350.2,1.35E-19,-3.696828351,0.001,0.012,3.79E-15,,,
UROS,1.39E-19,-0.327559007,0.093,0.064,3.89E-15,,,
KCNJ2,1.40E-19,-2.550390548,0.003,0.015,3.92E-15,,,
NOP14-AS1,1.40E-19,-0.209434483,0.05,0.031,3.94E-15,,,
RSBN1,1.42E-19,-0.366283765,0.177,0.13,3.98E-15,,,
ARL6IP5,1.43E-19,-0.457315299,0.24,0.178,4.02E-15,,,
GPSM2,1.44E-19,-0.431020735,0.237,0.176,4.02E-15,,,
MMP2,1.44E-19,-1.653454232,0.047,0.071,4.03E-15,,,
GINM1,1.44E-19,-0.430093898,0.173,0.127,4.04E-15,,,
GPR137,1.47E-19,-0.13569923,0.065,0.042,4.11E-15,,,
GK-AS1,1.51E-19,0.196857162,0.025,0.013,4.22E-15,,,
AC093297.1,1.51E-19,0.711309623,0.012,0.004,4.23E-15,,,
LINC02398,1.53E-19,-2.294099476,0.009,0.024,4.29E-15,,,
ERF,1.54E-19,-2.661298373,0.005,0.018,4.31E-15,,,
SEC24C,1.55E-19,-0.344060795,0.091,0.062,4.33E-15,,,
SETD6,1.57E-19,-0.151269962,0.043,0.025,4.41E-15,,,
C1QC,1.58E-19,-1.313525264,0.11,0.138,4.43E-15,,,
JMJD6,1.60E-19,-0.136762972,0.049,0.03,4.49E-15,,,
EGLN3,1.62E-19,0.294688292,0.048,0.029,4.54E-15,,,
INPP1,1.63E-19,-1.659795548,0.035,0.058,4.56E-15,,,
FAM122C,1.63E-19,-0.284998245,0.07,0.045,4.58E-15,,,
PLEKHM2,1.66E-19,-0.432308655,0.159,0.115,4.66E-15,,,
PSD4,1.66E-19,-2.430874626,0.007,0.021,4.67E-15,,,
ZCCHC8,1.68E-19,-0.424262657,0.184,0.135,4.70E-15,,,
OCIAD1,1.69E-19,-0.360817758,0.358,0.266,4.74E-15,,,
AP005329.1,1.73E-19,0.417778124,0.013,0.005,4.86E-15,,,
TSG101,1.75E-19,-0.42441005,0.193,0.143,4.89E-15,,,
VPS11,1.75E-19,-0.238038116,0.058,0.036,4.91E-15,,,
LAPTM4B,1.76E-19,-1.686077134,0.026,0.047,4.94E-15,,,
PRRX2,1.80E-19,-2.695797401,0.005,0.018,5.03E-15,,,
HS3ST5,1.80E-19,0.236302913,0.025,0.012,5.04E-15,,,
DERA,1.80E-19,-0.401593299,0.226,0.168,5.05E-15,,,
EXOSC10,1.83E-19,-0.414869547,0.132,0.094,5.12E-15,,,
PPM1F,1.84E-19,-1.568421364,0.052,0.077,5.16E-15,,,
SOCS2,1.85E-19,-2.407739528,0.014,0.031,5.19E-15,,,
PARP11,1.86E-19,-0.42843999,0.152,0.11,5.22E-15,,,
AC138696.1,1.88E-19,0.150620601,0.021,0.009,5.26E-15,,,
DENND6A,1.90E-19,-0.978038969,0.247,0.26,5.32E-15,,,
RIPK4,1.92E-19,-3.223571704,0.001,0.012,5.37E-15,,,
HUS1,1.94E-19,-0.459555099,0.11,0.077,5.43E-15,,,
AC087501.1,1.94E-19,-0.254874081,0.046,0.028,5.44E-15,,,
AKAP8,1.95E-19,-0.375383227,0.117,0.082,5.45E-15,,,
CHL1,1.95E-19,-1.466301246,0.09,0.117,5.48E-15,,,
MCC,1.99E-19,-1.005823262,0.259,0.269,5.59E-15,,,
PIAS2,2.05E-19,-0.42845294,0.249,0.185,5.73E-15,,,
CFTR,2.06E-19,-0.288893994,0.078,0.052,5.79E-15,,,
AC046130.1,2.07E-19,-0.147483573,0.053,0.032,5.79E-15,,,
STC1,2.09E-19,-2.842092906,0.003,0.015,5.84E-15,,,
GOSR2,2.11E-19,-0.310768921,0.082,0.055,5.92E-15,,,
FAM98B,2.12E-19,-0.321671305,0.078,0.052,5.95E-15,,,
CDC123,2.17E-19,-0.400289836,0.138,0.099,6.08E-15,,,
GK,2.19E-19,-0.173659182,0.046,0.028,6.13E-15,,,
TMEM132A,2.19E-19,-3.122915572,0.002,0.014,6.13E-15,,,
MFSD10,2.27E-19,-1.397631781,0.048,0.073,6.37E-15,,,
AL353653.1,2.33E-19,-2.840067229,0.005,0.018,6.53E-15,,,
KCTD18,2.35E-19,-0.257319186,0.077,0.051,6.57E-15,,,
AC073878.1,2.35E-19,0.301954706,0.015,0.006,6.58E-15,,,
LINC00885,2.41E-19,-4.247861958,0.001,0.011,6.75E-15,,,
AC135050.6,2.49E-19,0.289411566,0.022,0.01,6.98E-15,,,
AL118558.1,2.58E-19,-0.216666168,0.043,0.025,7.23E-15,,,
AC092747.4,2.61E-19,0.103998478,0.031,0.016,7.30E-15,,,
AC008764.6,2.68E-19,0.466093604,0.017,0.007,7.52E-15,,,
ADA2,2.69E-19,-1.874420312,0.029,0.05,7.53E-15,,,
C14orf37,2.71E-19,-0.37832166,0.358,0.266,7.60E-15,,,
DPP7,2.77E-19,-0.436976343,0.124,0.089,7.75E-15,,,
PER2,2.81E-19,-0.292333736,0.102,0.071,7.88E-15,,,
STON1,2.91E-19,-0.124501042,0.067,0.043,8.15E-15,,,
SLC22A1,2.92E-19,0.273238745,0.021,0.01,8.19E-15,,,
CASS4,2.94E-19,-2.798876438,0.007,0.021,8.23E-15,,,
AP000959.1,2.94E-19,-4.288757932,0.001,0.012,8.24E-15,,,
SPIRE2,3.02E-19,-0.100555922,0.053,0.033,8.46E-15,,,
SSC4D,3.05E-19,-0.146217854,0.048,0.029,8.54E-15,,,
ATP5B,3.06E-19,-0.412410692,0.129,0.093,8.58E-15,,,
DANCR,3.09E-19,-0.221141231,0.072,0.048,8.67E-15,,,
BHLHE40,3.09E-19,-1.803417803,0.017,0.035,8.67E-15,,,
VPS13B,3.13E-19,-0.488187337,0.681,0.569,8.78E-15,,,
AC090617.5,3.15E-19,-0.368943726,0.059,0.038,8.83E-15,,,
PTGIR,3.21E-19,-2.946658694,0.006,0.02,9.01E-15,,,
FBXW8,3.28E-19,-0.447358658,0.176,0.129,9.18E-15,,,
ATAD2B,3.40E-19,-0.389527125,0.367,0.271,9.53E-15,,,
DOCK1,3.40E-19,-0.800520979,0.459,0.414,9.54E-15,,,
CCSER2,3.42E-19,-0.731580141,0.381,0.367,9.59E-15,,,
LACTB,3.43E-19,-0.285000172,0.106,0.074,9.63E-15,,,
PAQR8,3.44E-19,-3.093748882,0.003,0.015,9.63E-15,,,
TYROBP,3.70E-19,-1.421444794,0.082,0.109,1.04E-14,,,
ZUFSP,3.80E-19,-0.216265244,0.072,0.047,1.06E-14,,,
JAGN1,3.82E-19,-0.244696721,0.061,0.039,1.07E-14,,,
METTL13,3.88E-19,-0.166538181,0.047,0.028,1.09E-14,,,
PKNOX2,3.88E-19,-1.732374514,0.027,0.048,1.09E-14,,,
SEMA5A-AS1,3.88E-19,-4.879357685,0,0.01,1.09E-14,,,
PPP3CB-AS1,3.92E-19,-0.321756389,0.078,0.052,1.10E-14,,,
TP53BP2,3.98E-19,-1.339978378,0.062,0.088,1.12E-14,,,
LY86-AS1,3.99E-19,0.136325755,0.026,0.013,1.12E-14,,,
AC015849.4,4.00E-19,0.33457495,0.014,0.005,1.12E-14,,,
AL157400.3,4.06E-19,0.290630942,0.018,0.008,1.14E-14,,,
SAMD11,4.09E-19,-2.911427353,0.004,0.017,1.15E-14,,,
SLC14A1,4.12E-19,-2.593020068,0.009,0.023,1.16E-14,,,
FOXP1-AS1,4.24E-19,-0.256903687,0.07,0.045,1.19E-14,,,
EIF3J-AS1,4.24E-19,-0.434695264,0.174,0.127,1.19E-14,,,
SNRNP48,4.32E-19,-0.30911581,0.113,0.08,1.21E-14,,,
ADAMTS4,4.33E-19,0.738897739,0.01,0.003,1.21E-14,,,
AL132656.2,4.40E-19,0.467312973,0.012,0.004,1.23E-14,,,
PIGG,4.41E-19,-0.419933948,0.141,0.102,1.24E-14,,,
CCM2L,4.50E-19,-3.424298287,0.004,0.016,1.26E-14,,,
AC040169.1,4.57E-19,0.492598976,0.012,0.004,1.28E-14,,,
ABCB5,4.64E-19,-2.884207992,0.01,0.026,1.30E-14,,,
PEX10,4.74E-19,-0.271843764,0.054,0.034,1.33E-14,,,
SIGLEC9,4.80E-19,-2.429498218,0.004,0.016,1.34E-14,,,
AC019117.3,5.09E-19,-2.546266568,0.006,0.019,1.43E-14,,,
AC121761.2,5.09E-19,0.752629042,0.012,0.004,1.43E-14,,,
AC092162.2,5.10E-19,-4.120487589,0.002,0.013,1.43E-14,,,
PTCH1,5.21E-19,-0.333656379,0.073,0.048,1.46E-14,,,
AC119868.2,5.27E-19,-2.639064076,0.01,0.025,1.48E-14,,,
VCAN-AS1,5.31E-19,-3.850484158,0.002,0.012,1.49E-14,,,
DZANK1,5.33E-19,-0.211412039,0.061,0.039,1.49E-14,,,
DGUOK,5.35E-19,-0.363916057,0.135,0.098,1.50E-14,,,
AC022395.1,5.59E-19,-0.267378091,0.099,0.069,1.57E-14,,,
RUNX3,5.79E-19,-3.815218461,0.004,0.016,1.62E-14,,,
LINC01801,5.81E-19,-3.324244281,0.002,0.013,1.63E-14,,,
RSL1D1,5.89E-19,-0.265613361,0.093,0.064,1.65E-14,,,
PLPP4,6.00E-19,-3.301839127,0.002,0.013,1.68E-14,,,
AL121821.1,6.00E-19,-3.337030105,0.002,0.013,1.68E-14,,,
TOLLIP-AS1,6.02E-19,0.740324794,0.01,0.003,1.69E-14,,,
AC009690.1,6.11E-19,-0.413034025,0.257,0.192,1.71E-14,,,
AC051619.4,6.17E-19,0.22254131,0.023,0.011,1.73E-14,,,
BORCS7,6.35E-19,-0.263129154,0.083,0.056,1.78E-14,,,
ARHGEF9,6.51E-19,-0.393285332,0.122,0.087,1.83E-14,,,
MRM1,6.54E-19,0.275342389,0.022,0.011,1.83E-14,,,
ZNF362,6.54E-19,-0.284806552,0.084,0.057,1.83E-14,,,
COIL,6.55E-19,-0.259598725,0.092,0.063,1.84E-14,,,
RRP12,6.60E-19,-0.266441637,0.068,0.045,1.85E-14,,,
MORF4L1,6.68E-19,-0.395357956,0.269,0.202,1.87E-14,,,
AC012309.1,6.75E-19,-0.31743711,0.079,0.053,1.89E-14,,,
PGK1,6.80E-19,-0.357005599,0.166,0.123,1.91E-14,,,
ATN1,6.84E-19,-0.387881459,0.13,0.093,1.92E-14,,,
CDHR5,6.85E-19,0.536191077,0.011,0.004,1.92E-14,,,
LINC01996,6.85E-19,-3.803506509,0,0.01,1.92E-14,,,
TRAM1,6.86E-19,-1.183105517,0.13,0.157,1.92E-14,,,
SFXN2,6.89E-19,-0.102564822,0.065,0.042,1.93E-14,,,
AC026124.1,6.91E-19,-0.179578899,0.041,0.024,1.94E-14,,,
GALNT17,6.97E-19,-2.086261126,0.04,0.063,1.95E-14,,,
RIOK2,7.03E-19,-0.259415493,0.085,0.058,1.97E-14,,,
FAM102A,7.06E-19,-1.76035973,0.031,0.052,1.98E-14,,,
CLTB,7.13E-19,-1.330329763,0.076,0.103,2.00E-14,,,
AC006019.3,7.21E-19,-3.018664191,0.002,0.013,2.02E-14,,,
CRLF1,7.24E-19,-0.360161458,0.067,0.043,2.03E-14,,,
CAB39,7.30E-19,-0.540691017,0.285,0.21,2.04E-14,,,
GPR65,7.30E-19,-2.49498617,0.007,0.021,2.04E-14,,,
AC020915.4,7.31E-19,-0.276602764,0.081,0.054,2.05E-14,,,
ISLR,7.35E-19,-1.796049674,0.023,0.043,2.06E-14,,,
AL359915.1,7.38E-19,0.188989308,0.025,0.012,2.07E-14,,,
AC067930.4,7.53E-19,0.39855896,0.019,0.008,2.11E-14,,,
FAM114A2,7.59E-19,-0.239686734,0.065,0.042,2.13E-14,,,
P3H3,7.63E-19,-2.921726241,0.004,0.016,2.14E-14,,,
RPL23A,7.65E-19,-1.204782671,0.136,0.163,2.14E-14,,,
DNAH5,7.70E-19,-2.689975759,0.008,0.022,2.16E-14,,,
STK32C,8.00E-19,-0.217628319,0.062,0.04,2.24E-14,,,
CD2AP,8.01E-19,-1.109560218,0.181,0.204,2.24E-14,,,
HSPA1B,8.05E-19,-1.825674414,0.013,0.029,2.26E-14,,,
MRPL27,8.11E-19,-0.194367338,0.068,0.045,2.27E-14,,,
EWSR1,8.34E-19,-0.370993186,0.272,0.204,2.34E-14,,,
ELMOD2,8.50E-19,-0.384005116,0.124,0.089,2.38E-14,,,
MRPL55,8.84E-19,-0.175971271,0.048,0.029,2.48E-14,,,
TRNAU1AP,8.99E-19,-0.421891067,0.156,0.114,2.52E-14,,,
FXYD6,9.03E-19,-2.560139618,0.007,0.02,2.53E-14,,,
AC007405.1,9.13E-19,0.185919629,0.025,0.013,2.56E-14,,,
ZCWPW2,9.16E-19,0.594545413,0.011,0.004,2.57E-14,,,
CLK3,9.18E-19,-0.351849565,0.087,0.059,2.57E-14,,,
PPP1R3B,9.22E-19,-1.866217392,0.019,0.037,2.58E-14,,,
SKAP1,9.30E-19,-2.896140365,0.04,0.063,2.61E-14,,,
FCHO1,9.35E-19,-2.757461995,0.006,0.019,2.62E-14,,,
ALDOB,9.49E-19,0.693047256,0.011,0.004,2.66E-14,,,
RRP8,9.55E-19,-0.149314219,0.055,0.034,2.68E-14,,,
WDR44,9.79E-19,-1.172464455,0.137,0.163,2.74E-14,,,
NDUFAF7,9.86E-19,-0.409523773,0.12,0.085,2.76E-14,,,
VIPR1,9.89E-19,-3.143268697,0.004,0.016,2.77E-14,,,
AC027097.2,9.93E-19,-1.186785298,0.135,0.161,2.78E-14,,,
EIF1AX,1.01E-18,-0.380219607,0.119,0.085,2.82E-14,,,
ZNF251,1.01E-18,-0.458338193,0.173,0.127,2.83E-14,,,
PRRC2C,1.02E-18,-0.759963831,0.446,0.406,2.85E-14,,,
AL451047.1,1.03E-18,0.547426658,0.011,0.004,2.89E-14,,,
AC245060.5,1.03E-18,-0.367730185,0.098,0.068,2.90E-14,,,
NADK2,1.05E-18,-0.340143654,0.118,0.084,2.94E-14,,,
TRPC6,1.05E-18,-2.390274322,0.017,0.034,2.94E-14,,,
FBXO15,1.05E-18,0.4601747,0.017,0.007,2.95E-14,,,
AL132780.3,1.07E-18,-2.5280752,0.005,0.018,2.99E-14,,,
JUNB,1.08E-18,-1.541901769,0.057,0.082,3.03E-14,,,
ANKRD35,1.10E-18,0.214470856,0.016,0.007,3.08E-14,,,
SPTLC1,1.13E-18,-0.360858979,0.149,0.109,3.16E-14,,,
B4GALT5,1.13E-18,-0.440039256,0.221,0.165,3.17E-14,,,
TYW5,1.18E-18,-0.397422761,0.111,0.078,3.31E-14,,,
AL031599.1,1.20E-18,-0.341000047,0.048,0.03,3.35E-14,,,
AC069023.1,1.20E-18,-4.76203784,0.001,0.01,3.36E-14,,,
NOP53-AS1,1.22E-18,0.288159807,0.024,0.012,3.41E-14,,,
TPP2,1.23E-18,-1.063561607,0.199,0.219,3.45E-14,,,
RNASEK,1.23E-18,-0.23194569,0.078,0.052,3.45E-14,,,
LONRF1,1.25E-18,-0.322392138,0.177,0.132,3.50E-14,,,
SH3BGRL3,1.26E-18,-1.460556362,0.046,0.07,3.53E-14,,,
SQOR,1.32E-18,-1.595497417,0.021,0.041,3.69E-14,,,
ZNF143,1.32E-18,-0.355925141,0.099,0.069,3.70E-14,,,
STT3B,1.33E-18,-0.962757795,0.266,0.274,3.72E-14,,,
DHX36,1.33E-18,-0.350331655,0.331,0.25,3.73E-14,,,
BCAS2,1.35E-18,-0.195164033,0.068,0.045,3.77E-14,,,
GRM3,1.35E-18,-0.132801313,0.037,0.021,3.80E-14,,,
PSMD9,1.36E-18,0.242615344,0.021,0.01,3.80E-14,,,
AC012640.1,1.37E-18,0.654507241,0.011,0.004,3.84E-14,,,
CITED4,1.39E-18,0.329004064,0.021,0.01,3.91E-14,,,
PDZK1IP1,1.41E-18,-1.897909611,0.008,0.023,3.94E-14,,,
CHST12,1.41E-18,-0.442441579,0.095,0.066,3.96E-14,,,
GPR89A,1.41E-18,-0.132344502,0.048,0.03,3.96E-14,,,
HARBI1,1.43E-18,0.304803274,0.014,0.005,4.01E-14,,,
MFSD2A,1.44E-18,-3.682481507,0.002,0.012,4.04E-14,,,
USP2,1.44E-18,-3.303126658,0.002,0.013,4.05E-14,,,
FUCA1,1.47E-18,-1.36237869,0.059,0.085,4.11E-14,,,
AC092073.1,1.47E-18,0.37548119,0.015,0.006,4.12E-14,,,
AC019080.1,1.47E-18,0.210555944,0.023,0.011,4.12E-14,,,
PPP1R8,1.48E-18,-0.232850042,0.061,0.039,4.15E-14,,,
TBC1D2,1.49E-18,-1.689137151,0.026,0.046,4.18E-14,,,
NDUFS3,1.50E-18,-0.247266295,0.062,0.04,4.21E-14,,,
WDR11,1.55E-18,-0.395421771,0.312,0.233,4.34E-14,,,
STAT4,1.55E-18,-0.964557353,0.071,0.047,4.34E-14,,,
EFL1,1.58E-18,-0.3855453,0.117,0.083,4.44E-14,,,
AC107464.3,1.60E-18,-4.218311365,0.001,0.01,4.48E-14,,,
LINC01341,1.64E-18,0.135699673,0.025,0.013,4.58E-14,,,
LGI2,1.64E-18,-2.147864116,0.006,0.02,4.60E-14,,,
HID1,1.66E-18,-3.367969146,0.003,0.015,4.65E-14,,,
EPHA1-AS1,1.68E-18,-3.771089412,0.003,0.014,4.71E-14,,,
DUSP16,1.69E-18,-0.414465309,0.235,0.176,4.73E-14,,,
ZBTB24,1.71E-18,-0.214095741,0.068,0.045,4.78E-14,,,
TPCN2,1.74E-18,-0.335943346,0.089,0.061,4.88E-14,,,
UTP23,1.78E-18,-0.321396424,0.107,0.076,4.97E-14,,,
VAC14,1.78E-18,-0.39447019,0.108,0.077,4.98E-14,,,
MDM1,1.86E-18,-0.284654407,0.082,0.055,5.22E-14,,,
AC107983.2,1.87E-18,-0.208056436,0.042,0.025,5.23E-14,,,
ICAM2,1.87E-18,-1.882206279,0.021,0.039,5.25E-14,,,
HIST3H2A,1.88E-18,-2.631355793,0.003,0.015,5.26E-14,,,
GALC,1.90E-18,-0.371803166,0.119,0.085,5.33E-14,,,
NTAN1,1.92E-18,-1.491754413,0.045,0.069,5.38E-14,,,
TTLL12,1.92E-18,0.123352975,0.03,0.016,5.39E-14,,,
ST14,1.92E-18,-3.214304144,0.003,0.015,5.39E-14,,,
Z69733.1,1.95E-18,-3.65055792,0.002,0.012,5.46E-14,,,
AL139142.1,1.99E-18,-2.415497687,0.005,0.018,5.56E-14,,,
IDH3B,2.01E-18,-0.271856687,0.06,0.039,5.64E-14,,,
MIR2052HG,2.04E-18,-2.02155537,0.012,0.028,5.70E-14,,,
AC139491.4,2.05E-18,-5.463310236,0,0.01,5.74E-14,,,
AC104581.1,2.09E-18,-2.499408605,0.005,0.018,5.85E-14,,,
FMO4,2.10E-18,-0.322194165,0.1,0.07,5.88E-14,,,
LRRN4,2.10E-18,-1.484253999,0.031,0.052,5.90E-14,,,
AC007422.2,2.11E-18,-3.127984326,0.003,0.014,5.92E-14,,,
CRYBA1,2.15E-18,0.511823618,0.01,0.003,6.01E-14,,,
AC018761.2,2.20E-18,0.368249523,0.014,0.005,6.15E-14,,,
ZNF341,2.23E-18,-0.130796638,0.046,0.028,6.24E-14,,,
DAG1,2.23E-18,-0.301807297,0.107,0.076,6.25E-14,,,
GOLM1,2.24E-18,-1.254660017,0.07,0.096,6.27E-14,,,
RTL9,2.24E-18,0.348303573,0.011,0.004,6.29E-14,,,
RHAG,2.26E-18,-3.623604083,0.002,0.012,6.33E-14,,,
SDC4,2.36E-18,-1.642292237,0.029,0.05,6.60E-14,,,
MAPK1IP1L,2.37E-18,-0.404208723,0.17,0.125,6.63E-14,,,
PFKFB4,2.39E-18,-2.145105863,0.007,0.021,6.69E-14,,,
MMP23B,2.41E-18,-2.422618877,0.004,0.016,6.75E-14,,,
TNK1,2.43E-18,-2.7657695,0.003,0.014,6.80E-14,,,
UAP1L1,2.43E-18,0.101042818,0.023,0.012,6.82E-14,,,
NRGN,2.44E-18,-3.577254641,0.003,0.013,6.84E-14,,,
AC005586.1,2.45E-18,0.623582188,0.012,0.004,6.88E-14,,,
AC087500.1,2.47E-18,-0.420363089,0.138,0.1,6.92E-14,,,
ENGASE,2.58E-18,-0.298013946,0.07,0.046,7.24E-14,,,
CYB561A3,2.65E-18,-0.351569203,0.072,0.048,7.42E-14,,,
SEMA3F,2.66E-18,-2.268181303,0.006,0.018,7.46E-14,,,
AC116366.3,2.73E-18,-0.416842032,0.173,0.128,7.64E-14,,,
LRPAP1,2.78E-18,-1.222427963,0.096,0.124,7.78E-14,,,
AC109347.1,2.81E-18,0.486644205,0.013,0.005,7.86E-14,,,
TEAD4,2.85E-18,-1.772442015,0.027,0.047,7.98E-14,,,
MRO,2.87E-18,0.314294376,0.015,0.006,8.05E-14,,,
APOBEC3C,2.94E-18,-2.186690139,0.006,0.019,8.23E-14,,,
AC010320.4,2.94E-18,-0.141617541,0.054,0.034,8.25E-14,,,
AP001604.1,2.96E-18,0.24943211,0.016,0.007,8.29E-14,,,
AC006262.2,2.96E-18,-3.999679337,0.001,0.011,8.29E-14,,,
ADCYAP1R1,2.97E-18,-2.890915441,0.004,0.016,8.32E-14,,,
CPEB1,3.06E-18,-1.836258436,0.024,0.044,8.58E-14,,,
EAF1,3.07E-18,-0.163863185,0.047,0.029,8.61E-14,,,
RNH1,3.10E-18,-0.413664336,0.235,0.176,8.67E-14,,,
ZNF837,3.11E-18,0.480915916,0.015,0.006,8.72E-14,,,
HIP1,3.11E-18,-0.824691609,0.327,0.329,8.73E-14,,,
TMEM69,3.13E-18,-0.199172628,0.054,0.034,8.77E-14,,,
HACD4,3.15E-18,-1.649513011,0.032,0.054,8.82E-14,,,
AC008700.1,3.21E-18,0.105119087,0.031,0.017,9.01E-14,,,
UBN2,3.22E-18,-0.395362787,0.252,0.189,9.02E-14,,,
AC073111.5,3.23E-18,0.347162529,0.016,0.007,9.06E-14,,,
BMF,3.31E-18,-2.18716518,0.008,0.021,9.28E-14,,,
SETDB1,3.42E-18,-0.406143579,0.181,0.134,9.58E-14,,,
ADAMTS9-AS2,3.44E-18,-0.70787309,0.566,0.489,9.63E-14,,,
POLR2A,3.59E-18,-0.396588694,0.151,0.111,1.01E-13,,,
PAPSS2,3.60E-18,-0.799497261,0.233,0.254,1.01E-13,,,
DNAJB12,3.62E-18,-0.376656457,0.106,0.075,1.01E-13,,,
C16orf74,3.69E-18,-0.154203863,0.033,0.019,1.03E-13,,,
AC004943.2,3.71E-18,-0.22438701,0.08,0.055,1.04E-13,,,
RCC2,3.73E-18,-0.152282027,0.069,0.046,1.05E-13,,,
AC096733.1,3.78E-18,0.242192633,0.013,0.005,1.06E-13,,,
DBNL,3.88E-18,-0.314980621,0.114,0.082,1.09E-13,,,
CCND1,3.89E-18,-2.068573987,0.009,0.024,1.09E-13,,,
AL136366.1,3.97E-18,-0.342269952,0.056,0.035,1.11E-13,,,
CIR1,3.99E-18,-0.441356252,0.228,0.171,1.12E-13,,,
FAM135A,4.01E-18,-1.074838011,0.191,0.211,1.12E-13,,,
PTPN20,4.02E-18,0.445424546,0.013,0.005,1.13E-13,,,
AC018557.1,4.02E-18,-0.205471485,0.049,0.03,1.13E-13,,,
AC010504.1,4.09E-18,-0.162736834,0.027,0.014,1.15E-13,,,
C6orf203,4.12E-18,-0.241132094,0.065,0.043,1.15E-13,,,
PRPF40B,4.14E-18,-0.418364177,0.19,0.141,1.16E-13,,,
CUL5,4.22E-18,-0.336983451,0.405,0.302,1.18E-13,,,
WDR5,4.34E-18,-0.345392851,0.099,0.069,1.22E-13,,,
PKP4-AS1,4.52E-18,-1.63985417,0.028,0.049,1.27E-13,,,
NPTN,4.69E-18,-1.142156469,0.179,0.2,1.31E-13,,,
AL033379.1,4.78E-18,-4.79749564,0.001,0.01,1.34E-13,,,
ZSCAN32,4.79E-18,-0.160612551,0.052,0.032,1.34E-13,,,
SGCD,4.79E-18,-0.685680473,0.272,0.199,1.34E-13,,,
KIAA0930,4.79E-18,-1.595335864,0.029,0.049,1.34E-13,,,
SRP68,4.80E-18,-0.347511841,0.071,0.047,1.34E-13,,,
MTERF3,4.80E-18,-0.230138406,0.067,0.044,1.34E-13,,,
UPRT,4.80E-18,-0.233382461,0.065,0.043,1.34E-13,,,
ZDHHC9,4.89E-18,-0.247377336,0.049,0.03,1.37E-13,,,
NDUFS7,4.90E-18,-0.281418842,0.062,0.04,1.37E-13,,,
LY9,4.93E-18,-3.927822365,0.003,0.015,1.38E-13,,,
UCN,4.97E-18,0.515742604,0.013,0.005,1.39E-13,,,
HSPD1,5.01E-18,-0.43209696,0.166,0.123,1.41E-13,,,
EIF4H,5.02E-18,-0.357634902,0.099,0.069,1.41E-13,,,
EXTL2,5.16E-18,-0.303411662,0.098,0.069,1.45E-13,,,
AC090907.2,5.19E-18,-1.990788838,0.011,0.026,1.46E-13,,,
SIPA1,5.21E-18,-2.224035857,0.01,0.025,1.46E-13,,,
LRRTM2,5.41E-18,0.250487332,0.017,0.008,1.52E-13,,,
GMIP,5.55E-18,-2.132852502,0.007,0.021,1.55E-13,,,
LINC01004,5.66E-18,-0.384772076,0.379,0.283,1.59E-13,,,
BTBD3,5.66E-18,-1.422564761,0.057,0.081,1.59E-13,,,
GDF6,5.83E-18,-3.428298955,0.002,0.012,1.63E-13,,,
TUBA1C,5.99E-18,-1.354950201,0.078,0.104,1.68E-13,,,
CPOX,6.07E-18,-0.245429806,0.059,0.038,1.70E-13,,,
TXNDC9,6.09E-18,-0.254770912,0.08,0.055,1.71E-13,,,
DLL4,6.10E-18,-3.971861346,0.002,0.012,1.71E-13,,,
SLC25A5-AS1,6.11E-18,0.671904473,0.011,0.004,1.71E-13,,,
TCF4-AS2,6.17E-18,-2.773399769,0.006,0.019,1.73E-13,,,
SIMC1,6.21E-18,-1.147144138,0.116,0.143,1.74E-13,,,
KIAA2012,6.27E-18,-1.880334288,0.02,0.038,1.76E-13,,,
PERP,6.52E-18,-1.453869764,0.032,0.053,1.83E-13,,,
AC104532.1,6.52E-18,0.6708402,0.01,0.003,1.83E-13,,,
RBP5,6.66E-18,-2.226300063,0.012,0.027,1.87E-13,,,
JUP,6.68E-18,-1.434938059,0.04,0.063,1.87E-13,,,
ZNF396,6.70E-18,0.2068131,0.018,0.008,1.88E-13,,,
UPF1,6.72E-18,-0.340506166,0.08,0.055,1.88E-13,,,
RPS27A,6.79E-18,-1.239548259,0.137,0.163,1.90E-13,,,
AP006284.1,6.88E-18,-5.069727534,0.001,0.01,1.93E-13,,,
ZNF776,7.03E-18,-0.112256347,0.036,0.021,1.97E-13,,,
LINC02447,7.06E-18,0.180842488,0.022,0.011,1.98E-13,,,
AC060234.3,7.07E-18,-4.812812848,0.001,0.011,1.98E-13,,,
WASF1,7.09E-18,-1.285119292,0.09,0.116,1.99E-13,,,
AC114316.2,7.14E-18,-2.149857875,0.013,0.029,2.00E-13,,,
FBXO2,7.25E-18,-2.276988471,0.004,0.016,2.03E-13,,,
PIAS1,7.29E-18,-0.700372452,0.496,0.437,2.04E-13,,,
ZNF618,7.50E-18,-0.426307637,0.196,0.146,2.10E-13,,,
ZNF831,7.57E-18,-2.995454755,0.008,0.022,2.12E-13,,,
CDH2,7.72E-18,-2.554060213,0.003,0.015,2.16E-13,,,
MSX1,7.77E-18,0.259165912,0.015,0.006,2.18E-13,,,
VGLL4,7.82E-18,-0.768303483,0.366,0.353,2.19E-13,,,
NOD1,7.86E-18,-1.281724811,0.124,0.149,2.20E-13,,,
RPIA,8.02E-18,-0.248091492,0.069,0.046,2.25E-13,,,
PAN3-AS1,8.02E-18,0.213913524,0.02,0.009,2.25E-13,,,
CCDC150,8.19E-18,0.118968801,0.022,0.011,2.30E-13,,,
TMEM200B,8.28E-18,0.178114322,0.023,0.011,2.32E-13,,,
PGLYRP1,8.30E-18,0.379165868,0.017,0.008,2.33E-13,,,
RAB17,8.31E-18,-3.36604691,0.002,0.012,2.33E-13,,,
SPTY2D1,8.36E-18,-0.261872616,0.072,0.049,2.34E-13,,,
MNS1,8.48E-18,-0.28694103,0.082,0.056,2.38E-13,,,
NHS-AS1,8.59E-18,0.396254973,0.014,0.006,2.41E-13,,,
ITM2A,8.68E-18,-1.730748242,0.026,0.046,2.43E-13,,,
AC092794.1,8.76E-18,0.472767098,0.015,0.006,2.46E-13,,,
ASB8,9.22E-18,-0.234907833,0.084,0.058,2.59E-13,,,
AL161457.2,9.26E-18,-2.903710109,0.008,0.022,2.59E-13,,,
AC074033.2,9.36E-18,-3.84938262,0.002,0.013,2.62E-13,,,
ZNF789,9.40E-18,-0.458508011,0.162,0.12,2.64E-13,,,
SH3RF1,9.41E-18,-0.313562244,0.347,0.265,2.64E-13,,,
AL451165.2,9.43E-18,0.431909253,0.016,0.007,2.64E-13,,,
C1D,9.50E-18,-0.38003919,0.105,0.075,2.66E-13,,,
FAM214B,1.04E-17,0.176013831,0.039,0.023,2.91E-13,,,
RAB27B,1.04E-17,-2.568061179,0.007,0.021,2.91E-13,,,
SLCO2A1,1.04E-17,-3.443726195,0.006,0.018,2.91E-13,,,
SYPL1,1.04E-17,-0.423254543,0.156,0.115,2.92E-13,,,
CUTA,1.05E-17,-1.310965761,0.051,0.075,2.93E-13,,,
EMID1,1.06E-17,-2.954009344,0.006,0.018,2.98E-13,,,
SLC16A13,1.10E-17,-3.306699519,0.003,0.014,3.10E-13,,,
TMEM256,1.11E-17,-0.111217681,0.031,0.017,3.11E-13,,,
MPHOSPH10,1.12E-17,-0.379884566,0.122,0.088,3.13E-13,,,
FBXO18,1.12E-17,-0.459037781,0.172,0.127,3.13E-13,,,
ATAT1,1.14E-17,-0.22238381,0.049,0.031,3.19E-13,,,
SFRP2,1.15E-17,-1.538848751,0.09,0.115,3.22E-13,,,
FPGT-TNNI3K,1.20E-17,0.20549502,0.02,0.009,3.36E-13,,,
SLC44A2,1.20E-17,-0.444070183,0.12,0.086,3.37E-13,,,
SNX1,1.22E-17,-0.441228985,0.295,0.221,3.42E-13,,,
PTCHD4,1.23E-17,-2.125783875,0.026,0.045,3.45E-13,,,
AL024498.1,1.24E-17,0.104605695,0.019,0.009,3.49E-13,,,
AC016773.1,1.24E-17,0.325980013,0.018,0.008,3.49E-13,,,
AC005154.6,1.25E-17,-0.161088331,0.041,0.025,3.51E-13,,,
ATG5,1.26E-17,-0.480834006,0.256,0.192,3.54E-13,,,
AC108863.1,1.27E-17,-1.946156566,0.02,0.038,3.57E-13,,,
TMEM38B,1.27E-17,-0.16031411,0.039,0.023,3.57E-13,,,
PPIE,1.29E-17,-0.169135408,0.067,0.045,3.61E-13,,,
AK1,1.30E-17,0.229861692,0.018,0.008,3.64E-13,,,
PIGK,1.30E-17,-0.468076189,0.105,0.075,3.65E-13,,,
TNFRSF10A,1.32E-17,-2.656285292,0.006,0.019,3.71E-13,,,
RPL35A,1.34E-17,-1.125307728,0.22,0.237,3.75E-13,,,
TRAPPC6A,1.35E-17,-0.207683033,0.055,0.035,3.77E-13,,,
GNB1L,1.38E-17,-2.155571592,0.013,0.028,3.87E-13,,,
MZF1,1.41E-17,-0.36020946,0.166,0.123,3.95E-13,,,
ZBTB2,1.44E-17,-0.125485544,0.037,0.021,4.02E-13,,,
ZNF383,1.44E-17,-0.363618819,0.077,0.052,4.03E-13,,,
AC004076.1,1.44E-17,-0.274572523,0.068,0.045,4.05E-13,,,
CNOT9,1.46E-17,-0.325933676,0.102,0.073,4.08E-13,,,
WNT6,1.48E-17,-3.242072633,0.003,0.013,4.15E-13,,,
AC017101.1,1.49E-17,-0.432858264,0.141,0.103,4.19E-13,,,
RBM11,1.50E-17,-3.781923478,0.001,0.01,4.21E-13,,,
ETV6,1.60E-17,-1.2059217,0.243,0.251,4.48E-13,,,
AC068473.5,1.70E-17,0.412123341,0.016,0.007,4.78E-13,,,
ADAMTSL1,1.74E-17,-1.968476002,0.093,0.118,4.88E-13,,,
CHTF8,1.76E-17,-0.275474914,0.075,0.051,4.92E-13,,,
LINC00861,1.76E-17,-3.571054904,0.005,0.017,4.92E-13,,,
ARMCX2,1.76E-17,-1.84470277,0.014,0.029,4.93E-13,,,
AC005064.1,1.78E-17,-4.12735616,0.003,0.015,4.98E-13,,,
TIMD4,1.80E-17,-2.018908127,0.016,0.033,5.04E-13,,,
AC008083.3,1.82E-17,0.210691106,0.017,0.008,5.09E-13,,,
GEN1,1.85E-17,-0.212582297,0.061,0.039,5.17E-13,,,
APOBEC2,1.89E-17,-0.107334891,0.034,0.019,5.29E-13,,,
JAM2,1.89E-17,-1.425343462,0.082,0.108,5.30E-13,,,
CBY1,1.94E-17,-0.28781982,0.072,0.049,5.44E-13,,,
AC012485.1,1.97E-17,-0.16440862,0.031,0.017,5.52E-13,,,
AL121839.2,1.99E-17,-2.216549547,0.009,0.023,5.58E-13,,,
SUSD3,2.00E-17,-2.61779065,0.005,0.017,5.61E-13,,,
UCKL1-AS1,2.01E-17,0.176877138,0.015,0.007,5.64E-13,,,
FARSB,2.01E-17,-0.427781293,0.151,0.111,5.64E-13,,,
ZNF366,2.07E-17,-3.052689952,0.005,0.017,5.81E-13,,,
CADM2,2.14E-17,-1.927425995,0.067,0.044,5.99E-13,,,
AL031686.1,2.14E-17,0.166561974,0.023,0.012,5.99E-13,,,
RAB33B,2.21E-17,-0.259827142,0.044,0.027,6.18E-13,,,
UVSSA,2.21E-17,-0.466329041,0.143,0.104,6.19E-13,,,
RAET1E,2.24E-17,-1.202208564,0.036,0.057,6.28E-13,,,
CCDC30,2.30E-17,-1.103612043,0.128,0.154,6.46E-13,,,
C4orf32,2.33E-17,-0.652362261,0.13,0.094,6.52E-13,,,
MRGPRF-AS1,2.34E-17,0.11298852,0.017,0.007,6.56E-13,,,
ZNF324,2.35E-17,-0.167180261,0.06,0.039,6.58E-13,,,
MBD5,2.38E-17,-0.124628167,0.72,0.548,6.67E-13,,,
PITRM1,2.44E-17,-0.362918549,0.09,0.062,6.83E-13,,,
ANKRD17,2.44E-17,-0.141831213,0.652,0.493,6.84E-13,,,
VANGL2,2.48E-17,-3.997002394,0.001,0.01,6.96E-13,,,
SLC31A2,2.51E-17,-0.276118643,0.064,0.043,7.03E-13,,,
AC008438.1,2.54E-17,-0.10257148,0.049,0.031,7.12E-13,,,
METTL12,2.58E-17,-0.242018181,0.069,0.046,7.22E-13,,,
AC024619.3,2.59E-17,-1.85089379,0.018,0.035,7.26E-13,,,
GNPDA2,2.62E-17,-0.358391581,0.132,0.097,7.34E-13,,,
PLEKHG4B,2.63E-17,-3.249299609,0.002,0.013,7.36E-13,,,
AL731577.1,2.65E-17,0.430723854,0.012,0.004,7.44E-13,,,
IFT172,2.73E-17,-0.418912847,0.174,0.129,7.66E-13,,,
RSRC2,2.79E-17,-0.401280403,0.306,0.231,7.82E-13,,,
PSMD6-AS1,2.80E-17,-0.150630973,0.042,0.025,7.83E-13,,,
AC009097.1,2.82E-17,-1.797192451,0.024,0.043,7.91E-13,,,
LINC02296,2.83E-17,-2.360079285,0.006,0.018,7.93E-13,,,
MGA,2.92E-17,-0.433135711,0.263,0.199,8.17E-13,,,
AC079807.2,3.00E-17,0.282160817,0.02,0.009,8.41E-13,,,
DIRC2,3.09E-17,-0.523554071,0.2,0.149,8.66E-13,,,
PRR25,3.14E-17,0.127520791,0.026,0.013,8.80E-13,,,
GALNT12,3.15E-17,-2.567998346,0.007,0.02,8.83E-13,,,
PDSS2,3.16E-17,-0.338797769,0.394,0.297,8.86E-13,,,
AC116535.2,3.18E-17,-0.237162958,0.065,0.043,8.91E-13,,,
CMIP,3.20E-17,-1.136118469,0.228,0.241,8.96E-13,,,
MYO3A,3.22E-17,-2.839116322,0.005,0.017,9.01E-13,,,
GNA15,3.29E-17,-2.9197969,0.004,0.015,9.22E-13,,,
RBL1,3.31E-17,-0.401799791,0.107,0.077,9.28E-13,,,
CSNK1D,3.40E-17,-0.413653142,0.156,0.115,9.53E-13,,,
OCIAD2,3.43E-17,-1.708893507,0.014,0.03,9.60E-13,,,
CD2,3.48E-17,-2.698893443,0.011,0.026,9.75E-13,,,
CRACR2A,3.56E-17,-2.115096725,0.015,0.031,9.99E-13,,,
STX10,3.67E-17,-0.182429707,0.047,0.029,1.03E-12,,,
SMOC1,3.68E-17,0.433405149,0.015,0.006,1.03E-12,,,
HNRNPUL1,3.70E-17,-0.377687564,0.14,0.103,1.04E-12,,,
LINC00989,3.71E-17,-3.586463054,0.004,0.015,1.04E-12,,,
LINC00843,3.73E-17,0.113982977,0.023,0.012,1.04E-12,,,
GLIS2,3.74E-17,-2.227717037,0.012,0.027,1.05E-12,,,
BCLAF1,3.76E-17,-0.428673105,0.28,0.211,1.05E-12,,,
AC009506.1,3.79E-17,0.304846072,0.014,0.006,1.06E-12,,,
ATIC,3.86E-17,-0.26567698,0.077,0.053,1.08E-12,,,
TROVE2,3.93E-17,-0.441733927,0.21,0.158,1.10E-12,,,
AC015982.1,3.95E-17,0.407228245,0.018,0.008,1.11E-12,,,
SCN8A,4.04E-17,-2.063362921,0.01,0.025,1.13E-12,,,
KIF13B,4.06E-17,-1.243522155,0.15,0.172,1.14E-12,,,
AL031846.2,4.21E-17,-0.358570951,0.084,0.058,1.18E-12,,,
ECI2,4.23E-17,-0.379041503,0.132,0.097,1.19E-12,,,
AC079380.1,4.32E-17,-2.19878383,0.009,0.023,1.21E-12,,,
C1orf35,4.34E-17,-0.199626319,0.075,0.051,1.22E-12,,,
TOMM40,4.35E-17,-0.151532055,0.046,0.028,1.22E-12,,,
DDB2,4.39E-17,-1.301857207,0.082,0.108,1.23E-12,,,
BRWD1,4.42E-17,-0.271107037,0.487,0.364,1.24E-12,,,
LINCR-0001,4.42E-17,0.362824704,0.016,0.007,1.24E-12,,,
SLAMF6,4.55E-17,-3.483712486,0.005,0.017,1.28E-12,,,
IGSF21,4.62E-17,-3.351478189,0.005,0.017,1.29E-12,,,
JAK3,4.65E-17,-3.212231166,0.003,0.013,1.30E-12,,,
FLG2,4.91E-17,0.462248626,0.014,0.006,1.38E-12,,,
WEE2,4.92E-17,0.102249096,0.023,0.011,1.38E-12,,,
SHF,5.09E-17,-0.200943203,0.062,0.041,1.43E-12,,,
C8orf33,5.13E-17,-0.31419917,0.095,0.067,1.44E-12,,,
ASPN,5.17E-17,-1.376265184,0.092,0.117,1.45E-12,,,
FBXO30,5.21E-17,-0.227251569,0.043,0.026,1.46E-12,,,
LILRB1,5.23E-17,-2.384149423,0.005,0.017,1.47E-12,,,
TEAD3,5.31E-17,-0.284322831,0.078,0.053,1.49E-12,,,
PDPR,5.34E-17,-0.467946401,0.115,0.083,1.50E-12,,,
RPL7L1,5.39E-17,-0.30578597,0.092,0.064,1.51E-12,,,
SERGEF,5.40E-17,-1.190370988,0.11,0.136,1.51E-12,,,
RAB20,5.44E-17,-0.431780719,0.062,0.041,1.52E-12,,,
CD300A,5.46E-17,-2.518105388,0.006,0.019,1.53E-12,,,
GRK2,5.49E-17,-1.782913236,0.027,0.047,1.54E-12,,,
CNOT6L,5.49E-17,-1.240688293,0.155,0.177,1.54E-12,,,
SOCS2-AS1,5.52E-17,-2.443863509,0.009,0.022,1.55E-12,,,
RRNAD1,5.57E-17,-0.207132428,0.067,0.045,1.56E-12,,,
IGFL2-AS1,5.62E-17,-4.097547631,0.001,0.01,1.57E-12,,,
TNFRSF12A,5.64E-17,-2.364594556,0.007,0.02,1.58E-12,,,
RSPH3,5.64E-17,-1.208022059,0.091,0.116,1.58E-12,,,
HERC5,5.70E-17,-1.692277738,0.028,0.048,1.60E-12,,,
H2AFY,5.74E-17,-0.495833292,0.232,0.174,1.61E-12,,,
ACTN2,5.76E-17,-2.317771049,0.007,0.02,1.61E-12,,,
ANKRD7,5.79E-17,0.356711239,0.018,0.008,1.62E-12,,,
LONRF2,5.80E-17,-0.514863578,0.09,0.063,1.63E-12,,,
SVBP,5.80E-17,-0.116030158,0.033,0.019,1.63E-12,,,
BLZF1,5.90E-17,-0.47443937,0.17,0.126,1.65E-12,,,
EFNB3,5.94E-17,-2.160581602,0.003,0.013,1.66E-12,,,
XPA,6.03E-17,-0.375821153,0.265,0.201,1.69E-12,,,
PGAP2,6.03E-17,-0.294097535,0.064,0.042,1.69E-12,,,
ZBTB10,6.03E-17,-0.336576703,0.085,0.059,1.69E-12,,,
AC005532.1,6.10E-17,0.313372709,0.017,0.008,1.71E-12,,,
MPG,6.30E-17,-0.406568048,0.107,0.077,1.76E-12,,,
ATP5J2,6.30E-17,-0.425016501,0.076,0.052,1.76E-12,,,
TPH1,6.30E-17,0.404046625,0.011,0.004,1.77E-12,,,
PHF21B,6.33E-17,-2.57869687,0.006,0.018,1.77E-12,,,
STARD5,6.49E-17,-2.168269664,0.01,0.025,1.82E-12,,,
UBE4A,6.49E-17,-0.342979637,0.178,0.134,1.82E-12,,,
TSPAN7,6.54E-17,-2.172581392,0.009,0.022,1.83E-12,,,
SLC4A1AP,6.62E-17,-0.375014801,0.089,0.062,1.86E-12,,,
PPIP5K2,6.65E-17,-0.927138888,0.265,0.272,1.87E-12,,,
KCNMB1,6.76E-17,-4.279080329,0.002,0.012,1.89E-12,,,
MEGF8,6.84E-17,-0.19266657,0.06,0.039,1.92E-12,,,
CHURC1,7.10E-17,-0.404825014,0.143,0.105,1.99E-12,,,
FP700111.1,7.24E-17,-2.730784698,0.005,0.016,2.03E-12,,,
ARL11,7.25E-17,-3.161652886,0.002,0.013,2.03E-12,,,
ZNF778,7.33E-17,-0.134715494,0.04,0.024,2.06E-12,,,
AP001107.1,7.35E-17,-0.131923121,0.032,0.018,2.06E-12,,,
PAPSS1,7.40E-17,-1.065669957,0.113,0.14,2.07E-12,,,
ADD3-AS1,7.41E-17,-2.075554276,0.016,0.032,2.08E-12,,,
CDK11B,7.67E-17,-0.387383827,0.091,0.064,2.15E-12,,,
AL589990.1,7.70E-17,-2.000765242,0.01,0.025,2.16E-12,,,
RPL3,7.72E-17,-1.390423331,0.055,0.078,2.16E-12,,,
HSPA1A,7.73E-17,-1.453008867,0.039,0.061,2.17E-12,,,
MRPS9,7.76E-17,-0.328727648,0.135,0.099,2.17E-12,,,
AC087284.1,7.78E-17,-2.791248129,0.004,0.015,2.18E-12,,,
BTBD7,7.80E-17,-0.431339842,0.319,0.24,2.19E-12,,,
C9orf153,7.93E-17,-0.133014918,0.045,0.028,2.22E-12,,,
AC008758.4,8.13E-17,0.226614175,0.018,0.008,2.28E-12,,,
AL031587.2,8.30E-17,-0.178362198,0.074,0.05,2.33E-12,,,
CASP1,8.31E-17,-1.828248168,0.011,0.025,2.33E-12,,,
KANSL2,8.31E-17,-0.377226533,0.092,0.065,2.33E-12,,,
SLC9A1,8.35E-17,-0.167102861,0.049,0.031,2.34E-12,,,
AC079793.1,8.37E-17,-3.005227065,0.01,0.024,2.35E-12,,,
PIAS4,8.44E-17,-0.181303138,0.039,0.023,2.37E-12,,,
IGF2,8.47E-17,-1.883294898,0.025,0.044,2.37E-12,,,
AC009065.2,8.49E-17,0.205905434,0.019,0.009,2.38E-12,,,
PYROXD2,8.58E-17,-0.397849018,0.097,0.069,2.40E-12,,,
AC002558.2,8.65E-17,0.197130577,0.019,0.009,2.42E-12,,,
NPFFR1,8.73E-17,-2.229493188,0.003,0.014,2.45E-12,,,
MAGI1,8.80E-17,-0.728828625,0.502,0.364,2.47E-12,,,
EIF4E2,8.90E-17,-0.395025027,0.116,0.084,2.49E-12,,,
MND1,8.95E-17,0.614632176,0.011,0.004,2.51E-12,,,
RIMS2,8.97E-17,-2.032795897,0.026,0.045,2.51E-12,,,
CALM3,9.36E-17,-1.534989703,0.025,0.044,2.62E-12,,,
ELOVL7,9.44E-17,-2.327124475,0.008,0.022,2.65E-12,,,
VSIG2,9.53E-17,-2.702860234,0.005,0.016,2.67E-12,,,
PALLD,9.69E-17,-0.429109722,0.302,0.229,2.71E-12,,,
RBM18,9.83E-17,-0.151840323,0.058,0.038,2.75E-12,,,
IQUB,1.01E-16,-2.234030013,0.009,0.023,2.82E-12,,,
EXD3,1.01E-16,-0.452422911,0.133,0.097,2.83E-12,,,
ELF2,1.01E-16,-0.667683392,0.509,0.451,2.84E-12,,,
OSBP,1.02E-16,-0.424023447,0.125,0.091,2.85E-12,,,
EPHA3,1.02E-16,-2.840410738,0.009,0.022,2.87E-12,,,
AC107871.2,1.03E-16,0.726641077,0.011,0.004,2.88E-12,,,
E2F4,1.03E-16,-0.238629599,0.05,0.032,2.88E-12,,,
DHX34,1.03E-16,-0.364855141,0.085,0.059,2.89E-12,,,
ZNF480,1.04E-16,-0.29708858,0.083,0.058,2.90E-12,,,
VPS37B,1.05E-16,-1.472981414,0.047,0.07,2.95E-12,,,
MYDGF,1.05E-16,-1.374360271,0.072,0.096,2.95E-12,,,
DM1-AS,1.06E-16,0.521835405,0.013,0.005,2.97E-12,,,
AC011444.1,1.06E-16,-1.839473415,0.018,0.035,2.98E-12,,,
APOPT1,1.07E-16,-0.128930705,0.041,0.025,3.00E-12,,,
NDRG4,1.08E-16,0.146509427,0.021,0.011,3.02E-12,,,
PPP1R35,1.08E-16,-0.298426892,0.073,0.05,3.03E-12,,,
AC025265.1,1.09E-16,0.45070253,0.014,0.006,3.06E-12,,,
UBAC2,1.10E-16,-0.443418168,0.346,0.259,3.08E-12,,,
MED30,1.11E-16,-0.314291407,0.073,0.05,3.11E-12,,,
PSD3,1.11E-16,-0.530338731,0.256,0.192,3.12E-12,,,
CDYL2,1.12E-16,-0.359101229,0.053,0.034,3.13E-12,,,
NXPE3,1.12E-16,-1.963181444,0.018,0.034,3.14E-12,,,
CAPNS1,1.12E-16,-1.35825557,0.043,0.066,3.15E-12,,,
RPL7A,1.13E-16,-1.232668212,0.12,0.145,3.18E-12,,,
ZFAND1,1.16E-16,-0.391895198,0.114,0.083,3.24E-12,,,
MRPL22,1.17E-16,-0.275549447,0.073,0.049,3.28E-12,,,
PRRC2A,1.18E-16,-0.336600855,0.081,0.056,3.31E-12,,,
IKZF2,1.20E-16,-0.498886419,0.169,0.126,3.35E-12,,,
AC005899.4,1.20E-16,-0.173558777,0.037,0.022,3.36E-12,,,
ME2,1.21E-16,-1.374117982,0.098,0.123,3.38E-12,,,
AC092802.2,1.23E-16,-0.140083472,0.041,0.025,3.44E-12,,,
RASA2,1.23E-16,-1.018412168,0.275,0.277,3.45E-12,,,
ZFYVE21,1.24E-16,-0.413344944,0.096,0.068,3.46E-12,,,
AC024603.1,1.26E-16,0.474831398,0.014,0.006,3.54E-12,,,
BAHCC1,1.30E-16,-0.366720298,0.065,0.043,3.64E-12,,,
SASS6,1.33E-16,-0.201662172,0.053,0.034,3.74E-12,,,
PCDHGA12,1.34E-16,-2.695403408,0.004,0.015,3.75E-12,,,
AL499616.1,1.34E-16,-0.634247864,0.04,0.024,3.76E-12,,,
AC026979.2,1.35E-16,0.712761986,0.01,0.003,3.78E-12,,,
UTP14A,1.36E-16,-0.128250219,0.056,0.037,3.80E-12,,,
HHEX,1.36E-16,-2.773951113,0.003,0.013,3.82E-12,,,
MKRN3,1.36E-16,0.233038875,0.011,0.004,3.82E-12,,,
IGSF11,1.37E-16,-1.638493716,0.031,0.051,3.83E-12,,,
NPHP3,1.39E-16,-0.425470978,0.163,0.121,3.90E-12,,,
IRF1,1.40E-16,-1.470525179,0.055,0.078,3.93E-12,,,
RPL36,1.41E-16,-1.116866956,0.182,0.203,3.95E-12,,,
PSTK,1.41E-16,-0.339447347,0.077,0.053,3.96E-12,,,
ESAM,1.48E-16,-2.149601261,0.009,0.022,4.14E-12,,,
SUPT5H,1.49E-16,-0.352558469,0.154,0.115,4.16E-12,,,
DNTTIP2,1.49E-16,-0.364247215,0.068,0.045,4.17E-12,,,
DYNC1I1,1.50E-16,-1.57222801,0.063,0.086,4.21E-12,,,
SAP30BP,1.50E-16,-0.378120865,0.139,0.102,4.21E-12,,,
KATNBL1,1.51E-16,-0.379961318,0.386,0.288,4.25E-12,,,
DDX18,1.52E-16,-0.418451974,0.232,0.176,4.26E-12,,,
RYK,1.61E-16,-0.390342742,0.341,0.258,4.51E-12,,,
TOX,1.62E-16,-2.645924784,0.023,0.041,4.54E-12,,,
AC009283.1,1.64E-16,0.135790145,0.013,0.005,4.60E-12,,,
CHORDC1,1.64E-16,-0.385620956,0.119,0.086,4.60E-12,,,
AP002748.3,1.68E-16,0.199789902,0.021,0.01,4.70E-12,,,
PDS5A,1.69E-16,-0.265110666,0.501,0.376,4.73E-12,,,
INVS,1.69E-16,-0.331008379,0.432,0.324,4.74E-12,,,
AC068189.2,1.71E-16,0.727234077,0.01,0.004,4.81E-12,,,
EPRS,1.72E-16,-0.374626105,0.149,0.111,4.82E-12,,,
ARID5A,1.73E-16,-1.958528052,0.009,0.023,4.85E-12,,,
AC048382.2,1.74E-16,0.200822155,0.015,0.006,4.87E-12,,,
ZNF777,1.74E-16,-0.140605142,0.041,0.025,4.87E-12,,,
EDRF1-AS1,1.75E-16,-0.111809727,0.028,0.015,4.90E-12,,,
ABHD8,1.76E-16,-1.670182111,0.034,0.054,4.92E-12,,,
ATP2A1,1.81E-16,0.278946023,0.022,0.011,5.07E-12,,,
AC109361.1,1.85E-16,-0.228554474,0.029,0.016,5.18E-12,,,
MAP2K7,1.86E-16,-0.286983589,0.08,0.055,5.21E-12,,,
PIGU,1.88E-16,-0.455181452,0.112,0.081,5.28E-12,,,
MLPH,1.89E-16,-3.35825232,0.003,0.013,5.29E-12,,,
ZNF414,1.90E-16,-0.169582227,0.034,0.02,5.34E-12,,,
FBXO3,1.91E-16,-0.484924559,0.144,0.106,5.36E-12,,,
TMEM79,1.92E-16,-0.17482162,0.036,0.021,5.37E-12,,,
SSR4,1.96E-16,-1.290606942,0.096,0.121,5.49E-12,,,
CLHC1,1.96E-16,-0.283465926,0.123,0.09,5.51E-12,,,
CAMK4,2.00E-16,-2.795811198,0.013,0.028,5.60E-12,,,
ZNF532,2.04E-16,-0.362646857,0.235,0.179,5.72E-12,,,
ARPC1B,2.04E-16,-1.67446293,0.019,0.036,5.72E-12,,,
LINC01091,2.05E-16,-1.638064308,0.038,0.059,5.76E-12,,,
PRTFDC1,2.08E-16,-1.840167938,0.025,0.043,5.82E-12,,,
MED19,2.08E-16,-0.281079675,0.051,0.033,5.84E-12,,,
MASP1,2.08E-16,-3.842740499,0.002,0.012,5.84E-12,,,
PGGT1B,2.09E-16,-0.428435212,0.152,0.113,5.87E-12,,,
SYNPO2L,2.10E-16,-2.151915516,0.01,0.023,5.88E-12,,,
PDCD6,2.11E-16,-0.4535047,0.129,0.095,5.92E-12,,,
C16orf71,2.13E-16,0.147717155,0.018,0.009,5.96E-12,,,
SIPA1L3,2.14E-16,-1.120582011,0.193,0.211,6.00E-12,,,
ZNF267,2.14E-16,-1.527155679,0.032,0.052,6.00E-12,,,
TP53INP2,2.20E-16,0.142630916,0.025,0.013,6.17E-12,,,
AC010609.1,2.26E-16,-4.471569589,0.002,0.012,6.32E-12,,,
AC002070.1,2.28E-16,-2.653638872,0.013,0.027,6.40E-12,,,
CCDC85B,2.30E-16,-1.449375595,0.03,0.05,6.44E-12,,,
AC034102.3,2.32E-16,0.270241659,0.013,0.005,6.50E-12,,,
ZNF37A,2.35E-16,-0.327993341,0.126,0.092,6.59E-12,,,
KMT2D,2.38E-16,-0.418255014,0.116,0.085,6.67E-12,,,
HYAL2,2.42E-16,-1.689765561,0.026,0.045,6.78E-12,,,
YPEL1,2.43E-16,-0.381815934,0.095,0.067,6.80E-12,,,
AC025048.4,2.44E-16,0.168213934,0.017,0.008,6.84E-12,,,
TRNT1,2.48E-16,-0.389515224,0.185,0.139,6.96E-12,,,
AL512343.2,2.52E-16,0.473473006,0.013,0.005,7.05E-12,,,
CDK5RAP2,2.52E-16,-1.051711606,0.215,0.23,7.07E-12,,,
STXBP2,2.54E-16,-1.921969236,0.004,0.014,7.11E-12,,,
TRAF6,2.59E-16,-0.362452029,0.083,0.058,7.27E-12,,,
TOR1AIP2,2.61E-16,-1.012582825,0.232,0.243,7.30E-12,,,
C2orf74,2.61E-16,0.218441179,0.017,0.008,7.33E-12,,,
SLC11A2,2.62E-16,-1.239743615,0.099,0.124,7.33E-12,,,
AC099329.3,2.64E-16,0.121894387,0.021,0.011,7.39E-12,,,
LINC00535,2.64E-16,0.100807189,0.025,0.013,7.41E-12,,,
NDUFA6,2.66E-16,-0.192667261,0.058,0.038,7.45E-12,,,
PTPRH,2.72E-16,-3.406659308,0.002,0.012,7.63E-12,,,
ARPC2,2.72E-16,-1.071384397,0.225,0.236,7.63E-12,,,
NDUFA6-AS1,2.75E-16,-0.16556843,0.067,0.045,7.69E-12,,,
UBAP1L,2.79E-16,-0.308575168,0.089,0.063,7.81E-12,,,
HIP1R,2.79E-16,-2.583766978,0.007,0.019,7.82E-12,,,
NFE2L1,2.82E-16,-0.368756178,0.149,0.111,7.89E-12,,,
KLHL23,2.82E-16,-0.481414174,0.124,0.09,7.91E-12,,,
WDR59,2.89E-16,-0.413269898,0.228,0.173,8.11E-12,,,
PIGBOS1,2.97E-16,-0.151036013,0.041,0.025,8.31E-12,,,
LINC00475,3.02E-16,-2.931281644,0.002,0.012,8.47E-12,,,
XPR1,3.06E-16,-1.058684095,0.187,0.206,8.57E-12,,,
TRIL,3.06E-16,-2.498640334,0.004,0.016,8.58E-12,,,
SFXN3,3.07E-16,-1.462614321,0.03,0.05,8.61E-12,,,
HDAC3,3.09E-16,-0.388139516,0.11,0.08,8.65E-12,,,
TRIM46,3.14E-16,-3.608083072,0.001,0.011,8.80E-12,,,
PRCD,3.15E-16,-0.101746042,0.029,0.016,8.84E-12,,,
HELLS,3.17E-16,-1.632048856,0.024,0.042,8.89E-12,,,
AHCYL2,3.20E-16,-0.418264125,0.301,0.229,8.97E-12,,,
RPS2,3.28E-16,-1.296063848,0.085,0.11,9.18E-12,,,
OPA3,3.31E-16,-0.315254517,0.078,0.054,9.27E-12,,,
ITK,3.32E-16,-3.086397128,0.01,0.023,9.29E-12,,,
FNDC1,3.41E-16,-3.684771718,0.002,0.011,9.55E-12,,,
FBXO25,3.44E-16,-0.386394742,0.147,0.11,9.63E-12,,,
APOO,3.47E-16,-0.267100818,0.056,0.037,9.72E-12,,,
BNIPL,3.48E-16,0.518168076,0.012,0.004,9.76E-12,,,
ANKZF1,3.51E-16,-0.308132057,0.069,0.047,9.83E-12,,,
SLC35F5,3.53E-16,-0.96031223,0.248,0.257,9.88E-12,,,
RNF122,3.55E-16,-3.035899437,0.004,0.015,9.96E-12,,,
NDUFA12,3.59E-16,-0.43334343,0.099,0.071,1.00E-11,,,
NCKAP5,3.70E-16,-2.319480822,0.036,0.055,1.04E-11,,,
WDFY3-AS2,3.71E-16,-0.21826573,0.04,0.024,1.04E-11,,,
AC027575.2,3.72E-16,-0.274575301,0.058,0.038,1.04E-11,,,
KCNQ1,3.74E-16,-0.282462125,0.317,0.246,1.05E-11,,,
TSSK3,3.77E-16,-0.188321753,0.05,0.032,1.06E-11,,,
APH1B,3.79E-16,-0.461757976,0.147,0.108,1.06E-11,,,
PKNOX1,3.79E-16,-0.394312857,0.148,0.11,1.06E-11,,,
C21orf62,3.88E-16,-1.356193824,0.054,0.077,1.09E-11,,,
ZFHX4,3.89E-16,-0.975743051,0.284,0.282,1.09E-11,,,
SLU7,3.93E-16,-0.29708498,0.084,0.059,1.10E-11,,,
AL133227.1,4.00E-16,-0.31239041,0.047,0.029,1.12E-11,,,
NCSTN,4.02E-16,-0.299188517,0.071,0.049,1.13E-11,,,
CA4,4.06E-16,-2.640262458,0.017,0.033,1.14E-11,,,
GALT,4.19E-16,-0.322387698,0.081,0.056,1.17E-11,,,
NPAS1,4.20E-16,-2.039981498,0.011,0.025,1.18E-11,,,
FAM168A,4.34E-16,-1.065594235,0.176,0.196,1.22E-11,,,
TANGO6,4.51E-16,-0.446555437,0.219,0.166,1.27E-11,,,
GRAP2,4.59E-16,-2.836287828,0.012,0.026,1.29E-11,,,
AL365356.1,4.68E-16,-0.499116238,0.116,0.084,1.31E-11,,,
AL137247.1,4.79E-16,0.6552402,0.012,0.005,1.34E-11,,,
CABP1,4.91E-16,-2.666327295,0.003,0.013,1.37E-11,,,
AC006030.1,4.91E-16,-1.521819922,0.036,0.056,1.37E-11,,,
CARD11,4.99E-16,-3.091699763,0.012,0.027,1.40E-11,,,
ANAPC4,5.05E-16,-1.069556949,0.13,0.154,1.42E-11,,,
API5,5.15E-16,-0.41922304,0.17,0.128,1.44E-11,,,
MMP2-AS1,5.30E-16,0.217409836,0.011,0.004,1.49E-11,,,
CCDC136,5.34E-16,-2.978385615,0.005,0.017,1.50E-11,,,
HACD3,5.37E-16,-0.396588857,0.13,0.096,1.50E-11,,,
ZNF765,5.38E-16,-0.39614021,0.104,0.075,1.51E-11,,,
AC100793.4,5.38E-16,0.404507111,0.013,0.005,1.51E-11,,,
AL031708.1,5.39E-16,0.388130439,0.016,0.007,1.51E-11,,,
ZNF782,5.58E-16,-0.397158508,0.144,0.107,1.56E-11,,,
NOP53,5.62E-16,-1.338338585,0.053,0.076,1.57E-11,,,
AC244502.1,5.72E-16,-1.797745506,0.013,0.028,1.60E-11,,,
VPS37A,5.76E-16,-0.42214607,0.172,0.129,1.61E-11,,,
SUDS3,5.84E-16,-0.422258696,0.156,0.116,1.64E-11,,,
LYSMD3,5.88E-16,-0.336196234,0.097,0.069,1.65E-11,,,
A2ML1,5.89E-16,0.319116209,0.015,0.006,1.65E-11,,,
AC087477.5,6.01E-16,-2.575344955,0.006,0.018,1.69E-11,,,
IGHMBP2,6.08E-16,-0.294724287,0.07,0.048,1.70E-11,,,
TOM1L2,6.11E-16,-0.394971166,0.357,0.268,1.71E-11,,,
CERS6,6.19E-16,-0.90610412,0.277,0.281,1.73E-11,,,
DNER,6.26E-16,-2.652255207,0.01,0.024,1.75E-11,,,
HGSNAT,6.27E-16,-0.411085921,0.313,0.238,1.76E-11,,,
RPL32,6.32E-16,-1.183204502,0.149,0.172,1.77E-11,,,
CCDC117,6.50E-16,-0.33812981,0.06,0.04,1.82E-11,,,
LIG1,6.61E-16,-1.74800069,0.02,0.037,1.85E-11,,,
NFYC,6.64E-16,-0.429820421,0.198,0.15,1.86E-11,,,
PLD1,6.67E-16,-0.840828844,0.362,0.347,1.87E-11,,,
TLR7,6.67E-16,-2.308547567,0.005,0.016,1.87E-11,,,
C3orf52,6.70E-16,-1.798821399,0.018,0.034,1.88E-11,,,
WDTC1,6.71E-16,-0.388348268,0.126,0.093,1.88E-11,,,
DEUP1,6.73E-16,-2.113494227,0.01,0.023,1.88E-11,,,
UBE2Q1,6.82E-16,-1.584511753,0.021,0.038,1.91E-11,,,
LYPLA1,6.84E-16,-0.471171966,0.143,0.106,1.92E-11,,,
PLXNB1,7.02E-16,-1.358915982,0.051,0.073,1.97E-11,,,
SYNJ2BP,7.02E-16,-0.238129531,0.077,0.053,1.97E-11,,,
PPP2R2B,7.07E-16,-2.4210041,0.021,0.037,1.98E-11,,,
IKBKB,7.30E-16,-1.096084208,0.181,0.199,2.05E-11,,,
AC007255.1,7.35E-16,-2.070681793,0.01,0.024,2.06E-11,,,
AC080162.1,7.49E-16,-0.163829587,0.041,0.025,2.10E-11,,,
AC100800.1,7.60E-16,-0.304009174,0.045,0.028,2.13E-11,,,
FERMT3,7.65E-16,-1.48818078,0.019,0.035,2.14E-11,,,
AC006116.8,7.73E-16,0.225649249,0.018,0.009,2.17E-11,,,
AC139100.1,7.84E-16,-3.485963651,0.003,0.014,2.20E-11,,,
AC006064.2,7.94E-16,-0.347521612,0.078,0.054,2.22E-11,,,
AC078777.1,8.11E-16,-1.837423655,0.02,0.037,2.27E-11,,,
MB21D1,8.11E-16,-1.781584373,0.026,0.044,2.27E-11,,,
PARK7,8.22E-16,-0.499719663,0.137,0.101,2.30E-11,,,
MFHAS1,8.24E-16,-1.425093807,0.086,0.11,2.31E-11,,,
CRBN,8.33E-16,-0.493601927,0.262,0.198,2.33E-11,,,
DIO2,8.43E-16,0.482383518,0.012,0.005,2.36E-11,,,
DPY19L3,8.58E-16,-1.322602367,0.081,0.105,2.41E-11,,,
MROH1,8.67E-16,-0.436788792,0.106,0.077,2.43E-11,,,
AC097534.2,8.67E-16,-2.494782258,0.009,0.022,2.43E-11,,,
C16orf58,8.75E-16,-0.470339597,0.094,0.066,2.45E-11,,,
GJC2,8.76E-16,-2.410762232,0.002,0.012,2.46E-11,,,
AL121790.1,8.79E-16,0.35350922,0.014,0.006,2.46E-11,,,
TTC37,8.89E-16,-0.366847352,0.386,0.291,2.49E-11,,,
ARF4,8.92E-16,-0.420273273,0.194,0.147,2.50E-11,,,
SMIM27,8.94E-16,-0.262090761,0.05,0.032,2.50E-11,,,
ZFY,8.99E-16,-0.388258464,0.099,0.07,2.52E-11,,,
CAD,9.12E-16,-0.221113225,0.055,0.036,2.55E-11,,,
GUSBP11,9.16E-16,-0.369816396,0.098,0.07,2.57E-11,,,
AC007193.1,9.37E-16,-0.305610022,0.04,0.024,2.63E-11,,,
VCPIP1,9.41E-16,-0.378919071,0.092,0.065,2.64E-11,,,
A2M-AS1,9.52E-16,-0.563664531,0.021,0.011,2.67E-11,,,
TAF4B,9.70E-16,-0.262428673,0.098,0.07,2.72E-11,,,
KMO,9.84E-16,-2.073296021,0.008,0.02,2.76E-11,,,
AC007622.2,9.90E-16,-0.2988641,0.056,0.037,2.77E-11,,,
IPO11,9.99E-16,-0.482922878,0.149,0.111,2.80E-11,,,
RASL12,1.01E-15,-2.937535987,0.002,0.012,2.82E-11,,,
TSPO,1.05E-15,-0.502443291,0.128,0.095,2.94E-11,,,
FARSA,1.08E-15,-0.200392816,0.05,0.032,3.02E-11,,,
COL6A6,1.10E-15,-0.537384024,0.19,0.142,3.07E-11,,,
RBM12B,1.10E-15,-0.419530066,0.147,0.11,3.09E-11,,,
RASSF9,1.10E-15,-1.807482534,0.026,0.044,3.09E-11,,,
AL157871.4,1.14E-15,-2.016954954,0.029,0.048,3.19E-11,,,
ZNF75D,1.15E-15,-0.502789743,0.17,0.127,3.23E-11,,,
IDI2-AS1,1.16E-15,0.371033365,0.011,0.004,3.24E-11,,,
ADCY1,1.17E-15,-2.541813946,0.01,0.023,3.28E-11,,,
TEX22,1.17E-15,-0.280565606,0.063,0.042,3.29E-11,,,
ARHGAP31-AS1,1.18E-15,-0.238894372,0.039,0.024,3.32E-11,,,
FAM210B,1.19E-15,-0.202498318,0.057,0.038,3.33E-11,,,
NR2E3,1.19E-15,-2.39264465,0.007,0.019,3.33E-11,,,
UBE2R2,1.21E-15,-0.400390015,0.323,0.246,3.38E-11,,,
SHC2,1.22E-15,-1.932166514,0.012,0.026,3.41E-11,,,
DENND6B,1.22E-15,-1.839400697,0.016,0.031,3.42E-11,,,
AC092634.3,1.23E-15,-2.489636187,0.003,0.012,3.45E-11,,,
ZNF880,1.23E-15,-0.324010994,0.056,0.037,3.46E-11,,,
GFM1,1.25E-15,-1.233244107,0.138,0.16,3.49E-11,,,
CPEB3,1.26E-15,-0.989286886,0.227,0.239,3.53E-11,,,
SND1,1.29E-15,-0.830466973,0.368,0.345,3.60E-11,,,
AC008073.3,1.29E-15,0.30784239,0.014,0.006,3.61E-11,,,
SMCO4,1.29E-15,-1.844425709,0.017,0.032,3.62E-11,,,
RAMP3,1.31E-15,-2.864024832,0.004,0.015,3.67E-11,,,
TNK2,1.31E-15,-0.394220569,0.095,0.068,3.69E-11,,,
AC017002.5,1.32E-15,-1.78532368,0.023,0.04,3.70E-11,,,
AC015871.3,1.32E-15,0.169525701,0.014,0.006,3.70E-11,,,
ATP6V0E1,1.33E-15,-0.520098883,0.273,0.207,3.72E-11,,,
AC009303.2,1.33E-15,-0.292682399,0.047,0.03,3.73E-11,,,
GFRA1,1.33E-15,-1.378053823,0.093,0.117,3.74E-11,,,
HRH2,1.35E-15,-2.535425897,0.007,0.019,3.78E-11,,,
PDIA4,1.40E-15,-1.52440676,0.036,0.056,3.91E-11,,,
ZNF639,1.41E-15,-0.203347418,0.066,0.045,3.96E-11,,,
AC020594.1,1.43E-15,-0.332559646,0.023,0.012,4.00E-11,,,
TRIM23,1.43E-15,-0.428903129,0.155,0.116,4.01E-11,,,
COL16A1,1.43E-15,-2.243416348,0.014,0.028,4.02E-11,,,
ZFP37,1.44E-15,-1.969013604,0.011,0.025,4.05E-11,,,
AL109811.1,1.45E-15,-0.344480286,0.049,0.031,4.05E-11,,,
GFM2,1.47E-15,-0.448575073,0.113,0.083,4.11E-11,,,
PRSS36,1.48E-15,-2.632767208,0.003,0.013,4.16E-11,,,
KCTD9,1.51E-15,-0.420312575,0.133,0.098,4.24E-11,,,
PYURF,1.52E-15,-0.312364041,0.056,0.037,4.25E-11,,,
CORO1A,1.55E-15,-2.79192773,0.006,0.017,4.35E-11,,,
FAM196A,1.57E-15,-0.541059057,0.161,0.12,4.40E-11,,,
LINC01558,1.58E-15,-3.347624479,0.003,0.013,4.44E-11,,,
RGPD1,1.60E-15,0.410477324,0.012,0.005,4.48E-11,,,
IFI27L2,1.61E-15,-1.54954063,0.016,0.031,4.52E-11,,,
ZNF41,1.62E-15,-0.291770121,0.063,0.043,4.53E-11,,,
AC113386.1,1.62E-15,-2.057191522,0.009,0.022,4.54E-11,,,
NLRP3,1.64E-15,-2.499259293,0.006,0.018,4.59E-11,,,
BCS1L,1.73E-15,-0.265296512,0.048,0.031,4.84E-11,,,
HMOX2,1.74E-15,-0.35196081,0.089,0.063,4.86E-11,,,
WDR83,1.75E-15,-0.288295768,0.06,0.04,4.90E-11,,,
UNC50,1.75E-15,-0.476229279,0.109,0.079,4.92E-11,,,
LRRC37A2,1.79E-15,-0.344269773,0.081,0.057,5.02E-11,,,
ZNF233,1.80E-15,-0.111531897,0.03,0.017,5.05E-11,,,
RNF144B,1.82E-15,-1.939829697,0.042,0.062,5.09E-11,,,
AC023906.4,1.84E-15,-2.259154403,0.007,0.018,5.16E-11,,,
ANKRD13B,1.86E-15,-2.18090861,0.008,0.021,5.21E-11,,,
SELENOF,1.88E-15,-0.41054975,0.258,0.197,5.27E-11,,,
SPA17,1.91E-15,-2.791816637,0.005,0.016,5.36E-11,,,
OLFML2A,1.92E-15,-3.010009116,0.006,0.017,5.37E-11,,,
STRN4,1.94E-15,-0.196186169,0.052,0.034,5.44E-11,,,
AC092070.3,1.94E-15,-0.247303733,0.039,0.024,5.45E-11,,,
SSPO,1.95E-15,0.199887931,0.017,0.008,5.47E-11,,,
CHKB-AS1,1.96E-15,0.781609432,0.01,0.004,5.48E-11,,,
KDM3A,1.96E-15,-1.165008654,0.1,0.124,5.49E-11,,,
PIP5K1A,1.97E-15,-0.410441404,0.381,0.286,5.51E-11,,,
TMEM109,1.97E-15,-1.46141943,0.035,0.054,5.52E-11,,,
ARHGAP35,2.01E-15,-0.502687014,0.152,0.114,5.62E-11,,,
FH,2.02E-15,-0.226108719,0.047,0.03,5.66E-11,,,
PCAT19,2.13E-15,-1.966277515,0.009,0.022,5.96E-11,,,
TMPRSS4-AS1,2.13E-15,-3.245498105,0.004,0.015,5.98E-11,,,
FAM227A,2.16E-15,-1.6641761,0.018,0.034,6.04E-11,,,
WDR7,2.19E-15,-0.405193916,0.375,0.281,6.13E-11,,,
CNTRL,2.20E-15,-0.447219163,0.254,0.193,6.17E-11,,,
GOLGA2,2.21E-15,-0.469531191,0.124,0.092,6.19E-11,,,
DEFB131B,2.23E-15,0.162693581,0.017,0.008,6.24E-11,,,
NCOA2,2.27E-15,-0.637179342,0.504,0.448,6.37E-11,,,
COMMD7,2.28E-15,-0.403843232,0.089,0.063,6.38E-11,,,
ELMO2,2.30E-15,-0.308522683,0.07,0.048,6.43E-11,,,
AC244153.1,2.32E-15,-3.654728701,0.001,0.01,6.49E-11,,,
SPART,2.38E-15,-0.397155967,0.249,0.191,6.66E-11,,,
RPL36AL,2.38E-15,-1.248001879,0.07,0.094,6.67E-11,,,
C5AR2,2.43E-15,-2.935654901,0.003,0.013,6.81E-11,,,
AC016876.1,2.46E-15,0.125757157,0.014,0.006,6.90E-11,,,
PAK1,2.47E-15,-1.22709052,0.12,0.143,6.91E-11,,,
SEH1L,2.48E-15,-0.331660637,0.079,0.055,6.95E-11,,,
AKAP11,2.48E-15,-0.402178878,0.201,0.153,6.95E-11,,,
AL022097.1,2.53E-15,-0.442158838,0.074,0.051,7.10E-11,,,
NR5A2,2.60E-15,-2.679687525,0.011,0.025,7.29E-11,,,
THAP12,2.60E-15,-0.377951425,0.063,0.042,7.30E-11,,,
POLD4,2.66E-15,0.163760324,0.02,0.01,7.46E-11,,,
LONRF3,2.67E-15,-0.354145407,0.065,0.044,7.49E-11,,,
AC245884.8,2.69E-15,0.505496291,0.01,0.004,7.54E-11,,,
CYC1,2.69E-15,-0.259632194,0.058,0.039,7.54E-11,,,
SPRYD7,2.73E-15,-0.343181298,0.06,0.04,7.65E-11,,,
AC008676.2,2.79E-15,-3.6507032,0.003,0.012,7.83E-11,,,
NUP43,2.82E-15,-0.303278931,0.108,0.079,7.91E-11,,,
TPP1,2.86E-15,-1.322328937,0.062,0.085,8.02E-11,,,
NXNL2,2.87E-15,-2.841891888,0.003,0.013,8.03E-11,,,
IKBKG,2.89E-15,0.233424065,0.019,0.01,8.11E-11,,,
NF2,2.93E-15,-0.342082296,0.109,0.08,8.22E-11,,,
AC124254.1,2.97E-15,-2.987414323,0.004,0.014,8.34E-11,,,
CHEK2,3.00E-15,-1.650049028,0.027,0.045,8.41E-11,,,
RFXANK,3.02E-15,-0.166959728,0.037,0.023,8.46E-11,,,
MTHFS,3.06E-15,0.108413291,0.022,0.011,8.58E-11,,,
RABGAP1,3.07E-15,-0.731983278,0.417,0.381,8.60E-11,,,
AL031666.3,3.08E-15,0.608252865,0.011,0.005,8.62E-11,,,
OSCAR,3.17E-15,-2.405399392,0.005,0.015,8.88E-11,,,
STAG2,3.21E-15,-0.375268642,0.415,0.312,8.99E-11,,,
MBD6,3.35E-15,-0.423343802,0.087,0.062,9.38E-11,,,
TTC26,3.36E-15,-1.461550102,0.039,0.059,9.41E-11,,,
HEY2,3.39E-15,-0.253256987,0.016,0.007,9.51E-11,,,
PTPMT1,3.39E-15,0.144122978,0.018,0.008,9.51E-11,,,
EXTL3,3.42E-15,-1.205919218,0.167,0.186,9.60E-11,,,
AL022238.2,3.45E-15,-0.342668453,0.074,0.051,9.68E-11,,,
HNRNPK,3.48E-15,-0.452532348,0.203,0.155,9.75E-11,,,
SLC8B1,3.48E-15,-1.38643346,0.049,0.071,9.76E-11,,,
MAFG,3.55E-15,-0.196427863,0.058,0.039,9.94E-11,,,
LINC00506,3.59E-15,-0.249831037,0.062,0.042,1.01E-10,,,
AP003049.2,3.65E-15,0.355534949,0.015,0.007,1.02E-10,,,
EMC8,3.70E-15,-0.33288491,0.049,0.031,1.04E-10,,,
RELT,3.74E-15,-2.598480892,0.004,0.013,1.05E-10,,,
TOPORS,3.75E-15,-0.292556761,0.095,0.068,1.05E-10,,,
STX17,3.85E-15,-0.450739572,0.195,0.148,1.08E-10,,,
RRP9,4.02E-15,0.190325953,0.023,0.012,1.13E-10,,,
AC008555.5,4.08E-15,-3.471592631,0.002,0.011,1.14E-10,,,
AGPS,4.09E-15,-0.509381888,0.219,0.166,1.15E-10,,,
SPPL3,4.10E-15,-0.378502046,0.418,0.315,1.15E-10,,,
C1orf195,4.14E-15,-4.335592247,0.002,0.01,1.16E-10,,,
LINC01934,4.18E-15,-3.055034409,0.011,0.024,1.17E-10,,,
MAPKAP1,4.28E-15,-0.432550211,0.363,0.273,1.20E-10,,,
KIF3C,4.28E-15,-2.109985757,0.01,0.023,1.20E-10,,,
NCF4-AS1,4.29E-15,-4.240775762,0.002,0.011,1.20E-10,,,
TMEM160,4.30E-15,-1.426959713,0.022,0.039,1.21E-10,,,
REXO4,4.58E-15,-0.417487321,0.093,0.067,1.28E-10,,,
PI4KB,4.62E-15,-0.423362888,0.147,0.11,1.29E-10,,,
PDZD3,4.63E-15,-2.478154515,0.006,0.017,1.30E-10,,,
CFL1,4.68E-15,-1.365034376,0.061,0.084,1.31E-10,,,
HLX,4.70E-15,-1.691611832,0.015,0.03,1.32E-10,,,
ZBTB49,4.76E-15,-0.321916715,0.049,0.032,1.33E-10,,,
TSC1,4.82E-15,-0.434452685,0.169,0.127,1.35E-10,,,
DNAJC28,4.83E-15,0.701875405,0.011,0.004,1.35E-10,,,
AC135457.1,4.85E-15,0.163741306,0.015,0.007,1.36E-10,,,
SLC38A6,4.86E-15,-0.529896588,0.277,0.209,1.36E-10,,,
LZIC,4.92E-15,-0.409221486,0.09,0.064,1.38E-10,,,
DUBR,4.99E-15,-1.458122647,0.06,0.082,1.40E-10,,,
AL049840.3,5.08E-15,-0.297276828,0.047,0.03,1.43E-10,,,
PRKG2,5.12E-15,-3.052723744,0.003,0.013,1.44E-10,,,
LDHAL6A,5.23E-15,-0.191749369,0.038,0.024,1.47E-10,,,
MYC,5.24E-15,-1.707660863,0.019,0.035,1.47E-10,,,
HES1,5.28E-15,-2.459911685,0.01,0.023,1.48E-10,,,
CETN3,5.30E-15,-0.424063048,0.079,0.055,1.49E-10,,,
NASP,5.51E-15,-0.344107338,0.247,0.191,1.54E-10,,,
AC005697.2,5.71E-15,0.198957521,0.02,0.01,1.60E-10,,,
GTPBP8,5.74E-15,-0.292833522,0.073,0.051,1.61E-10,,,
C12orf65,5.89E-15,-0.361716017,0.071,0.049,1.65E-10,,,
RAB9A,5.93E-15,-0.366849947,0.137,0.102,1.66E-10,,,
ST3GAL3,5.93E-15,-0.413091819,0.275,0.21,1.66E-10,,,
ITGAX,5.94E-15,-2.789853118,0.006,0.016,1.66E-10,,,
AC104806.2,5.96E-15,-0.414377912,0.159,0.12,1.67E-10,,,
RP9,5.97E-15,-0.284542173,0.057,0.038,1.67E-10,,,
GK5,5.98E-15,-0.407655467,0.175,0.132,1.68E-10,,,
MFSD8,5.98E-15,-0.413050345,0.159,0.121,1.68E-10,,,
CCNG1,6.06E-15,-0.356161283,0.089,0.063,1.70E-10,,,
ACOXL,6.07E-15,-1.99386343,0.013,0.027,1.70E-10,,,
AC005696.1,6.09E-15,0.372807768,0.013,0.006,1.71E-10,,,
SRCAP,6.14E-15,-0.141998303,0.036,0.022,1.72E-10,,,
VIPR1-AS1,6.23E-15,-3.538461377,0.003,0.012,1.75E-10,,,
NTPCR,6.33E-15,-0.455644884,0.094,0.068,1.77E-10,,,
UFL1,6.48E-15,-0.456404227,0.235,0.179,1.82E-10,,,
TCEA3,6.56E-15,-0.230062079,0.086,0.062,1.84E-10,,,
STK26,6.57E-15,-1.236777624,0.045,0.065,1.84E-10,,,
AC026471.4,6.75E-15,-0.189399439,0.041,0.026,1.89E-10,,,
AL162254.1,6.79E-15,0.356969,0.012,0.005,1.90E-10,,,
HCN1,6.80E-15,-2.581476424,0.01,0.023,1.90E-10,,,
HMGXB3,6.81E-15,-0.443536204,0.159,0.12,1.91E-10,,,
FTSJ3,6.88E-15,-0.172089216,0.058,0.039,1.93E-10,,,
AC084018.1,7.06E-15,0.515092976,0.011,0.004,1.98E-10,,,
ECSIT,7.08E-15,-0.401169461,0.076,0.053,1.99E-10,,,
AASDHPPT,7.17E-15,-0.347176269,0.087,0.062,2.01E-10,,,
LINC01372,7.21E-15,0.178576884,0.013,0.006,2.02E-10,,,
CBX6,7.25E-15,-1.35827851,0.043,0.063,2.03E-10,,,
AC010491.1,7.26E-15,0.163550588,0.019,0.009,2.03E-10,,,
WBP1,7.27E-15,0.352930473,0.01,0.004,2.04E-10,,,
TECTA,7.33E-15,0.305281358,0.015,0.007,2.06E-10,,,
MFNG,7.57E-15,-2.671080383,0.004,0.014,2.12E-10,,,
ACE,7.67E-15,-2.53032274,0.006,0.017,2.15E-10,,,
ATXN10,7.74E-15,-0.814998306,0.351,0.336,2.17E-10,,,
AL159163.1,7.81E-15,-2.297261477,0.008,0.02,2.19E-10,,,
PRPF40A,7.82E-15,-0.431338167,0.282,0.216,2.19E-10,,,
TMEM200A,7.83E-15,-3.169657332,0.003,0.013,2.19E-10,,,
ANKRD13D,7.87E-15,-1.241115941,0.097,0.12,2.20E-10,,,
FKBP11,7.97E-15,-1.491244367,0.027,0.044,2.23E-10,,,
NUP37,8.07E-15,-0.376331831,0.102,0.075,2.26E-10,,,
SH3GL1,8.11E-15,-0.464206765,0.104,0.076,2.27E-10,,,
EZH2,8.13E-15,-0.311462755,0.055,0.037,2.28E-10,,,
TM4SF18,8.15E-15,-2.703702363,0.005,0.016,2.28E-10,,,
ISCA2,8.19E-15,-0.132477461,0.044,0.028,2.30E-10,,,
ADAM28,8.20E-15,-2.728079342,0.007,0.019,2.30E-10,,,
AC010210.1,8.27E-15,-0.283955821,0.113,0.084,2.32E-10,,,
RPP25L,8.28E-15,0.211597216,0.023,0.012,2.32E-10,,,
PDE4A,8.31E-15,-0.446335204,0.067,0.046,2.33E-10,,,
MECP2,8.40E-15,-0.438545384,0.282,0.215,2.35E-10,,,
TEX14,8.41E-15,-0.311432875,0.034,0.02,2.36E-10,,,
DAZAP2,8.46E-15,-0.557746812,0.141,0.105,2.37E-10,,,
TBRG4,8.59E-15,-0.178430304,0.038,0.024,2.41E-10,,,
TSPYL2,8.68E-15,-0.408436756,0.105,0.077,2.43E-10,,,
ATAD3B,8.77E-15,-0.297563053,0.049,0.032,2.46E-10,,,
NSRP1,8.94E-15,-0.354912654,0.425,0.319,2.51E-10,,,
AC103810.2,9.08E-15,-0.152260645,0.021,0.011,2.54E-10,,,
FAM53B-AS1,9.10E-15,-0.195530804,0.037,0.023,2.55E-10,,,
LINC01748,9.28E-15,-3.140786494,0.002,0.011,2.60E-10,,,
MLLT6,9.31E-15,-1.322083204,0.089,0.112,2.61E-10,,,
LAMTOR1,9.70E-15,-0.393399864,0.092,0.066,2.72E-10,,,
PLS3-AS1,9.86E-15,-0.107647011,0.035,0.021,2.76E-10,,,
SMN2,1.04E-14,0.109841602,0.013,0.006,2.90E-10,,,
EXOC1,1.04E-14,-0.415833197,0.334,0.253,2.92E-10,,,
SDCBP,1.05E-14,-1.066277265,0.18,0.197,2.95E-10,,,
TMBIM6,1.06E-14,-0.916960207,0.289,0.288,2.96E-10,,,
SLITRK4,1.06E-14,-2.16135904,0.008,0.019,2.97E-10,,,
AC135178.3,1.06E-14,-0.192345635,0.029,0.017,2.98E-10,,,
ACSL4,1.07E-14,-0.853915144,0.18,0.2,3.00E-10,,,
POU5F2,1.07E-14,-0.213283803,0.041,0.026,3.01E-10,,,
NAT10,1.07E-14,-0.444110547,0.095,0.069,3.01E-10,,,
AL136088.1,1.08E-14,-3.004343535,0.002,0.011,3.03E-10,,,
LIN54,1.09E-14,-0.347511063,0.107,0.078,3.04E-10,,,
PAQR7,1.09E-14,-2.621883404,0.005,0.015,3.06E-10,,,
SKAP1-AS1,1.13E-14,-4.417117961,0.002,0.011,3.16E-10,,,
ATP8B1,1.13E-14,-0.896167475,0.282,0.288,3.17E-10,,,
CAPN1,1.15E-14,-1.331337865,0.055,0.077,3.22E-10,,,
LARP7,1.17E-14,-0.443787544,0.182,0.139,3.27E-10,,,
APOBEC3F,1.17E-14,-2.451740224,0.007,0.019,3.28E-10,,,
SPAG8,1.20E-14,0.275167707,0.016,0.008,3.35E-10,,,
NAA20,1.22E-14,-0.425801366,0.117,0.087,3.43E-10,,,
FABP3,1.26E-14,0.188836462,0.018,0.009,3.52E-10,,,
CCT6A,1.27E-14,-0.376966942,0.101,0.073,3.55E-10,,,
MANSC4,1.28E-14,0.457296573,0.01,0.004,3.58E-10,,,
TLNRD1,1.30E-14,-0.101343328,0.031,0.018,3.63E-10,,,
ADGRL3,1.30E-14,-0.964512934,0.056,0.037,3.65E-10,,,
SNTB2,1.30E-14,-0.425557028,0.236,0.182,3.66E-10,,,
AL157832.1,1.31E-14,0.444594418,0.01,0.004,3.66E-10,,,
NR3C2,1.31E-14,-0.162282951,0.548,0.425,3.67E-10,,,
ATP1B3,1.31E-14,0.551676554,0.226,0.181,3.68E-10,,,
PTPRA,1.33E-14,-0.766396149,0.438,0.396,3.71E-10,,,
TM4SF19-AS1,1.35E-14,-0.230739226,0.022,0.012,3.78E-10,,,
PIK3R1,1.37E-14,-0.19764715,0.573,0.452,3.83E-10,,,
AC011139.1,1.38E-14,0.114405636,0.03,0.017,3.85E-10,,,
LINC01375,1.39E-14,-3.908114401,0.002,0.01,3.89E-10,,,
GRASP,1.39E-14,-2.889669981,0.005,0.015,3.89E-10,,,
VKORC1,1.40E-14,-1.520659369,0.021,0.037,3.92E-10,,,
TMEM5,1.40E-14,-0.346184101,0.099,0.072,3.92E-10,,,
DFFB,1.41E-14,-0.381754182,0.052,0.034,3.95E-10,,,
USP46-AS1,1.42E-14,-0.101472843,0.022,0.012,3.97E-10,,,
TTLL4,1.42E-14,-1.712255891,0.018,0.033,3.99E-10,,,
FGFR1,1.43E-14,-0.894270066,0.293,0.291,4.02E-10,,,
AC024075.1,1.44E-14,0.146518267,0.017,0.008,4.03E-10,,,
DOPEY2,1.47E-14,-1.367883889,0.076,0.099,4.13E-10,,,
GDPD3,1.47E-14,-2.031461548,0.01,0.022,4.13E-10,,,
LINC01638,1.49E-14,-2.430529854,0.004,0.014,4.19E-10,,,
AC004112.1,1.50E-14,-0.258977895,0.051,0.033,4.19E-10,,,
ZBED8,1.51E-14,-0.215504547,0.038,0.023,4.22E-10,,,
KLF9,1.52E-14,-0.451172069,0.168,0.127,4.25E-10,,,
SBNO1,1.54E-14,-0.438630163,0.197,0.151,4.31E-10,,,
FRK,1.56E-14,-1.513439485,0.033,0.052,4.38E-10,,,
PFN1,1.57E-14,-1.366965032,0.045,0.065,4.40E-10,,,
C16orf87,1.60E-14,-0.266342548,0.058,0.039,4.48E-10,,,
NUBP2,1.62E-14,-0.210312134,0.042,0.027,4.55E-10,,,
GIMAP6,1.62E-14,-2.38057,0.005,0.016,4.55E-10,,,
IRAK1,1.66E-14,-1.641566395,0.013,0.027,4.65E-10,,,
ATAD5,1.67E-14,-0.389573698,0.137,0.103,4.68E-10,,,
RIPK3,1.75E-14,-2.96939803,0.002,0.011,4.92E-10,,,
CD38,1.76E-14,-0.256382312,0.057,0.038,4.92E-10,,,
STPG4,1.77E-14,-0.316819872,0.077,0.055,4.95E-10,,,
GPRC5D,1.78E-14,-3.099845636,0.003,0.012,4.98E-10,,,
WNT5A,1.80E-14,-1.523822,0.016,0.03,5.05E-10,,,
FZD1,1.85E-14,-1.985086168,0.011,0.024,5.17E-10,,,
KCNAB3,1.85E-14,-2.81824734,0.002,0.01,5.19E-10,,,
RASGRP2,1.88E-14,-2.368170994,0.008,0.02,5.26E-10,,,
PTPRN2,1.90E-14,-1.655753896,0.027,0.044,5.32E-10,,,
AL158801.3,1.90E-14,-0.310348532,0.04,0.025,5.33E-10,,,
AC016866.2,1.93E-14,-0.164420278,0.027,0.016,5.41E-10,,,
RPS17,1.94E-14,-1.216396817,0.088,0.112,5.43E-10,,,
SKIV2L,1.95E-14,-0.201856592,0.044,0.028,5.47E-10,,,
SETD1A,1.97E-14,-0.291481113,0.053,0.035,5.53E-10,,,
KCNJ16,1.97E-14,-3.030629549,0.003,0.012,5.53E-10,,,
AC091868.2,1.98E-14,0.279446304,0.011,0.004,5.54E-10,,,
LINC00924,1.98E-14,-3.236517519,0.003,0.012,5.54E-10,,,
UFM1,2.03E-14,-0.403498243,0.161,0.122,5.68E-10,,,
TXNDC15,2.03E-14,-1.300996566,0.062,0.084,5.69E-10,,,
BCL3,2.06E-14,-1.842441291,0.011,0.024,5.77E-10,,,
KCNJ12,2.11E-14,-2.55891609,0.003,0.013,5.91E-10,,,
KLHDC4,2.12E-14,-0.442109501,0.105,0.077,5.94E-10,,,
ST3GAL5-AS1,2.20E-14,-3.60404834,0.002,0.01,6.15E-10,,,
RBM17,2.20E-14,-0.425362622,0.201,0.154,6.18E-10,,,
ZBTB7A,2.28E-14,-0.385872,0.119,0.089,6.39E-10,,,
AC022387.1,2.34E-14,0.441227862,0.012,0.005,6.55E-10,,,
C14orf119,2.34E-14,-0.289254522,0.065,0.045,6.57E-10,,,
GPR107,2.35E-14,-0.460912877,0.217,0.167,6.57E-10,,,
GLOD4,2.38E-14,-0.351658257,0.072,0.05,6.66E-10,,,
ZNF263,2.39E-14,-0.366284921,0.103,0.076,6.71E-10,,,
SPIN2A,2.41E-14,0.111826307,0.019,0.01,6.75E-10,,,
KCNB2,2.41E-14,-3.908177664,0.006,0.016,6.76E-10,,,
GALNT11,2.41E-14,-0.440033398,0.25,0.192,6.77E-10,,,
NOS3,2.42E-14,-3.552333916,0.002,0.01,6.78E-10,,,
MPZL1,2.46E-14,-0.981581877,0.223,0.235,6.88E-10,,,
OGFRL1,2.51E-14,-1.048644978,0.232,0.241,7.04E-10,,,
AC092123.1,2.54E-14,-0.207103067,0.03,0.018,7.13E-10,,,
ADAM23,2.55E-14,-2.8372805,0.008,0.02,7.14E-10,,,
NCLN,2.55E-14,-0.391561108,0.062,0.042,7.14E-10,,,
FOLH1,2.56E-14,-3.262013553,0.003,0.012,7.16E-10,,,
FGD1,2.56E-14,-1.543491651,0.024,0.041,7.18E-10,,,
CFDP1,2.65E-14,-0.394658161,0.346,0.265,7.43E-10,,,
CBWD2,2.66E-14,-0.188680319,0.068,0.047,7.46E-10,,,
FKBP1A,2.68E-14,-1.340331188,0.033,0.052,7.51E-10,,,
GNG12-AS1,2.69E-14,-0.967701397,0.252,0.259,7.55E-10,,,
AC067852.1,2.73E-14,0.491826962,0.012,0.005,7.65E-10,,,
SCARF2,2.73E-14,-1.919205194,0.013,0.027,7.66E-10,,,
NYAP1,2.73E-14,-2.697560907,0.004,0.013,7.66E-10,,,
AC093297.2,2.75E-14,-0.316218522,0.068,0.047,7.70E-10,,,
WDR37,2.75E-14,-0.479747887,0.27,0.206,7.71E-10,,,
AL451062.1,2.84E-14,-0.320881678,0.042,0.026,7.95E-10,,,
TRAF3IP1,2.85E-14,-0.426220718,0.118,0.088,7.97E-10,,,
CTNNA1,2.89E-14,-0.277704057,0.46,0.35,8.11E-10,,,
FKBP14,2.90E-14,-0.3411738,0.054,0.036,8.14E-10,,,
TCF25,2.91E-14,-0.301846223,0.49,0.369,8.17E-10,,,
ASB7,2.95E-14,-0.358688298,0.094,0.068,8.27E-10,,,
SART3,2.98E-14,-0.433007525,0.111,0.082,8.36E-10,,,
LDB1,3.00E-14,-1.39552035,0.041,0.06,8.41E-10,,,
AL031709.1,3.01E-14,0.267097618,0.015,0.007,8.44E-10,,,
LRRD1,3.04E-14,0.460612697,0.012,0.005,8.51E-10,,,
AL049840.2,3.06E-14,-0.301574982,0.033,0.019,8.57E-10,,,
THOC5,3.14E-14,-0.294118547,0.056,0.038,8.80E-10,,,
RFX1,3.15E-14,-0.270774421,0.062,0.043,8.84E-10,,,
RPL29,3.16E-14,-1.102873459,0.175,0.194,8.86E-10,,,
CPPED1,3.16E-14,-0.517859094,0.104,0.076,8.87E-10,,,
ANKDD1A,3.17E-14,-0.420282425,0.131,0.098,8.88E-10,,,
PROX1-AS1,3.22E-14,-2.377944624,0.004,0.014,9.02E-10,,,
CARS2,3.22E-14,-0.441374034,0.188,0.144,9.03E-10,,,
BBOX1-AS1,3.24E-14,0.434533022,0.011,0.004,9.09E-10,,,
FIGNL2,3.28E-14,-3.122548122,0.003,0.011,9.18E-10,,,
MRPL48,3.29E-14,-0.424129498,0.092,0.066,9.23E-10,,,
AL359075.2,3.32E-14,-0.470435597,0.103,0.075,9.31E-10,,,
TMEM176A,3.42E-14,-1.442703598,0.019,0.034,9.60E-10,,,
CWC22,3.47E-14,-0.43604793,0.148,0.112,9.73E-10,,,
FBXO24,3.50E-14,-2.140609616,0.006,0.016,9.81E-10,,,
AC091588.3,3.51E-14,-2.689605294,0.002,0.011,9.84E-10,,,
TMEM59,3.55E-14,-0.887138586,0.303,0.297,9.95E-10,,,
CDK13,3.60E-14,-0.227865859,0.587,0.441,1.01E-09,,,
TXNL4A,3.61E-14,-0.442844947,0.103,0.076,1.01E-09,,,
ATAD1,3.62E-14,-0.461675144,0.201,0.154,1.02E-09,,,
AC008764.1,3.69E-14,-0.120303109,0.039,0.024,1.03E-09,,,
OVCH1,3.73E-14,-0.328824153,0.025,0.014,1.04E-09,,,
PUS1,3.79E-14,-0.156233582,0.038,0.023,1.06E-09,,,
TRABD,3.81E-14,-0.339703628,0.076,0.054,1.07E-09,,,
AL590705.1,3.83E-14,-2.431100793,0.007,0.018,1.07E-09,,,
TLR6,3.83E-14,-2.793919084,0.004,0.014,1.07E-09,,,
MEF2C-AS2,3.85E-14,-2.837606789,0.005,0.016,1.08E-09,,,
CASC21,3.87E-14,-2.664985602,0.006,0.016,1.09E-09,,,
OPHN1,3.95E-14,-0.982416001,0.218,0.23,1.11E-09,,,
KIAA1217,3.98E-14,-1.701626652,0.241,0.247,1.11E-09,,,
C10orf88,4.12E-14,-0.386135464,0.067,0.046,1.15E-09,,,
GPR1,4.17E-14,-2.484368841,0.005,0.015,1.17E-09,,,
CHPF,4.18E-14,-1.726985667,0.014,0.028,1.17E-09,,,
AC010245.1,4.21E-14,0.177609862,0.016,0.007,1.18E-09,,,
VRK1,4.29E-14,-0.314661795,0.08,0.057,1.20E-09,,,
PTP4A1,4.30E-14,0.191956903,0.026,0.015,1.21E-09,,,
AC093423.3,4.36E-14,0.61291969,0.011,0.005,1.22E-09,,,
CSTA,4.36E-14,0.196447122,0.016,0.008,1.22E-09,,,
JAK2,4.36E-14,-0.39114886,0.355,0.272,1.22E-09,,,
AL355488.1,4.42E-14,-0.142853087,0.023,0.012,1.24E-09,,,
SPATC1,4.46E-14,0.424035407,0.014,0.007,1.25E-09,,,
BOD1,4.48E-14,-0.364486206,0.049,0.032,1.26E-09,,,
USP2-AS1,4.50E-14,-2.070921833,0.007,0.017,1.26E-09,,,
MICU1,4.57E-14,-0.429091031,0.384,0.291,1.28E-09,,,
AC104984.2,4.60E-14,0.408818811,0.011,0.004,1.29E-09,,,
LGALS8,4.68E-14,-1.032008397,0.167,0.186,1.31E-09,,,
ATAD2,4.70E-14,-0.420487808,0.14,0.105,1.32E-09,,,
SPSB4,4.75E-14,-3.639225239,0.002,0.01,1.33E-09,,,
SBF2-AS1,4.76E-14,-0.481666296,0.126,0.094,1.33E-09,,,
P3H4,4.83E-14,-1.922109413,0.013,0.026,1.35E-09,,,
ZNF783,4.84E-14,-0.334847783,0.087,0.063,1.36E-09,,,
ZNF529-AS1,4.86E-14,-0.461828886,0.132,0.099,1.36E-09,,,
ZNF727,4.87E-14,-0.284584243,0.071,0.05,1.36E-09,,,
SPNS2,4.89E-14,-2.627166915,0.007,0.018,1.37E-09,,,
TBC1D25,4.93E-14,-0.338048255,0.056,0.038,1.38E-09,,,
PHF20,4.94E-14,-0.486624611,0.299,0.228,1.39E-09,,,
RPS15,4.95E-14,-1.114701183,0.079,0.101,1.39E-09,,,
IGSF3,4.99E-14,-2.289411894,0.004,0.014,1.40E-09,,,
FGD5-AS1,5.23E-14,-0.455837536,0.115,0.085,1.46E-09,,,
RTKN,5.23E-14,-1.480164667,0.023,0.039,1.47E-09,,,
AL162586.1,5.27E-14,-0.33980801,0.043,0.028,1.48E-09,,,
AL035634.1,5.32E-14,-0.341662522,0.048,0.031,1.49E-09,,,
TOR1AIP1,5.35E-14,-0.45539563,0.168,0.128,1.50E-09,,,
MMRN2,5.35E-14,-0.331582823,0.055,0.037,1.50E-09,,,
TCERG1,5.36E-14,-0.441805264,0.253,0.195,1.50E-09,,,
AL353613.1,5.38E-14,-3.609217852,0.002,0.01,1.51E-09,,,
EIF4G1,5.43E-14,-0.456925778,0.103,0.076,1.52E-09,,,
CTNNA2,5.64E-14,-2.331172199,0.026,0.042,1.58E-09,,,
ALOX5AP,5.66E-14,-1.844917268,0.021,0.036,1.59E-09,,,
STEAP4,5.78E-14,-2.355922699,0.025,0.041,1.62E-09,,,
LINC01534,5.79E-14,0.352864243,0.013,0.006,1.62E-09,,,
ACBD3-AS1,5.82E-14,-0.192366673,0.028,0.016,1.63E-09,,,
RN7SL832P,5.82E-14,0.466415414,0.012,0.005,1.63E-09,,,
RPS3A,5.97E-14,-0.355704852,0.081,0.058,1.67E-09,,,
PRR5-ARHGAP8,6.01E-14,0.339182466,0.018,0.009,1.69E-09,,,
IL2RA,6.04E-14,-2.528847398,0.01,0.022,1.69E-09,,,
EXOSC1,6.16E-14,-0.413598521,0.079,0.056,1.73E-09,,,
GNAL,6.21E-14,-0.409118557,0.101,0.074,1.74E-09,,,
C4BPB,6.21E-14,-2.527826136,0.005,0.014,1.74E-09,,,
FBXL14,6.22E-14,-1.533712137,0.023,0.039,1.74E-09,,,
ARHGAP1,6.31E-14,-0.443101249,0.115,0.085,1.77E-09,,,
ELAVL2,6.37E-14,-2.452689946,0.005,0.016,1.79E-09,,,
AC011477.2,6.42E-14,0.481225042,0.01,0.004,1.80E-09,,,
CSF2RB,6.43E-14,-2.378241693,0.004,0.014,1.80E-09,,,
AC005154.4,6.60E-14,0.339276896,0.01,0.004,1.85E-09,,,
PDE7A,6.78E-14,-0.59235439,0.27,0.207,1.90E-09,,,
LGALS3BP,6.87E-14,-1.239535617,0.095,0.117,1.92E-09,,,
DOK4,6.90E-14,-2.523316364,0.004,0.014,1.93E-09,,,
METTL23,6.99E-14,-0.321076477,0.065,0.045,1.96E-09,,,
ENC1,7.16E-14,-0.372029327,0.035,0.021,2.01E-09,,,
IL7R,7.17E-14,-2.856632013,0.011,0.023,2.01E-09,,,
AL021393.1,7.18E-14,-1.655464846,0.02,0.035,2.01E-09,,,
LINC01637,7.21E-14,-2.350647374,0.003,0.013,2.02E-09,,,
PTAFR,7.21E-14,-1.841392117,0.015,0.028,2.02E-09,,,
ZBTB41,7.26E-14,-0.421594909,0.112,0.083,2.04E-09,,,
AC025287.4,7.31E-14,-0.214878541,0.039,0.025,2.05E-09,,,
RAB11FIP4,7.44E-14,-2.595293297,0.008,0.019,2.08E-09,,,
EFHD1,7.59E-14,-2.007150036,0.014,0.028,2.13E-09,,,
ZNF98,7.63E-14,-1.660619858,0.047,0.066,2.14E-09,,,
SLC26A11,7.93E-14,-1.329613252,0.045,0.064,2.22E-09,,,
EID1,8.02E-14,-1.106647294,0.14,0.161,2.25E-09,,,
DAZAP1,8.04E-14,-0.443535064,0.117,0.088,2.25E-09,,,
RAD54B,8.05E-14,-0.113366961,0.023,0.013,2.25E-09,,,
DEF6,8.16E-14,-2.064876555,0.01,0.022,2.29E-09,,,
MALSU1,8.21E-14,-0.427347495,0.121,0.09,2.30E-09,,,
ZNF300,8.21E-14,-1.950711796,0.006,0.017,2.30E-09,,,
ITGA9,8.33E-14,-0.612210575,0.274,0.208,2.33E-09,,,
LUZP2,8.47E-14,-0.569274208,0.022,0.012,2.37E-09,,,
TAP2,8.64E-14,-2.482032609,0.007,0.017,2.42E-09,,,
AL161757.2,8.80E-14,0.250560498,0.018,0.009,2.46E-09,,,
BHLHE40-AS1,8.93E-14,-2.267749001,0.009,0.021,2.50E-09,,,
ABHD13,8.95E-14,-0.362592842,0.085,0.062,2.51E-09,,,
AC005828.1,8.99E-14,-0.152451439,0.032,0.019,2.52E-09,,,
ARHGAP26-AS1,9.13E-14,-0.259969973,0.043,0.027,2.56E-09,,,
PLEKHA3,9.20E-14,-0.362672018,0.095,0.07,2.58E-09,,,
DIS3,9.28E-14,-0.474054356,0.144,0.109,2.60E-09,,,
LINC00607,9.30E-14,-1.405482439,0.04,0.059,2.61E-09,,,
HSD17B2,9.35E-14,-3.062855112,0.002,0.01,2.62E-09,,,
RAB2B,9.38E-14,-0.414539497,0.098,0.072,2.63E-09,,,
GORASP2,9.41E-14,-0.467818006,0.106,0.078,2.64E-09,,,
SPAST,9.55E-14,-0.450612485,0.169,0.13,2.68E-09,,,
PIBF1,9.56E-14,-0.631812702,0.509,0.444,2.68E-09,,,
TRHR,9.57E-14,0.563390662,0.01,0.004,2.68E-09,,,
MFSD14B,9.58E-14,-0.443817717,0.116,0.086,2.68E-09,,,
GPN2,9.78E-14,-0.242558582,0.056,0.038,2.74E-09,,,
CCL2,9.86E-14,-2.410466884,0.008,0.02,2.76E-09,,,
ADAMTSL4,9.89E-14,-1.193156292,0.062,0.083,2.77E-09,,,
GGT7,9.92E-14,-0.443951719,0.149,0.113,2.78E-09,,,
SUMF2,1.00E-13,-0.460336788,0.166,0.127,2.81E-09,,,
C1QTNF3-AMACR,1.01E-13,-1.235189012,0.091,0.113,2.84E-09,,,
ARL14EP,1.03E-13,-1.079134936,0.142,0.162,2.90E-09,,,
MFSD4B,1.03E-13,-0.325555876,0.069,0.048,2.90E-09,,,
HLTF,1.05E-13,-0.455884611,0.222,0.17,2.93E-09,,,
ZFP69,1.05E-13,-0.135928487,0.035,0.022,2.94E-09,,,
NOC3L,1.05E-13,-1.114020658,0.102,0.124,2.94E-09,,,
AL031587.6,1.06E-13,-0.211414449,0.039,0.024,2.96E-09,,,
LYL1,1.08E-13,-2.130933078,0.009,0.02,3.03E-09,,,
STARD3,1.09E-13,-0.366535476,0.078,0.056,3.05E-09,,,
LGALS9,1.10E-13,-1.918689508,0.007,0.018,3.08E-09,,,
ACSM3,1.11E-13,-0.77715659,0.185,0.14,3.11E-09,,,
AC099753.1,1.13E-13,0.217767214,0.016,0.008,3.18E-09,,,
GGPS1,1.14E-13,-0.447626356,0.125,0.093,3.19E-09,,,
CUL9,1.14E-13,-0.344034938,0.074,0.052,3.20E-09,,,
CHD1L,1.15E-13,-1.376366898,0.056,0.076,3.22E-09,,,
VNN1,1.17E-13,-3.358460021,0.002,0.01,3.29E-09,,,
HM13,1.18E-13,-0.457033001,0.221,0.17,3.30E-09,,,
AC006547.1,1.18E-13,-0.363708745,0.059,0.04,3.31E-09,,,
TTI1,1.18E-13,-0.375151605,0.09,0.066,3.31E-09,,,
SASH3,1.18E-13,-2.754534971,0.004,0.014,3.31E-09,,,
LATS2,1.20E-13,-0.430791009,0.262,0.202,3.36E-09,,,
MRPL9,1.21E-13,-0.205805392,0.041,0.026,3.39E-09,,,
KCNK15,1.22E-13,-1.724730502,0.01,0.023,3.41E-09,,,
ADGRG1,1.22E-13,-2.641059802,0.005,0.015,3.41E-09,,,
INPP4B,1.22E-13,-1.812173069,0.105,0.126,3.42E-09,,,
C3orf14,1.24E-13,-2.206152339,0.006,0.016,3.48E-09,,,
ZMAT5,1.26E-13,-0.211631847,0.036,0.022,3.53E-09,,,
DES,1.26E-13,-2.500900061,0.003,0.011,3.53E-09,,,
AL109935.1,1.27E-13,0.405440366,0.015,0.007,3.55E-09,,,
C2orf68,1.28E-13,-0.417539491,0.081,0.058,3.58E-09,,,
ZNF519,1.28E-13,-0.456073937,0.141,0.106,3.58E-09,,,
ZNF45,1.29E-13,-0.247627116,0.059,0.04,3.61E-09,,,
ADPRHL1,1.31E-13,0.443288203,0.012,0.006,3.66E-09,,,
CRIM1,1.31E-13,-0.710770825,0.538,0.471,3.68E-09,,,
SGPL1,1.33E-13,-0.364564556,0.151,0.116,3.72E-09,,,
AC137810.1,1.33E-13,-0.187873531,0.038,0.024,3.74E-09,,,
SLC29A3,1.35E-13,-1.856617152,0.014,0.027,3.79E-09,,,
AL137779.1,1.38E-13,-0.14259057,0.023,0.013,3.86E-09,,,
RGS19,1.39E-13,-2.169219903,0.01,0.022,3.88E-09,,,
ANKMY1,1.44E-13,-0.458881558,0.149,0.114,4.04E-09,,,
LINC00571,1.46E-13,-0.181668849,0.043,0.028,4.08E-09,,,
AC006978.2,1.46E-13,-0.56082296,0.125,0.093,4.09E-09,,,
HAGHL,1.48E-13,-2.663565638,0.005,0.015,4.14E-09,,,
WARS2,1.50E-13,-1.167969054,0.142,0.161,4.22E-09,,,
LINC00923,1.51E-13,-0.362677554,0.07,0.049,4.23E-09,,,
AC092821.3,1.54E-13,-1.941152304,0.01,0.021,4.31E-09,,,
DNAJB4,1.54E-13,-0.412523749,0.073,0.052,4.31E-09,,,
NIPA2,1.55E-13,-0.307812992,0.083,0.06,4.35E-09,,,
PARM1,1.56E-13,-0.702193695,0.052,0.034,4.37E-09,,,
AC138956.2,1.57E-13,-0.336685051,0.05,0.033,4.39E-09,,,
SNAI3,1.57E-13,-0.226146304,0.028,0.016,4.39E-09,,,
RHOC,1.59E-13,-1.455866615,0.022,0.037,4.47E-09,,,
NDC80,1.60E-13,-2.375716819,0.003,0.011,4.49E-09,,,
KDM1B,1.61E-13,-1.198144097,0.09,0.112,4.50E-09,,,
MGAT4B,1.63E-13,-1.458024502,0.024,0.04,4.56E-09,,,
NAPEPLD,1.68E-13,-1.116609224,0.123,0.144,4.70E-09,,,
GPR155,1.68E-13,-0.585096577,0.139,0.105,4.72E-09,,,
RIMS1,1.71E-13,-1.841767746,0.044,0.063,4.80E-09,,,
GPR89B,1.74E-13,-0.307095625,0.051,0.034,4.89E-09,,,
AC009948.1,1.74E-13,-0.460362946,0.082,0.059,4.89E-09,,,
MBD1,1.75E-13,-0.354545207,0.089,0.065,4.92E-09,,,
MFAP5,1.77E-13,-1.888428236,0.06,0.08,4.97E-09,,,
CPNE3,1.78E-13,-0.397954567,0.181,0.139,4.99E-09,,,
PNPLA4,1.78E-13,-0.125531733,0.039,0.025,5.00E-09,,,
CTSK,1.81E-13,-1.374020097,0.043,0.062,5.06E-09,,,
AL121852.1,1.82E-13,0.17455927,0.013,0.006,5.11E-09,,,
MDC1-AS1,1.83E-13,-0.22076534,0.035,0.022,5.13E-09,,,
COMMD4,1.88E-13,-0.326591261,0.058,0.04,5.27E-09,,,
RAD9B,1.89E-13,0.223541921,0.018,0.009,5.29E-09,,,
TMEM223,1.92E-13,-0.457538142,0.077,0.055,5.39E-09,,,
GLB1,1.94E-13,-0.54133739,0.165,0.126,5.45E-09,,,
CMPK2,1.96E-13,-2.966776216,0.002,0.01,5.50E-09,,,
DNAJC13,2.00E-13,-1.012169461,0.208,0.22,5.60E-09,,,
KCNJ5,2.01E-13,-2.3375344,0.004,0.013,5.64E-09,,,
KMT5B,2.03E-13,-0.439014047,0.298,0.229,5.69E-09,,,
LUZP1,2.06E-13,-0.493391814,0.188,0.144,5.76E-09,,,
LTV1,2.06E-13,-0.291545341,0.039,0.025,5.78E-09,,,
PON3,2.07E-13,-1.487369735,0.035,0.053,5.81E-09,,,
VDR,2.10E-13,-2.05220177,0.005,0.014,5.89E-09,,,
PTS,2.11E-13,-0.523431901,0.184,0.14,5.91E-09,,,
YTHDC1,2.13E-13,-0.4082508,0.348,0.266,5.96E-09,,,
SIGIRR,2.13E-13,-1.750488098,0.019,0.034,5.98E-09,,,
RPSA,2.16E-13,-1.183493002,0.104,0.126,6.06E-09,,,
SF3A1,2.18E-13,-0.366149785,0.058,0.04,6.11E-09,,,
AC092611.1,2.21E-13,0.356947517,0.011,0.004,6.18E-09,,,
SMARCD2,2.21E-13,-0.368396158,0.085,0.061,6.19E-09,,,
SARAF,2.25E-13,-1.059895926,0.185,0.2,6.30E-09,,,
MTPAP,2.29E-13,-0.330963956,0.074,0.053,6.42E-09,,,
ZNF212,2.34E-13,-0.297078234,0.05,0.033,6.56E-09,,,
PPP2R1A,2.36E-13,-0.447035544,0.091,0.066,6.61E-09,,,
AC011389.1,2.37E-13,-0.577040209,0.176,0.133,6.63E-09,,,
HOMER3,2.44E-13,-1.760393943,0.009,0.021,6.84E-09,,,
AL080276.2,2.47E-13,-0.25177274,0.057,0.039,6.93E-09,,,
LRTOMT,2.48E-13,-0.14482711,0.042,0.027,6.96E-09,,,
HSCB,2.49E-13,-0.421371804,0.101,0.075,6.99E-09,,,
PCOLCE-AS1,2.53E-13,-2.763651015,0.003,0.011,7.09E-09,,,
YIPF2,2.54E-13,-0.32489205,0.055,0.038,7.11E-09,,,
AC010680.3,2.57E-13,0.550372983,0.012,0.006,7.21E-09,,,
AC024563.1,2.59E-13,0.163752781,0.015,0.007,7.26E-09,,,
NPHP4,2.62E-13,-1.420985701,0.037,0.055,7.34E-09,,,
NOSIP,2.68E-13,-0.379249533,0.093,0.068,7.52E-09,,,
AC008050.1,2.70E-13,-2.679768577,0.012,0.025,7.57E-09,,,
IFRD2,2.90E-13,-0.119897573,0.043,0.028,8.11E-09,,,
KIF3A,2.90E-13,-1.315342507,0.068,0.089,8.13E-09,,,
CRHBP,2.91E-13,-3.005942977,0.004,0.013,8.15E-09,,,
SLC16A6,2.99E-13,-0.141902276,0.017,0.009,8.37E-09,,,
SDF2L1,2.99E-13,-1.710998232,0.014,0.027,8.39E-09,,,
DTHD1,3.08E-13,-4.055802498,0.003,0.012,8.62E-09,,,
CNOT10,3.10E-13,-0.493585374,0.188,0.145,8.69E-09,,,
IRAK4,3.11E-13,-1.20215243,0.092,0.113,8.72E-09,,,
DENND2C,3.12E-13,-0.359425851,0.076,0.054,8.74E-09,,,
MAP4K5,3.12E-13,-0.251056984,0.37,0.29,8.74E-09,,,
CHST7,3.16E-13,-2.054296658,0.007,0.017,8.85E-09,,,
BICRA-AS1,3.23E-13,-0.506720968,0.068,0.048,9.04E-09,,,
ZNF449,3.26E-13,-0.251020568,0.045,0.029,9.14E-09,,,
LINC01311,3.31E-13,0.242823492,0.012,0.006,9.28E-09,,,
CACNB1,3.42E-13,-2.702696811,0.004,0.013,9.59E-09,,,
CAPN10-AS1,3.44E-13,-0.26517509,0.035,0.022,9.64E-09,,,
TMEM50A,3.46E-13,-1.169265404,0.124,0.145,9.69E-09,,,
AP002954.1,3.49E-13,-0.335049427,0.078,0.056,9.78E-09,,,
VARS2,3.58E-13,-0.172277664,0.03,0.018,1.00E-08,,,
HRNR,3.60E-13,0.21803496,0.016,0.008,1.01E-08,,,
AC008741.2,3.61E-13,-0.196225742,0.046,0.031,1.01E-08,,,
MAPKAPK5-AS1,3.74E-13,-0.388594931,0.075,0.054,1.05E-08,,,
USP34,3.77E-13,-0.121161723,0.737,0.563,1.06E-08,,,
TGIF2-C20orf24,3.77E-13,0.545556184,0.012,0.006,1.06E-08,,,
MAIP1,3.77E-13,-0.372254562,0.049,0.033,1.06E-08,,,
POLR2L,3.78E-13,-0.574368904,0.121,0.091,1.06E-08,,,
WBP11,3.78E-13,-0.286316745,0.092,0.068,1.06E-08,,,
WIPF3,3.81E-13,-2.923415609,0.004,0.013,1.07E-08,,,
OSBPL2,3.86E-13,-0.394601611,0.099,0.074,1.08E-08,,,
MRPS18B,3.88E-13,-0.333205055,0.064,0.045,1.09E-08,,,
ZNF773,3.90E-13,-0.242591975,0.024,0.014,1.09E-08,,,
SH3BP1,3.92E-13,-2.64168731,0.005,0.014,1.10E-08,,,
TP53INP1,3.93E-13,-0.418798273,0.145,0.111,1.10E-08,,,
GIGYF2,3.93E-13,-0.360755456,0.459,0.346,1.10E-08,,,
AC068282.1,3.93E-13,0.487280243,0.012,0.005,1.10E-08,,,
SLC35E4,3.94E-13,-1.656029142,0.027,0.043,1.10E-08,,,
HSD52,3.95E-13,-3.8801883,0.003,0.011,1.11E-08,,,
AC073389.2,3.96E-13,-1.463993508,0.025,0.04,1.11E-08,,,
KIF2A,4.01E-13,-0.516204252,0.223,0.172,1.12E-08,,,
TNFAIP3,4.01E-13,-1.811683985,0.025,0.041,1.12E-08,,,
SMPDL3A,4.02E-13,-1.472425898,0.021,0.035,1.13E-08,,,
SLC25A37,4.02E-13,-0.457634461,0.234,0.181,1.13E-08,,,
ZFPM1,4.08E-13,-1.616787263,0.024,0.039,1.14E-08,,,
SEZ6L,4.13E-13,-2.685152678,0.006,0.016,1.16E-08,,,
AC007494.2,4.24E-13,0.16850229,0.012,0.006,1.19E-08,,,
PNPLA6,4.28E-13,-1.51759207,0.028,0.044,1.20E-08,,,
C16orf72,4.28E-13,-0.431112212,0.12,0.09,1.20E-08,,,
SEL1L2,4.38E-13,0.29850015,0.011,0.005,1.23E-08,,,
GCH1,4.42E-13,-2.181986218,0.012,0.024,1.24E-08,,,
MTX3,4.51E-13,-0.359901424,0.067,0.047,1.26E-08,,,
TERF2,4.51E-13,-0.379901967,0.094,0.069,1.27E-08,,,
CDC27,4.53E-13,-0.420582472,0.358,0.274,1.27E-08,,,
GALNT6,4.61E-13,-2.459885419,0.006,0.015,1.29E-08,,,
EIF5A2,4.77E-13,-1.566321273,0.018,0.032,1.34E-08,,,
MRPL43,4.80E-13,-0.387955269,0.063,0.044,1.34E-08,,,
LINC01828,4.89E-13,-1.260833117,0.049,0.068,1.37E-08,,,
GBP5,5.01E-13,-3.073394371,0.003,0.011,1.40E-08,,,
THEM6,5.15E-13,-0.129977914,0.025,0.014,1.44E-08,,,
GABRR2,5.16E-13,0.330900927,0.011,0.005,1.45E-08,,,
PABPC1,5.22E-13,-0.463978855,0.318,0.244,1.46E-08,,,
FAM76B,5.24E-13,-0.442818601,0.116,0.087,1.47E-08,,,
KCNS3,5.26E-13,-2.257584235,0.009,0.02,1.47E-08,,,
ZNF582,5.27E-13,-0.175629369,0.031,0.019,1.48E-08,,,
GCA,5.28E-13,-1.166218413,0.09,0.111,1.48E-08,,,
ST7-AS1,5.28E-13,0.515838807,0.01,0.004,1.48E-08,,,
LINC01146,5.30E-13,-3.338415455,0.003,0.011,1.48E-08,,,
EIF3M,5.31E-13,-1.084112119,0.164,0.181,1.49E-08,,,
C12orf66,5.33E-13,-0.118226404,0.03,0.018,1.49E-08,,,
AC091153.2,5.43E-13,-0.43653995,0.054,0.037,1.52E-08,,,
SNHG25,5.44E-13,-0.376127711,0.22,0.171,1.53E-08,,,
NFYA,5.44E-13,-0.297588853,0.066,0.046,1.53E-08,,,
PGGHG,5.45E-13,-1.892362159,0.009,0.02,1.53E-08,,,
ANXA9,5.45E-13,-1.979418796,0.009,0.02,1.53E-08,,,
KHNYN,5.65E-13,-0.387103655,0.089,0.065,1.58E-08,,,
CEP57,5.74E-13,-0.466968966,0.224,0.173,1.61E-08,,,
CHD2,5.77E-13,-0.398516792,0.394,0.301,1.62E-08,,,
MCPH1,5.80E-13,-0.451579718,0.369,0.281,1.63E-08,,,
NRXN1,5.83E-13,-0.438037428,0.026,0.015,1.63E-08,,,
USP10,5.91E-13,-0.500399737,0.191,0.147,1.66E-08,,,
DPY19L4,5.96E-13,-0.509027786,0.151,0.116,1.67E-08,,,
PRNP,6.02E-13,-1.137330889,0.094,0.115,1.69E-08,,,
MTMR14,6.07E-13,-0.447330179,0.142,0.108,1.70E-08,,,
AC009137.1,6.08E-13,-0.357385588,0.043,0.028,1.70E-08,,,
AC100793.2,6.10E-13,-1.671450536,0.019,0.033,1.71E-08,,,
SKP1,6.12E-13,-0.504012971,0.175,0.135,1.71E-08,,,
GMEB1,6.17E-13,-0.417097895,0.067,0.048,1.73E-08,,,
USP19,6.17E-13,-0.30915824,0.046,0.03,1.73E-08,,,
NUFIP2,6.24E-13,-0.495209437,0.261,0.201,1.75E-08,,,
VAMP4,6.24E-13,-0.439540984,0.1,0.074,1.75E-08,,,
SERPINF2,6.31E-13,0.213881216,0.013,0.006,1.77E-08,,,
LGR6,6.38E-13,-2.63524905,0.004,0.012,1.79E-08,,,
AC132192.1,6.46E-13,-0.202867389,0.029,0.017,1.81E-08,,,
RASGRP4,6.49E-13,-2.917364668,0.003,0.011,1.82E-08,,,
AC011815.2,6.51E-13,-0.263773311,0.046,0.031,1.82E-08,,,
AC023906.5,6.59E-13,-0.185269152,0.023,0.013,1.85E-08,,,
TNNT1,6.62E-13,-2.286822626,0.006,0.016,1.86E-08,,,
YDJC,6.66E-13,-2.729003901,0.003,0.011,1.87E-08,,,
AC009563.1,6.75E-13,-0.144873205,0.03,0.018,1.89E-08,,,
LINC01018,6.98E-13,-2.227511495,0.003,0.011,1.96E-08,,,
SMG1,6.99E-13,-0.452452119,0.337,0.258,1.96E-08,,,
SORCS2,7.05E-13,-2.081516826,0.018,0.032,1.98E-08,,,
RBM23,7.06E-13,-0.461014569,0.176,0.136,1.98E-08,,,
NOTCH3,7.17E-13,-2.487214088,0.009,0.021,2.01E-08,,,
PLET1,7.17E-13,-0.236617081,0.039,0.025,2.01E-08,,,
NR2F1-AS1,7.21E-13,-0.425783687,0.507,0.372,2.02E-08,,,
RHOG,7.35E-13,-1.562567181,0.012,0.025,2.06E-08,,,
JUN,7.38E-13,-1.451964045,0.083,0.103,2.07E-08,,,
ZNF446,7.40E-13,-0.119666117,0.029,0.018,2.08E-08,,,
POF1B,7.49E-13,-2.689387086,0.002,0.01,2.10E-08,,,
MUS81,7.51E-13,-0.433158771,0.091,0.067,2.11E-08,,,
SNHG10,7.55E-13,-0.190047231,0.036,0.022,2.11E-08,,,
FO393419.2,7.55E-13,-0.284481671,0.028,0.016,2.12E-08,,,
MAK16,7.64E-13,-0.233572019,0.044,0.029,2.14E-08,,,
SKA2,7.85E-13,-0.448644991,0.116,0.087,2.20E-08,,,
CRTAP,7.94E-13,-0.475033418,0.126,0.096,2.22E-08,,,
PLPPR4,7.96E-13,-0.112741572,0.035,0.022,2.23E-08,,,
FRG1,7.99E-13,-0.3715616,0.09,0.066,2.24E-08,,,
CCDC13,8.02E-13,0.181969964,0.014,0.006,2.25E-08,,,
SLC25A38,8.02E-13,-0.122625269,0.031,0.019,2.25E-08,,,
NBL1,8.05E-13,-1.549161788,0.024,0.039,2.26E-08,,,
MSMP,8.07E-13,0.418445896,0.011,0.005,2.26E-08,,,
AC006213.3,8.13E-13,-0.336332317,0.058,0.04,2.28E-08,,,
NAB1,8.14E-13,-0.448546702,0.133,0.101,2.28E-08,,,
SCML4,8.18E-13,-2.916164646,0.007,0.018,2.29E-08,,,
PI16,8.24E-13,-2.192706581,0.013,0.026,2.31E-08,,,
TTC7A,8.25E-13,-0.830166013,0.313,0.304,2.31E-08,,,
RB1CC1,8.31E-13,-0.437271868,0.401,0.303,2.33E-08,,,
GPX2,8.32E-13,-0.168672004,0.029,0.017,2.33E-08,,,
EVPL,8.38E-13,-1.916468863,0.009,0.021,2.35E-08,,,
01-Dec,8.42E-13,0.636367821,0.01,0.004,2.36E-08,,,
STK17B,8.55E-13,-1.320781621,0.134,0.153,2.40E-08,,,
PAFAH1B3,8.55E-13,-2.474972594,0.004,0.012,2.40E-08,,,
MAPKAPK2,8.57E-13,-0.482029185,0.081,0.059,2.40E-08,,,
SGTB,8.60E-13,-1.535589942,0.025,0.041,2.41E-08,,,
EIF1AY,9.08E-13,-0.21988892,0.041,0.027,2.55E-08,,,
AP002336.1,9.09E-13,0.392266541,0.011,0.005,2.55E-08,,,
ZNF215,9.18E-13,0.287775882,0.017,0.009,2.57E-08,,,
ANGPTL7,9.23E-13,-1.520546845,0.031,0.047,2.59E-08,,,
VAMP8,9.25E-13,-0.41795698,0.087,0.064,2.59E-08,,,
AC022150.1,9.39E-13,-0.128502783,0.019,0.01,2.63E-08,,,
DHRS9,9.44E-13,-3.102121438,0.004,0.012,2.65E-08,,,
PCNX4,9.46E-13,-0.866973308,0.288,0.285,2.65E-08,,,
HAT1,9.51E-13,-0.448000155,0.12,0.091,2.67E-08,,,
SMC1A,9.59E-13,-0.40105095,0.134,0.103,2.69E-08,,,
CXCL16,9.76E-13,-1.968921826,0.008,0.019,2.73E-08,,,
GTF3C2-AS1,9.97E-13,0.312324498,0.011,0.005,2.79E-08,,,
PCDHGA6,1.00E-12,-2.226652309,0.007,0.018,2.81E-08,,,
NEMP1,1.00E-12,-0.367271513,0.098,0.073,2.81E-08,,,
NUAK1,1.01E-12,-1.51487767,0.072,0.092,2.82E-08,,,
MRPL47,1.01E-12,-0.229645256,0.05,0.033,2.82E-08,,,
NUP188,1.02E-12,-0.425914183,0.079,0.057,2.87E-08,,,
MAPK3,1.03E-12,-1.33998941,0.037,0.055,2.87E-08,,,
KIAA0141,1.04E-12,-1.25005933,0.079,0.099,2.90E-08,,,
DPH3,1.04E-12,-0.280144021,0.033,0.02,2.92E-08,,,
AC092598.1,1.05E-12,0.214425126,0.012,0.005,2.94E-08,,,
RFT1,1.06E-12,-0.336872193,0.058,0.04,2.96E-08,,,
TSNARE1,1.06E-12,-0.507344307,0.079,0.057,2.98E-08,,,
DENND2D,1.07E-12,-0.29321816,0.032,0.02,2.99E-08,,,
ZNF579,1.07E-12,-1.909850498,0.008,0.019,3.00E-08,,,
AP002449.1,1.09E-12,-0.18485283,0.037,0.024,3.05E-08,,,
MIR762HG,1.15E-12,-0.490126274,0.098,0.072,3.22E-08,,,
IL27RA,1.21E-12,-2.324537495,0.007,0.017,3.38E-08,,,
ALG6,1.21E-12,-0.470387371,0.081,0.059,3.40E-08,,,
WWC3-AS1,1.24E-12,-1.982945089,0.01,0.021,3.47E-08,,,
TTL,1.25E-12,-1.252685821,0.068,0.088,3.51E-08,,,
CWC15,1.26E-12,-0.445810475,0.108,0.081,3.52E-08,,,
COA5,1.27E-12,-0.297405997,0.057,0.04,3.55E-08,,,
AC004593.1,1.27E-12,-1.510095842,0.015,0.027,3.56E-08,,,
UTS2,1.27E-12,0.187796919,0.015,0.008,3.57E-08,,,
FDX1,1.28E-12,-0.42985401,0.072,0.052,3.59E-08,,,
ST3GAL4,1.28E-12,-0.593270162,0.055,0.037,3.60E-08,,,
RPH3A,1.33E-12,0.162603032,0.012,0.005,3.74E-08,,,
RPUSD2,1.33E-12,0.137330497,0.02,0.011,3.74E-08,,,
MAN2B2,1.34E-12,-0.437231445,0.083,0.061,3.75E-08,,,
COX6B1,1.34E-12,-0.478540164,0.102,0.077,3.77E-08,,,
CCDC152,1.36E-12,-0.413497262,0.073,0.052,3.80E-08,,,
METTL2A,1.36E-12,-0.385933507,0.043,0.028,3.82E-08,,,
SYT17,1.38E-12,-0.360740034,0.234,0.184,3.87E-08,,,
ZNF320,1.39E-12,-0.343458721,0.044,0.029,3.91E-08,,,
AC104041.1,1.40E-12,-1.578733913,0.034,0.051,3.93E-08,,,
UNK,1.40E-12,-0.507269126,0.168,0.129,3.93E-08,,,
AL391335.1,1.41E-12,0.386192459,0.012,0.006,3.95E-08,,,
CBLN4,1.43E-12,-3.38462563,0.003,0.012,4.02E-08,,,
AC010478.1,1.44E-12,-0.162387998,0.051,0.035,4.03E-08,,,
TMEM56,1.44E-12,-0.158260157,0.019,0.01,4.03E-08,,,
GPSM3,1.44E-12,-2.18106868,0.006,0.015,4.04E-08,,,
INTS8,1.48E-12,-0.467439093,0.163,0.125,4.14E-08,,,
KIAA1324L,1.50E-12,-1.16401693,0.105,0.126,4.21E-08,,,
NAPRT,1.52E-12,-0.243815578,0.034,0.021,4.25E-08,,,
COX7A2L,1.55E-12,-0.499593534,0.092,0.068,4.34E-08,,,
EIF2B4,1.55E-12,-0.409376261,0.083,0.061,4.36E-08,,,
THBD,1.56E-12,-2.234202013,0.005,0.014,4.37E-08,,,
SOX18,1.59E-12,-2.813276183,0.006,0.015,4.46E-08,,,
MRPL58,1.60E-12,-0.176869132,0.042,0.028,4.48E-08,,,
AP001636.3,1.61E-12,-3.254528966,0.002,0.01,4.50E-08,,,
SEMA4F,1.64E-12,0.133953363,0.023,0.013,4.59E-08,,,
MIR646HG,1.64E-12,-0.534721536,0.11,0.083,4.60E-08,,,
HTR7,1.72E-12,-3.450535941,0.003,0.011,4.81E-08,,,
AL137129.1,1.74E-12,0.426633065,0.01,0.004,4.88E-08,,,
SDE2,1.75E-12,-0.186514904,0.037,0.024,4.90E-08,,,
PHF19,1.76E-12,-1.618068975,0.018,0.032,4.93E-08,,,
IER5L,1.81E-12,-1.413095299,0.027,0.042,5.07E-08,,,
AJAP1,1.82E-12,-2.801779908,0.003,0.012,5.11E-08,,,
ACIN1,1.85E-12,-0.447039823,0.316,0.244,5.19E-08,,,
NUGGC,1.85E-12,-1.70734299,0.012,0.025,5.19E-08,,,
NSUN3,1.86E-12,-1.067759363,0.12,0.14,5.22E-08,,,
LIPC,1.87E-12,-2.785163487,0.004,0.012,5.23E-08,,,
C18orf54,1.90E-12,-2.236758024,0.007,0.017,5.33E-08,,,
ARMC6,1.92E-12,-0.165746221,0.034,0.022,5.38E-08,,,
FAM66C,1.93E-12,-1.784824817,0.019,0.033,5.40E-08,,,
UBA52,1.97E-12,-1.083915476,0.142,0.162,5.51E-08,,,
SELENOS,2.00E-12,-0.501772491,0.19,0.147,5.61E-08,,,
NIF3L1,2.05E-12,-0.276904925,0.052,0.036,5.75E-08,,,
ZNF467,2.08E-12,-1.470007873,0.019,0.033,5.83E-08,,,
LRP4,2.09E-12,-2.895701936,0.005,0.014,5.86E-08,,,
MAEL,2.11E-12,-1.949338506,0.004,0.012,5.90E-08,,,
ZNF286B,2.14E-12,-2.132920291,0.006,0.016,5.98E-08,,,
CYB5R3,2.14E-12,-0.523384587,0.128,0.097,6.01E-08,,,
MRPL44,2.16E-12,-0.161515642,0.035,0.022,6.05E-08,,,
AL158152.1,2.17E-12,-0.31830005,0.04,0.026,6.09E-08,,,
AC100793.3,2.18E-12,-0.307465534,0.03,0.018,6.10E-08,,,
AC104170.2,2.20E-12,-0.227256155,0.015,0.008,6.18E-08,,,
MGAT1,2.23E-12,-1.316708691,0.112,0.131,6.26E-08,,,
SIGLEC11,2.24E-12,-2.688429747,0.003,0.011,6.27E-08,,,
VPS50,2.25E-12,-0.487818164,0.274,0.212,6.30E-08,,,
AC036176.1,2.25E-12,-0.305113494,0.025,0.014,6.30E-08,,,
TSPYL1,2.32E-12,-1.378512942,0.025,0.041,6.50E-08,,,
CCDC102A,2.32E-12,-1.717577576,0.015,0.028,6.50E-08,,,
AL162431.2,2.35E-12,-0.161765169,0.024,0.014,6.59E-08,,,
AL049697.1,2.36E-12,0.120341364,0.012,0.005,6.62E-08,,,
SLC22A17,2.39E-12,-2.061520743,0.01,0.021,6.68E-08,,,
POLA1,2.39E-12,-0.424652583,0.199,0.155,6.71E-08,,,
TRIM21,2.41E-12,-1.902636619,0.008,0.019,6.76E-08,,,
AC006581.1,2.44E-12,-0.31527733,0.01,0.004,6.84E-08,,,
HNRNPD,2.44E-12,-0.884384001,0.255,0.258,6.85E-08,,,
AC009542.1,2.48E-12,-0.344061799,0.042,0.027,6.94E-08,,,
PTHLH,2.49E-12,-2.146456797,0.003,0.01,6.97E-08,,,
TPMT,2.50E-12,-1.58290466,0.015,0.028,7.01E-08,,,
AP1B1,2.55E-12,-1.297247149,0.097,0.116,7.15E-08,,,
NOS1AP,2.58E-12,-1.091070742,0.114,0.134,7.23E-08,,,
AL356277.3,2.58E-12,-3.470011055,0.005,0.014,7.24E-08,,,
MESD,2.62E-12,-0.542412924,0.181,0.14,7.34E-08,,,
PHIP,2.62E-12,-0.627186661,0.469,0.421,7.35E-08,,,
AC104984.6,2.66E-12,-0.233398711,0.027,0.016,7.47E-08,,,
KXD1,2.73E-12,-0.303579309,0.051,0.035,7.64E-08,,,
IRGM,2.80E-12,0.228643426,0.016,0.008,7.84E-08,,,
DUSP22,2.80E-12,-0.47184933,0.1,0.075,7.84E-08,,,
KLF13,2.80E-12,-0.397940531,0.109,0.083,7.84E-08,,,
AL512770.1,2.81E-12,0.115350011,0.013,0.006,7.87E-08,,,
ALKBH4,2.84E-12,-0.227846544,0.044,0.029,7.96E-08,,,
AP000866.2,2.91E-12,-0.237023953,0.025,0.014,8.16E-08,,,
POLR3F,2.92E-12,-0.355827522,0.061,0.043,8.19E-08,,,
ZNF502,2.95E-12,-0.250030474,0.033,0.021,8.27E-08,,,
COMMD10,2.95E-12,-0.391597124,0.486,0.364,8.28E-08,,,
TBL1X,2.96E-12,-0.562848268,0.2,0.155,8.29E-08,,,
AL590094.1,2.99E-12,-0.336713498,0.045,0.03,8.38E-08,,,
CCDC142,3.02E-12,-0.214554996,0.045,0.03,8.47E-08,,,
SREK1,3.08E-12,-0.432258665,0.32,0.248,8.62E-08,,,
HOXC4,3.09E-12,-2.803280952,0.003,0.01,8.65E-08,,,
MTHFD1L,3.13E-12,-1.100785819,0.128,0.147,8.78E-08,,,
IL20RA,3.15E-12,-2.272209427,0.006,0.016,8.83E-08,,,
RAD1,3.19E-12,-0.29507805,0.048,0.032,8.93E-08,,,
ATP6V0A2,3.19E-12,-0.531439776,0.088,0.065,8.95E-08,,,
MAD1L1,3.20E-12,-0.54234515,0.145,0.111,8.95E-08,,,
SPG11,3.23E-12,-0.425234579,0.403,0.307,9.04E-08,,,
AC103769.1,3.23E-12,-0.232283781,0.021,0.012,9.05E-08,,,
GTF2A2,3.25E-12,-0.421779485,0.077,0.056,9.10E-08,,,
TMEM147,3.30E-12,-1.349309122,0.039,0.057,9.26E-08,,,
AC105001.1,3.39E-12,-0.333597525,0.028,0.017,9.49E-08,,,
EPS15L1,3.40E-12,-0.472469134,0.213,0.165,9.52E-08,,,
RER1,3.40E-12,-0.498868367,0.144,0.111,9.54E-08,,,
ZFAND3,3.43E-12,-0.451765859,0.686,0.568,9.62E-08,,,
AC026471.1,3.44E-12,-0.300152742,0.038,0.025,9.65E-08,,,
RASAL3,3.48E-12,-2.613534351,0.004,0.013,9.76E-08,,,
SPATA5,3.49E-12,-0.434790529,0.295,0.229,9.77E-08,,,
LINC01708,3.50E-12,0.233174908,0.013,0.006,9.81E-08,,,
PYM1,3.53E-12,-0.288697439,0.048,0.033,9.90E-08,,,
FMO3,3.57E-12,-0.38797662,0.021,0.011,1.00E-07,,,
PIPOX,3.64E-12,-0.128894138,0.024,0.014,1.02E-07,,,
PAQR5,3.65E-12,-2.63042182,0.004,0.013,1.02E-07,,,
COX7A2,3.71E-12,-0.446970934,0.125,0.095,1.04E-07,,,
AC010547.1,3.75E-12,0.475377283,0.011,0.005,1.05E-07,,,
SNRPA1,3.89E-12,-0.486930508,0.098,0.073,1.09E-07,,,
GREM1,3.92E-12,-3.001834491,0.005,0.014,1.10E-07,,,
OSGEPL1-AS1,3.94E-12,0.19814438,0.016,0.008,1.10E-07,,,
PGRMC1,3.95E-12,-1.142725351,0.096,0.117,1.11E-07,,,
ECT2,3.97E-12,-0.230771335,0.047,0.032,1.11E-07,,,
TRAPPC12,4.00E-12,-0.530270824,0.234,0.181,1.12E-07,,,
SMIM25,4.12E-12,-1.912580436,0.004,0.012,1.16E-07,,,
FGF14-AS1,4.21E-12,-3.105740583,0.004,0.012,1.18E-07,,,
TSPAN31,4.21E-12,-0.354657526,0.086,0.063,1.18E-07,,,
PHYHIPL,4.22E-12,-1.730078351,0.022,0.036,1.18E-07,,,
JDP2,4.27E-12,-0.359342393,0.09,0.067,1.20E-07,,,
RBM34,4.28E-12,-0.133427275,0.02,0.011,1.20E-07,,,
C9orf116,4.32E-12,0.233902521,0.012,0.006,1.21E-07,,,
RNASEH2B,4.34E-12,-1.184069123,0.123,0.141,1.22E-07,,,
MOB1B,4.36E-12,-1.153531604,0.102,0.122,1.22E-07,,,
FXR2,4.41E-12,-0.258948118,0.034,0.022,1.24E-07,,,
GAN,4.49E-12,-0.492796593,0.145,0.112,1.26E-07,,,
GFOD1,4.51E-12,-0.821386586,0.135,0.102,1.26E-07,,,
SLC25A12,4.66E-12,-0.496880072,0.277,0.215,1.31E-07,,,
TARBP1,4.69E-12,-0.53086802,0.138,0.105,1.31E-07,,,
AC073050.1,4.71E-12,-1.969494795,0.024,0.039,1.32E-07,,,
FAM180A,4.72E-12,-2.452352991,0.005,0.014,1.32E-07,,,
AL353616.2,4.80E-12,-2.292539403,0.008,0.018,1.34E-07,,,
DTNBP1,4.81E-12,-1.107365474,0.12,0.139,1.35E-07,,,
ATRX,4.82E-12,-0.575248025,0.543,0.466,1.35E-07,,,
AC007216.3,4.83E-12,0.134450663,0.016,0.008,1.35E-07,,,
SNHG18,4.88E-12,-1.409862631,0.032,0.047,1.37E-07,,,
FAM46C,4.90E-12,-2.250790275,0.006,0.016,1.37E-07,,,
LINC01122,4.91E-12,-2.436464775,0.008,0.018,1.38E-07,,,
AC004702.1,4.91E-12,0.443678374,0.01,0.004,1.38E-07,,,
AL353768.1,4.93E-12,-0.211188704,0.046,0.031,1.38E-07,,,
SYS1,4.98E-12,-1.503471659,0.017,0.031,1.40E-07,,,
DCTN6,5.00E-12,-0.326754779,0.063,0.045,1.40E-07,,,
GNPDA1,5.00E-12,-0.384834253,0.097,0.073,1.40E-07,,,
MYO19,5.03E-12,-0.512349115,0.138,0.105,1.41E-07,,,
AC012404.1,5.04E-12,-1.016701026,0.365,0.337,1.41E-07,,,
B3GNT5,5.04E-12,-0.342584758,0.052,0.036,1.41E-07,,,
HOTAIRM1,5.06E-12,-0.376964671,0.109,0.083,1.42E-07,,,
MSANTD2,5.10E-12,-0.45989081,0.143,0.11,1.43E-07,,,
RBSN,5.10E-12,-0.449070035,0.109,0.082,1.43E-07,,,
PHYHIP,5.13E-12,-2.371147921,0.004,0.012,1.44E-07,,,
GAREM2,5.15E-12,-0.108143829,0.024,0.014,1.44E-07,,,
FAR2,5.21E-12,-1.24161707,0.12,0.139,1.46E-07,,,
PPCDC,5.23E-12,-0.496603384,0.168,0.13,1.47E-07,,,
OSTF1,5.25E-12,-1.255523723,0.098,0.117,1.47E-07,,,
TADA1,5.32E-12,-0.339360554,0.054,0.037,1.49E-07,,,
PALD1,5.34E-12,-1.880727949,0.023,0.037,1.50E-07,,,
RPL38,5.41E-12,-1.189018744,0.17,0.185,1.52E-07,,,
AC009122.1,5.44E-12,-0.139417334,0.023,0.013,1.52E-07,,,
SRD5A3,5.49E-12,-0.208322802,0.04,0.027,1.54E-07,,,
CBFB,5.56E-12,-0.464602617,0.21,0.164,1.56E-07,,,
LRRC25,5.59E-12,-1.542112458,0.005,0.014,1.57E-07,,,
AC109927.1,5.61E-12,-0.453232661,0.076,0.055,1.57E-07,,,
KCNQ3,5.62E-12,-0.406315714,0.017,0.009,1.58E-07,,,
CPB1,5.74E-12,-1.956578476,0.009,0.019,1.61E-07,,,
AC007743.1,5.77E-12,-3.128975716,0.003,0.011,1.62E-07,,,
PDCD4,5.82E-12,-1.022569838,0.255,0.255,1.63E-07,,,
AL354822.1,5.98E-12,0.139794633,0.013,0.006,1.68E-07,,,
DMWD,6.03E-12,-0.273029737,0.062,0.044,1.69E-07,,,
CDK11A,6.04E-12,0.378388409,0.013,0.006,1.69E-07,,,
AC110772.1,6.07E-12,-0.162726001,0.016,0.008,1.70E-07,,,
GSK3A,6.36E-12,-0.338556672,0.044,0.029,1.78E-07,,,
SNHG6,6.39E-12,-0.496995999,0.161,0.125,1.79E-07,,,
AC107081.2,6.55E-12,-0.373746986,0.039,0.025,1.83E-07,,,
EMG1,6.55E-12,-0.329952964,0.072,0.052,1.84E-07,,,
JAKMIP2,6.66E-12,-3.070319223,0.007,0.017,1.87E-07,,,
IKBKE,6.66E-12,-2.274015201,0.007,0.017,1.87E-07,,,
EIF5B,6.78E-12,-0.552152102,0.241,0.188,1.90E-07,,,
ARHGEF38,6.82E-12,-0.387064693,0.048,0.032,1.91E-07,,,
RETREG1,6.84E-12,-0.392209258,0.242,0.19,1.92E-07,,,
NISCH,6.89E-12,-0.529860109,0.161,0.125,1.93E-07,,,
TNFRSF25,6.95E-12,-0.68825401,0.066,0.047,1.95E-07,,,
NCOA5,6.95E-12,-0.502344307,0.159,0.123,1.95E-07,,,
ZNF696,6.97E-12,-0.220184428,0.02,0.011,1.95E-07,,,
AC023983.1,7.21E-12,-0.11309726,0.018,0.01,2.02E-07,,,
CA9,7.23E-12,-2.62009778,0.003,0.011,2.03E-07,,,
GPIHBP1,7.29E-12,-2.63843263,0.005,0.013,2.04E-07,,,
UGCG,7.31E-12,-1.150720482,0.111,0.13,2.05E-07,,,
AC079329.1,7.36E-12,-2.441496342,0.004,0.013,2.06E-07,,,
HEY1,7.38E-12,-2.702337895,0.003,0.01,2.07E-07,,,
COQ8B,7.38E-12,-0.425924753,0.081,0.06,2.07E-07,,,
ELOC,7.56E-12,-0.421083834,0.098,0.073,2.12E-07,,,
ANKMY2,7.61E-12,-0.395398813,0.096,0.072,2.13E-07,,,
LILRB3,7.66E-12,-1.996692765,0.006,0.016,2.15E-07,,,
AC139720.1,7.69E-12,-0.577325088,0.044,0.029,2.15E-07,,,
PCDHA10,7.69E-12,-2.351442161,0.003,0.011,2.16E-07,,,
ATP11A-AS1,7.70E-12,-3.125646668,0.003,0.01,2.16E-07,,,
PSEN1,7.73E-12,-0.529505107,0.251,0.194,2.17E-07,,,
GPSM1,7.80E-12,-2.050839055,0.007,0.017,2.19E-07,,,
EID2B,7.82E-12,-0.173816799,0.035,0.022,2.19E-07,,,
GATAD2A,7.82E-12,-0.575602807,0.176,0.136,2.19E-07,,,
ATP5I,7.89E-12,-0.545781677,0.114,0.086,2.21E-07,,,
CFL2,7.93E-12,-0.403575422,0.072,0.052,2.22E-07,,,
AC022364.1,8.37E-12,0.37442286,0.014,0.007,2.35E-07,,,
DKK2,8.48E-12,-0.471779757,0.021,0.012,2.38E-07,,,
CNOT3,8.49E-12,-0.287535937,0.045,0.031,2.38E-07,,,
MON1B,8.52E-12,-0.322941856,0.054,0.037,2.39E-07,,,
EIF2B2,8.54E-12,-0.385709076,0.069,0.05,2.39E-07,,,
NFYC-AS1,8.87E-12,-0.184532252,0.023,0.013,2.49E-07,,,
ZNF227,9.25E-12,-0.405615019,0.07,0.05,2.59E-07,,,
PTPN12,9.28E-12,-0.849239326,0.313,0.303,2.60E-07,,,
NANOS1,9.37E-12,0.171778266,0.014,0.007,2.63E-07,,,
MYBL1,9.44E-12,-2.677084461,0.009,0.02,2.65E-07,,,
ZNF181,9.48E-12,-0.295924723,0.046,0.031,2.66E-07,,,
AC092279.1,9.58E-12,-0.213489264,0.028,0.017,2.68E-07,,,
DOCK9-AS1,9.73E-12,-2.579465815,0.004,0.012,2.73E-07,,,
BTNL9,9.77E-12,-2.591895573,0.059,0.077,2.74E-07,,,
C2orf40,1.04E-11,-1.456446475,0.04,0.057,2.91E-07,,,
KHDRBS2,1.04E-11,-1.459513748,0.042,0.059,2.91E-07,,,
CSMD1,1.07E-11,-0.439253218,0.051,0.035,2.99E-07,,,
LINC02345,1.07E-11,0.152238273,0.015,0.007,3.01E-07,,,
RPL24,1.10E-11,-0.529193984,0.237,0.185,3.09E-07,,,
C12orf57,1.11E-11,-1.379562164,0.035,0.052,3.11E-07,,,
AC117383.1,1.14E-11,-0.339196643,0.031,0.02,3.19E-07,,,
POLH,1.14E-11,-0.437463834,0.086,0.064,3.20E-07,,,
RTP4,1.15E-11,-2.493975781,0.003,0.01,3.23E-07,,,
SMC5-AS1,1.18E-11,-0.653957415,0.077,0.056,3.31E-07,,,
WDR55,1.18E-11,-0.277281176,0.037,0.024,3.32E-07,,,
ACAP3,1.19E-11,-1.349243769,0.045,0.062,3.34E-07,,,
MCMBP,1.19E-11,-0.426563459,0.151,0.117,3.35E-07,,,
KCTD2,1.21E-11,-0.429040967,0.081,0.059,3.39E-07,,,
AL365273.2,1.22E-11,-0.53467527,0.119,0.091,3.43E-07,,,
PPP4R1,1.23E-11,-1.041795298,0.173,0.187,3.46E-07,,,
UBB,1.25E-11,-1.134197965,0.058,0.077,3.51E-07,,,
PIK3R6,1.25E-11,-2.986548881,0.004,0.012,3.51E-07,,,
C16orf70,1.27E-11,-0.424406678,0.084,0.062,3.56E-07,,,
PSMB8-AS1,1.27E-11,-2.274408509,0.004,0.012,3.57E-07,,,
TGFB3,1.27E-11,-1.59592779,0.018,0.031,3.57E-07,,,
RUNDC1,1.28E-11,-0.216664632,0.041,0.028,3.58E-07,,,
HPGD,1.29E-11,-2.318342869,0.006,0.015,3.61E-07,,,
SLC9C1,1.30E-11,-1.36797049,0.068,0.087,3.65E-07,,,
KLC1,1.31E-11,-0.493809562,0.197,0.153,3.66E-07,,,
ABHD12,1.31E-11,-0.520609652,0.13,0.099,3.68E-07,,,
ABCB1,1.33E-11,-1.673385341,0.053,0.07,3.73E-07,,,
CR936218.1,1.36E-11,0.131955142,0.011,0.005,3.83E-07,,,
ZNF728,1.39E-11,-0.273511311,0.035,0.022,3.89E-07,,,
NEIL1,1.39E-11,-0.475492901,0.102,0.076,3.91E-07,,,
FMR1,1.40E-11,-1.16088042,0.084,0.104,3.92E-07,,,
DIS3L2,1.40E-11,-0.410940769,0.343,0.265,3.92E-07,,,
MAP1A,1.40E-11,-2.550006002,0.003,0.01,3.93E-07,,,
ZNF24,1.41E-11,-0.486060901,0.13,0.1,3.94E-07,,,
WWP2,1.42E-11,-0.503675856,0.23,0.18,3.99E-07,,,
AC073957.1,1.45E-11,-0.198207227,0.022,0.013,4.07E-07,,,
ERCC3,1.46E-11,-0.54173937,0.122,0.093,4.10E-07,,,
CEP192,1.46E-11,-0.41554983,0.282,0.22,4.10E-07,,,
AQR,1.47E-11,-0.467243784,0.235,0.184,4.11E-07,,,
LTBP2,1.47E-11,-1.13725301,0.08,0.099,4.13E-07,,,
IL17D,1.48E-11,0.25119042,0.01,0.005,4.14E-07,,,
ST8SIA6,1.48E-11,-2.815382981,0.006,0.015,4.16E-07,,,
RGS13,1.49E-11,-0.675389953,0.012,0.006,4.18E-07,,,
ZNF124,1.50E-11,-0.448686823,0.143,0.111,4.19E-07,,,
ERLIN2,1.52E-11,-0.430692109,0.082,0.06,4.26E-07,,,
VAT1,1.53E-11,-1.201292877,0.023,0.038,4.28E-07,,,
INO80B,1.54E-11,-0.192086322,0.025,0.015,4.32E-07,,,
IRF7,1.54E-11,-1.805001115,0.007,0.017,4.32E-07,,,
YWHAQ,1.55E-11,-1.075464048,0.151,0.167,4.34E-07,,,
ANAPC13,1.55E-11,-0.275322307,0.043,0.029,4.35E-07,,,
KIAA1683,1.56E-11,-1.58919586,0.017,0.03,4.36E-07,,,
RPS13,1.56E-11,-1.102990343,0.157,0.174,4.38E-07,,,
EBLN3P,1.56E-11,-0.459273461,0.138,0.106,4.38E-07,,,
NAB2,1.58E-11,-1.459302851,0.012,0.024,4.44E-07,,,
REL,1.59E-11,-1.265239993,0.128,0.145,4.46E-07,,,
CSNK1G2,1.60E-11,-0.425375377,0.071,0.052,4.48E-07,,,
AL359922.1,1.60E-11,-0.19829539,0.021,0.012,4.50E-07,,,
NOXRED1,1.61E-11,0.187007089,0.025,0.015,4.52E-07,,,
AL391001.1,1.64E-11,0.193448674,0.011,0.005,4.59E-07,,,
B9D2,1.65E-11,-2.531187569,0.004,0.012,4.63E-07,,,
SH3TC2,1.67E-11,-1.568381754,0.019,0.032,4.68E-07,,,
AL139089.1,1.67E-11,-0.117034274,0.02,0.011,4.69E-07,,,
DYNC1LI2,1.68E-11,-0.51265044,0.216,0.169,4.72E-07,,,
AL512590.3,1.75E-11,-0.233131208,0.038,0.025,4.91E-07,,,
TMEM91,1.75E-11,-1.70035984,0.016,0.028,4.91E-07,,,
MED12L,1.77E-11,-2.164967412,0.038,0.054,4.95E-07,,,
ZNF175,1.78E-11,-0.30115,0.057,0.04,4.99E-07,,,
ITGB2-AS1,1.79E-11,-2.848842473,0.003,0.01,5.03E-07,,,
BECN1,1.82E-11,-0.457514177,0.081,0.059,5.11E-07,,,
AL138921.1,1.83E-11,-0.272326184,0.031,0.019,5.14E-07,,,
RTN2,1.85E-11,-2.239251548,0.006,0.015,5.19E-07,,,
XXYLT1,1.89E-11,-0.548238848,0.118,0.09,5.31E-07,,,
CDK2,1.91E-11,-2.243657091,0.005,0.013,5.36E-07,,,
AC026726.1,1.92E-11,0.212566621,0.011,0.005,5.38E-07,,,
ENO2,1.94E-11,-2.685329163,0.004,0.013,5.42E-07,,,
AC073346.1,1.94E-11,0.254325877,0.013,0.006,5.44E-07,,,
SPATA5L1,1.99E-11,-0.324050128,0.058,0.041,5.57E-07,,,
THAP5,2.00E-11,-0.293834219,0.053,0.037,5.61E-07,,,
C12orf4,2.00E-11,-0.460513713,0.119,0.091,5.61E-07,,,
CD180,2.01E-11,-2.286955288,0.004,0.012,5.63E-07,,,
CIT,2.01E-11,-1.89051882,0.007,0.016,5.63E-07,,,
WHRN,2.01E-11,-1.491464141,0.033,0.049,5.65E-07,,,
AC090559.1,2.02E-11,-2.539578033,0.004,0.013,5.66E-07,,,
TMEM41A,2.02E-11,-0.335694015,0.063,0.045,5.67E-07,,,
EGLN2,2.03E-11,-0.280699981,0.043,0.029,5.69E-07,,,
ATP13A2,2.04E-11,-1.391465742,0.029,0.044,5.72E-07,,,
EVA1B,2.08E-11,-1.665740529,0.011,0.021,5.83E-07,,,
ABCF3,2.08E-11,-0.248065899,0.033,0.021,5.84E-07,,,
ZNF544,2.09E-11,-0.355514672,0.055,0.039,5.86E-07,,,
PRKAA1,2.10E-11,-0.563509356,0.143,0.11,5.90E-07,,,
TWF1,2.11E-11,-0.127428679,0.039,0.026,5.91E-07,,,
NDNF,2.11E-11,-2.025971338,0.004,0.013,5.92E-07,,,
AC097347.1,2.16E-11,0.174709611,0.01,0.004,6.05E-07,,,
GUSB,2.18E-11,-0.494088011,0.127,0.098,6.10E-07,,,
MANF,2.20E-11,-1.240728033,0.034,0.05,6.17E-07,,,
PTGDS,2.29E-11,-1.508681265,0.032,0.047,6.42E-07,,,
DNAJC24,2.31E-11,-0.521818393,0.152,0.118,6.48E-07,,,
ZNFX1,2.33E-11,-1.242577076,0.076,0.095,6.53E-07,,,
DNMT1,2.38E-11,-1.389243056,0.056,0.074,6.66E-07,,,
SEC22A,2.38E-11,-0.471133315,0.251,0.196,6.66E-07,,,
AL358394.1,2.39E-11,0.366469265,0.015,0.007,6.71E-07,,,
CAPN10,2.40E-11,-0.306889261,0.041,0.028,6.74E-07,,,
MFGE8,2.43E-11,-0.559377839,0.1,0.075,6.80E-07,,,
YTHDC2,2.44E-11,-0.485223757,0.318,0.246,6.83E-07,,,
AL157871.6,2.45E-11,-0.286993524,0.025,0.015,6.88E-07,,,
IPCEF1,2.47E-11,-2.174731376,0.014,0.025,6.92E-07,,,
NDUFV2-AS1,2.49E-11,-0.589877264,0.082,0.06,6.97E-07,,,
AMOT,2.49E-11,-0.341115901,0.033,0.021,6.98E-07,,,
GALM,2.53E-11,-0.54008653,0.13,0.1,7.10E-07,,,
ZDHHC11B,2.54E-11,-1.491519695,0.034,0.05,7.11E-07,,,
MORC2-AS1,2.56E-11,-0.231373223,0.026,0.016,7.17E-07,,,
DCK,2.57E-11,-1.733332756,0.009,0.02,7.21E-07,,,
SOGA1,2.61E-11,-1.160206424,0.104,0.123,7.31E-07,,,
ABRACL,2.61E-11,-1.707318324,0.012,0.023,7.32E-07,,,
CMC2,2.61E-11,-0.40082473,0.083,0.062,7.32E-07,,,
NOL8,2.64E-11,-0.465811604,0.149,0.116,7.41E-07,,,
ARF3,2.65E-11,-1.485578388,0.014,0.026,7.44E-07,,,
HGS,2.66E-11,-0.43314715,0.091,0.068,7.45E-07,,,
ARL4A,2.67E-11,-1.649806287,0.02,0.033,7.47E-07,,,
AC137770.1,2.67E-11,-0.246138547,0.038,0.025,7.48E-07,,,
GDF11,2.68E-11,-0.579650351,0.068,0.049,7.51E-07,,,
SCYL1,2.71E-11,-0.406385081,0.06,0.043,7.59E-07,,,
SCNN1A,2.72E-11,-2.455199888,0.005,0.013,7.62E-07,,,
WFDC2,2.75E-11,-2.192175327,0.005,0.014,7.70E-07,,,
AP4E1,2.76E-11,-0.472940786,0.167,0.13,7.73E-07,,,
AK7,2.76E-11,-2.074981648,0.008,0.018,7.74E-07,,,
ATP5G2,2.77E-11,-0.48768917,0.165,0.129,7.77E-07,,,
NRN1,2.79E-11,-1.992307371,0.006,0.015,7.83E-07,,,
CYP7B1,2.81E-11,-0.992580303,0.137,0.104,7.87E-07,,,
LINC01847,2.86E-11,-1.804934656,0.015,0.027,8.00E-07,,,
LY86,2.92E-11,-1.575409893,0.02,0.033,8.18E-07,,,
NAGPA,2.94E-11,-0.23780345,0.044,0.03,8.24E-07,,,
UBA1,2.94E-11,-0.485879549,0.102,0.077,8.24E-07,,,
MIB2,3.03E-11,-0.358396014,0.055,0.039,8.49E-07,,,
UBR4,3.07E-11,-0.488212706,0.254,0.199,8.60E-07,,,
FGFR1OP,3.09E-11,-0.32379912,0.045,0.031,8.67E-07,,,
HAPLN3,3.11E-11,-2.609741078,0.004,0.012,8.71E-07,,,
KMT5A,3.18E-11,-0.382638758,0.059,0.042,8.90E-07,,,
AL590764.1,3.21E-11,-2.95541496,0.003,0.011,9.00E-07,,,
KNTC1,3.21E-11,-0.487946089,0.075,0.055,9.00E-07,,,
LRRC32,3.26E-11,-2.806822565,0.003,0.01,9.14E-07,,,
IKZF3,3.27E-11,-2.741597411,0.01,0.02,9.17E-07,,,
SUCNR1,3.28E-11,-2.385161602,0.005,0.013,9.19E-07,,,
AL138762.1,3.30E-11,0.261166275,0.012,0.006,9.26E-07,,,
CDKL3,3.31E-11,0.267709449,0.01,0.005,9.29E-07,,,
BUB3,3.32E-11,-0.513736643,0.11,0.083,9.29E-07,,,
MTRNR2L12,3.33E-11,-1.788277506,0.007,0.017,9.34E-07,,,
AC013468.1,3.35E-11,0.288559606,0.01,0.004,9.38E-07,,,
CD248,3.41E-11,-1.637719302,0.025,0.039,9.54E-07,,,
ECT2L,3.44E-11,-0.297850816,0.035,0.023,9.65E-07,,,
CILP,3.45E-11,-2.02086894,0.011,0.022,9.68E-07,,,
LTB4R,3.46E-11,-0.313508938,0.026,0.016,9.68E-07,,,
TFDP1,3.47E-11,-0.342095235,0.066,0.048,9.73E-07,,,
AC013394.1,3.49E-11,-0.310065981,0.048,0.033,9.77E-07,,,
ZHX3,3.49E-11,-1.055087168,0.247,0.246,9.79E-07,,,
DPP9-AS1,3.52E-11,0.14640286,0.016,0.009,9.86E-07,,,
LOXL1,3.59E-11,-0.418074456,0.054,0.038,1.01E-06,,,
SMIM10L1,3.59E-11,-0.344558012,0.046,0.032,1.01E-06,,,
TUBG1,3.60E-11,0.220854819,0.018,0.01,1.01E-06,,,
MIR155HG,3.62E-11,-0.221570233,0.029,0.018,1.02E-06,,,
CASP7,3.69E-11,-0.564094555,0.101,0.076,1.03E-06,,,
CMTM6,3.71E-11,-1.258726791,0.062,0.081,1.04E-06,,,
MAP4,3.75E-11,-0.23569466,0.587,0.452,1.05E-06,,,
MVD,3.78E-11,-0.171751894,0.031,0.02,1.06E-06,,,
ELAC2,3.79E-11,-0.356085697,0.064,0.046,1.06E-06,,,
AC092666.1,3.80E-11,-2.06481175,0.009,0.019,1.07E-06,,,
PPP1R1C,3.88E-11,-1.92794824,0.006,0.015,1.09E-06,,,
AMPD2,3.93E-11,-1.501952763,0.016,0.029,1.10E-06,,,
FBLN5,3.93E-11,-1.544477567,0.112,0.127,1.10E-06,,,
CDC7,3.97E-11,-2.294641702,0.005,0.013,1.11E-06,,,
S100A16,4.00E-11,-1.495258822,0.021,0.035,1.12E-06,,,
ATP6AP2,4.06E-11,-1.084652065,0.113,0.132,1.14E-06,,,
MYO1G,4.07E-11,-3.208718498,0.003,0.01,1.14E-06,,,
PIGA,4.11E-11,-0.142264487,0.023,0.014,1.15E-06,,,
UBTD2,4.12E-11,-1.13267336,0.119,0.137,1.15E-06,,,
AC080038.1,4.12E-11,-2.552720675,0.007,0.016,1.15E-06,,,
FAM26F,4.16E-11,-1.941982788,0.006,0.015,1.17E-06,,,
IL32,4.17E-11,-2.366647595,0.009,0.019,1.17E-06,,,
EVI2B,4.19E-11,-1.749743282,0.009,0.019,1.17E-06,,,
CA5B,4.21E-11,-0.540476845,0.142,0.11,1.18E-06,,,
AC134349.1,4.22E-11,-0.291335343,0.026,0.016,1.18E-06,,,
AC009554.1,4.26E-11,0.197824255,0.01,0.004,1.19E-06,,,
IFT81,4.29E-11,-1.112861701,0.112,0.13,1.20E-06,,,
HEXIM2,4.32E-11,0.283085814,0.016,0.009,1.21E-06,,,
EEFSEC,4.43E-11,-0.516728594,0.175,0.137,1.24E-06,,,
AC004052.1,4.51E-11,-3.324981213,0.003,0.01,1.26E-06,,,
PEX3,4.52E-11,-0.50870802,0.143,0.111,1.27E-06,,,
CYB5RL,4.52E-11,-0.388963841,0.022,0.013,1.27E-06,,,
NANS,4.62E-11,-1.44063304,0.03,0.045,1.30E-06,,,
AC005306.1,4.71E-11,0.135051114,0.015,0.008,1.32E-06,,,
ZFC3H1,4.77E-11,-0.793989668,0.335,0.317,1.34E-06,,,
AC004923.4,4.83E-11,-2.292224565,0.006,0.014,1.35E-06,,,
MRPS10,4.84E-11,-0.326014932,0.049,0.034,1.36E-06,,,
MELTF,4.85E-11,-1.756024894,0.014,0.025,1.36E-06,,,
AC012645.4,4.88E-11,-1.973849349,0.007,0.016,1.37E-06,,,
CSTB,4.88E-11,-0.555715978,0.095,0.072,1.37E-06,,,
DDX19B,4.88E-11,-0.201611064,0.031,0.02,1.37E-06,,,
AL121672.2,4.91E-11,-0.11739331,0.021,0.012,1.37E-06,,,
BRD8,4.91E-11,-0.475215391,0.17,0.133,1.38E-06,,,
KL,4.93E-11,-2.565632993,0.004,0.012,1.38E-06,,,
ZNF528,4.94E-11,-0.439927825,0.096,0.072,1.39E-06,,,
MAML2,5.11E-11,-0.361020244,0.75,0.663,1.43E-06,,,
ZNF226,5.12E-11,-0.330581706,0.066,0.048,1.43E-06,,,
RRAS,5.14E-11,-0.355028261,0.075,0.055,1.44E-06,,,
LCORL,5.22E-11,-0.978250351,0.215,0.222,1.46E-06,,,
TMPO-AS1,5.26E-11,0.193819074,0.016,0.009,1.47E-06,,,
GALNTL6,5.30E-11,-0.347268589,0.021,0.012,1.49E-06,,,
AC008781.1,5.31E-11,-0.325498484,0.033,0.021,1.49E-06,,,
AP000442.2,5.32E-11,-0.26870572,0.038,0.025,1.49E-06,,,
METRNL,5.33E-11,-1.3301913,0.015,0.027,1.49E-06,,,
PAX8-AS1,5.42E-11,-1.141145912,0.145,0.16,1.52E-06,,,
SRP14,5.44E-11,-1.238015848,0.12,0.137,1.52E-06,,,
CYSTM1,5.44E-11,-0.362568645,0.506,0.383,1.53E-06,,,
AC017071.1,5.45E-11,0.330007741,0.014,0.007,1.53E-06,,,
LPAR2,5.60E-11,-2.36141094,0.004,0.011,1.57E-06,,,
MDK,5.68E-11,-1.851647463,0.006,0.015,1.59E-06,,,
AL354740.1,5.73E-11,-0.486946722,0.067,0.048,1.61E-06,,,
ZNF354A,5.76E-11,-0.427546065,0.069,0.05,1.61E-06,,,
SYNDIG1,5.78E-11,0.154677663,0.017,0.009,1.62E-06,,,
AC108516.2,5.79E-11,-1.588395823,0.017,0.03,1.62E-06,,,
CEP164,5.82E-11,-0.979600514,0.191,0.203,1.63E-06,,,
EIF1,5.92E-11,-0.464459129,0.414,0.314,1.66E-06,,,
IQCB1,5.94E-11,-0.443411961,0.245,0.192,1.66E-06,,,
SLC12A6,6.03E-11,-1.062180346,0.138,0.155,1.69E-06,,,
ZNF780B,6.09E-11,-0.484256892,0.162,0.127,1.71E-06,,,
KCNK13,6.10E-11,-2.397868719,0.005,0.014,1.71E-06,,,
LINC02253,6.27E-11,-0.533713855,0.019,0.011,1.76E-06,,,
HTRA3,6.29E-11,-1.881869089,0.012,0.023,1.76E-06,,,
AGO2,6.29E-11,-0.561570687,0.207,0.161,1.76E-06,,,
GYPC,6.34E-11,-1.10963185,0.129,0.146,1.78E-06,,,
FAM156A,6.36E-11,-0.303361825,0.055,0.039,1.78E-06,,,
CORIN,6.36E-11,-0.225848796,0.019,0.011,1.78E-06,,,
SART1,6.37E-11,-0.354995283,0.056,0.04,1.79E-06,,,
THAP7,6.43E-11,-0.268824916,0.037,0.024,1.80E-06,,,
MSS51,6.43E-11,-0.370010317,0.036,0.023,1.80E-06,,,
AC093495.1,6.47E-11,-0.389875087,0.076,0.056,1.81E-06,,,
PTN,6.52E-11,-1.418602227,0.07,0.087,1.83E-06,,,
KSR1,6.60E-11,-0.845860402,0.097,0.116,1.85E-06,,,
ATF1,6.69E-11,-0.490579407,0.145,0.112,1.87E-06,,,
AL807742.1,6.76E-11,0.191597407,0.043,0.03,1.89E-06,,,
MYO15A,6.78E-11,-1.533652157,0.023,0.036,1.90E-06,,,
ELAVL1,6.86E-11,-0.478281953,0.12,0.093,1.92E-06,,,
IL34,6.89E-11,-2.037562382,0.014,0.025,1.93E-06,,,
RERGL,6.92E-11,-2.029085949,0.015,0.027,1.94E-06,,,
MFAP4,6.95E-11,-1.411975684,0.053,0.07,1.95E-06,,,
ATF3,6.99E-11,-1.658357542,0.024,0.038,1.96E-06,,,
MAGED2,7.00E-11,-1.203965041,0.044,0.061,1.96E-06,,,
AC016597.1,7.02E-11,-0.369849836,0.043,0.029,1.97E-06,,,
ZNF83,7.10E-11,-0.468823813,0.367,0.281,1.99E-06,,,
ZBTB14,7.16E-11,-0.10666262,0.025,0.015,2.01E-06,,,
AC068025.2,7.25E-11,-0.199880276,0.023,0.014,2.03E-06,,,
OSBPL5,7.54E-11,-1.264300587,0.077,0.095,2.11E-06,,,
MEF2A,7.58E-11,-0.754328124,0.555,0.463,2.13E-06,,,
BTBD16,7.80E-11,0.130403914,0.015,0.008,2.19E-06,,,
COX7C,7.89E-11,-0.518473775,0.15,0.118,2.21E-06,,,
TMEM233,8.07E-11,-2.949634636,0.004,0.011,2.26E-06,,,
DCTN2,8.15E-11,-0.457715828,0.105,0.08,2.28E-06,,,
AC008474.1,8.20E-11,-0.140361563,0.013,0.006,2.30E-06,,,
RBM43,8.43E-11,-1.365233371,0.032,0.047,2.36E-06,,,
TMEM222,8.51E-11,-0.420011315,0.059,0.042,2.38E-06,,,
CYP3A5,8.56E-11,-0.558492967,0.115,0.088,2.40E-06,,,
AP002373.1,8.57E-11,0.366890984,0.012,0.006,2.40E-06,,,
TASP1,8.62E-11,-0.89757947,0.245,0.247,2.42E-06,,,
CATSPERE,8.63E-11,-0.458157372,0.112,0.086,2.42E-06,,,
ZNF84,8.66E-11,-0.485878422,0.177,0.139,2.43E-06,,,
DROSHA,8.81E-11,-0.513488554,0.203,0.159,2.47E-06,,,
AP003392.6,8.85E-11,0.215257925,0.01,0.004,2.48E-06,,,
FUS,9.10E-11,-0.613898509,0.467,0.415,2.55E-06,,,
CSF1,9.14E-11,-1.348417212,0.049,0.066,2.56E-06,,,
MPZL3,9.18E-11,-2.742536523,0.004,0.012,2.57E-06,,,
GPER1,9.18E-11,-0.24060399,0.031,0.02,2.57E-06,,,
AC027682.4,9.19E-11,-1.639611247,0.018,0.031,2.58E-06,,,
EIF3L,9.48E-11,-0.476056522,0.077,0.057,2.66E-06,,,
RAB4B,9.48E-11,0.212491404,0.017,0.009,2.66E-06,,,
ING2,9.50E-11,-0.168577781,0.027,0.017,2.66E-06,,,
ARFIP1,9.75E-11,-0.477886594,0.282,0.221,2.73E-06,,,
RNF166,9.86E-11,-1.671157531,0.019,0.032,2.76E-06,,,
GAS2L3,9.88E-11,-1.683654271,0.021,0.034,2.77E-06,,,
ZDHHC23,9.95E-11,-1.901159847,0.006,0.015,2.79E-06,,,
ZCCHC11,1.01E-10,-0.665581858,0.498,0.428,2.82E-06,,,
TP53TG5,1.01E-10,-1.625061184,0.019,0.032,2.82E-06,,,
FRMD5,1.01E-10,-1.677897921,0.034,0.049,2.84E-06,,,
WDCP,1.01E-10,-0.213398321,0.03,0.019,2.84E-06,,,
UBE2Z,1.02E-10,-1.247472806,0.076,0.094,2.85E-06,,,
TBCCD1,1.02E-10,-0.475319928,0.06,0.043,2.87E-06,,,
RPS27,1.03E-10,-1.099823198,0.139,0.156,2.88E-06,,,
MEIOC,1.03E-10,-0.205458041,0.032,0.021,2.90E-06,,,
ADAM17,1.05E-10,-0.47523972,0.297,0.232,2.94E-06,,,
ZC4H2,1.05E-10,-1.072943492,0.135,0.151,2.95E-06,,,
MXI1,1.10E-10,-1.007985146,0.158,0.173,3.07E-06,,,
POFUT1,1.10E-10,-0.462965129,0.07,0.051,3.09E-06,,,
SECTM1,1.11E-10,-1.676820716,0.009,0.019,3.10E-06,,,
ZNF221,1.11E-10,-0.165755778,0.028,0.018,3.10E-06,,,
DDR1,1.12E-10,-0.371760889,0.038,0.025,3.13E-06,,,
UGGT1,1.12E-10,-0.560605946,0.161,0.126,3.14E-06,,,
KLF3-AS1,1.13E-10,-1.182637413,0.092,0.11,3.16E-06,,,
DAD1,1.13E-10,-1.101044039,0.115,0.133,3.16E-06,,,
WASHC1,1.16E-10,-0.2597475,0.038,0.025,3.24E-06,,,
EFCAB14-AS1,1.16E-10,-0.488523623,0.079,0.058,3.26E-06,,,
AP005230.1,1.16E-10,0.133554671,0.016,0.009,3.26E-06,,,
GDE1,1.18E-10,-1.294076052,0.045,0.061,3.30E-06,,,
PCLO,1.19E-10,0.190615787,0.191,0.157,3.32E-06,,,
GATC,1.19E-10,-0.278439671,0.039,0.026,3.33E-06,,,
RENBP,1.19E-10,-1.708210212,0.02,0.033,3.35E-06,,,
TIGD6,1.20E-10,0.125771053,0.018,0.01,3.36E-06,,,
AC092807.3,1.20E-10,-2.393247452,0.005,0.013,3.37E-06,,,
PCDH1,1.24E-10,-2.775642311,0.004,0.011,3.46E-06,,,
SEMA6C,1.25E-10,-1.786090101,0.011,0.022,3.51E-06,,,
BZW2,1.25E-10,-0.389851508,0.07,0.052,3.51E-06,,,
AL807761.4,1.30E-10,-1.302534189,0.055,0.072,3.64E-06,,,
AL049647.1,1.31E-10,-0.163402817,0.019,0.011,3.66E-06,,,
SMO,1.32E-10,-1.563256674,0.028,0.042,3.71E-06,,,
ZFP30,1.33E-10,-0.443584516,0.125,0.097,3.72E-06,,,
CDHR2,1.33E-10,-0.307600256,0.013,0.007,3.73E-06,,,
CD200,1.35E-10,-1.078701081,0.174,0.186,3.77E-06,,,
ATG4B,1.39E-10,-0.510031479,0.146,0.114,3.89E-06,,,
AC009120.2,1.41E-10,-0.474053298,0.205,0.162,3.94E-06,,,
NAP1L1,1.44E-10,-0.45449146,0.299,0.235,4.02E-06,,,
AL450326.1,1.44E-10,0.295993475,0.012,0.006,4.03E-06,,,
PCDHGC3,1.44E-10,-2.637418564,0.004,0.012,4.03E-06,,,
POC1B,1.44E-10,-0.454335793,0.135,0.106,4.04E-06,,,
AC093503.2,1.45E-10,-1.985353402,0.006,0.014,4.05E-06,,,
PTPA,1.45E-10,-1.358530943,0.035,0.05,4.07E-06,,,
RNF139-AS1,1.47E-10,-0.410066497,0.039,0.026,4.12E-06,,,
MEOX1,1.51E-10,-2.815340559,0.004,0.011,4.23E-06,,,
KSR2,1.54E-10,-0.138104682,0.02,0.012,4.30E-06,,,
CAND1,1.54E-10,-0.962885821,0.212,0.219,4.32E-06,,,
ARL13B,1.55E-10,-1.131483128,0.11,0.128,4.34E-06,,,
AL121900.1,1.59E-10,-0.349803469,0.031,0.02,4.45E-06,,,
TMEM47,1.64E-10,-1.516612609,0.022,0.035,4.59E-06,,,
NAA11,1.66E-10,-0.572656981,0.019,0.011,4.65E-06,,,
ZNF394,1.66E-10,-0.504563478,0.076,0.056,4.65E-06,,,
AC007878.1,1.68E-10,-0.246508874,0.022,0.013,4.72E-06,,,
COL27A1,1.70E-10,-1.662425472,0.04,0.056,4.75E-06,,,
SNX2,1.72E-10,-1.074050643,0.221,0.224,4.83E-06,,,
AC044840.1,1.73E-10,-0.345117847,0.026,0.016,4.85E-06,,,
AC138305.1,1.74E-10,-2.529156845,0.005,0.012,4.87E-06,,,
POP4,1.76E-10,-0.169689285,0.03,0.019,4.95E-06,,,
PKN1,1.78E-10,-1.319567725,0.065,0.083,5.00E-06,,,
PSMF1,1.80E-10,-0.556794817,0.164,0.129,5.04E-06,,,
CXCL6,1.82E-10,-1.934891519,0.005,0.013,5.09E-06,,,
NIPAL2,1.83E-10,-1.065680334,0.114,0.131,5.14E-06,,,
ENDOV,1.84E-10,-0.524854572,0.075,0.056,5.17E-06,,,
RABL2A,1.85E-10,-0.364261933,0.072,0.053,5.18E-06,,,
PURA,1.88E-10,-0.453399775,0.197,0.156,5.27E-06,,,
MANBAL,1.88E-10,-0.265787291,0.055,0.039,5.27E-06,,,
IRF2BP2,1.90E-10,-1.262535939,0.064,0.082,5.31E-06,,,
BX284668.6,1.90E-10,0.285162411,0.01,0.005,5.32E-06,,,
AC007384.1,1.91E-10,-2.06363273,0.006,0.014,5.36E-06,,,
ATG4A,1.91E-10,-0.236885593,0.028,0.018,5.37E-06,,,
SCAMP5,1.93E-10,-1.985635362,0.012,0.023,5.41E-06,,,
MARK3,1.94E-10,-0.622105055,0.532,0.454,5.43E-06,,,
C12orf75,1.95E-10,-2.017708162,0.014,0.025,5.47E-06,,,
LMNTD2,1.96E-10,-2.255646396,0.004,0.011,5.49E-06,,,
AC009686.1,1.96E-10,-2.6414112,0.004,0.012,5.50E-06,,,
FAM189A2,1.97E-10,-1.857190156,0.017,0.028,5.51E-06,,,
CREB1,1.98E-10,-0.477261058,0.328,0.255,5.56E-06,,,
KCNK15-AS1,2.00E-10,-1.59060547,0.033,0.048,5.62E-06,,,
AL662799.1,2.02E-10,-1.399008605,0.047,0.063,5.66E-06,,,
PPIL4,2.03E-10,-0.513091907,0.174,0.137,5.69E-06,,,
PDE6D,2.05E-10,-0.526437041,0.12,0.093,5.74E-06,,,
RAB3C,2.06E-10,-3.814675866,0.004,0.011,5.79E-06,,,
CASC4,2.08E-10,-0.827654703,0.307,0.296,5.84E-06,,,
PEG10,2.12E-10,-1.587490537,0.008,0.017,5.94E-06,,,
IQSEC2,2.15E-10,-0.34789713,0.07,0.051,6.02E-06,,,
AGPAT3,2.15E-10,-0.546745346,0.204,0.16,6.03E-06,,,
ODC1,2.16E-10,-1.372964873,0.032,0.047,6.05E-06,,,
DENND1C,2.16E-10,-2.373413084,0.005,0.013,6.06E-06,,,
MINK1,2.19E-10,-1.208904082,0.075,0.092,6.15E-06,,,
ORAOV1,2.23E-10,-0.426979154,0.085,0.064,6.25E-06,,,
TAF1D,2.27E-10,-0.342652784,0.501,0.38,6.35E-06,,,
ARID2,2.27E-10,-0.39995086,0.456,0.347,6.35E-06,,,
EIF2S1,2.28E-10,-0.427678525,0.104,0.08,6.40E-06,,,
AGAP4,2.29E-10,-0.103338,0.021,0.012,6.43E-06,,,
SPOUT1,2.31E-10,-0.259857228,0.036,0.024,6.47E-06,,,
SNHG1,2.36E-10,-0.338356938,0.071,0.053,6.61E-06,,,
CCDC60,2.37E-10,-2.732429022,0.005,0.013,6.63E-06,,,
AC105001.2,2.38E-10,-0.333503115,0.018,0.01,6.66E-06,,,
AC106869.1,2.38E-10,-0.474131206,0.026,0.016,6.68E-06,,,
SETD3,2.39E-10,-0.497628562,0.183,0.144,6.70E-06,,,
AC105285.1,2.40E-10,-1.82024689,0.013,0.024,6.72E-06,,,
DDTL,2.40E-10,0.161409768,0.01,0.005,6.72E-06,,,
AC005832.4,2.44E-10,0.170781209,0.011,0.005,6.83E-06,,,
EFCAB5,2.45E-10,-0.253911536,0.022,0.013,6.86E-06,,,
MRNIP,2.45E-10,-0.49290496,0.124,0.096,6.87E-06,,,
CENPX,2.48E-10,-0.246697763,0.036,0.024,6.96E-06,,,
ACAD8,2.49E-10,-0.368036208,0.037,0.025,6.98E-06,,,
SLC9A6,2.50E-10,-0.334400558,0.053,0.038,7.01E-06,,,
SFMBT1,2.55E-10,-0.414003573,0.07,0.052,7.14E-06,,,
WIPF2,2.56E-10,-1.006745859,0.14,0.156,7.17E-06,,,
CSTF2T,2.56E-10,-1.783214661,0.016,0.027,7.18E-06,,,
ANKRD45,2.57E-10,-2.224592475,0.004,0.012,7.20E-06,,,
PPP1R9B,2.58E-10,-1.823670221,0.007,0.016,7.24E-06,,,
CHIT1,2.59E-10,-0.291680836,0.019,0.011,7.25E-06,,,
LRP10,2.59E-10,-1.161779668,0.061,0.078,7.25E-06,,,
RAVER1,2.64E-10,-0.314821936,0.02,0.012,7.41E-06,,,
AC092674.1,2.64E-10,0.372916754,0.011,0.005,7.41E-06,,,
YARS,2.65E-10,-0.449883676,0.102,0.078,7.44E-06,,,
MED28,2.74E-10,-0.419170362,0.104,0.08,7.68E-06,,,
COX10-AS1,2.74E-10,-0.522263982,0.255,0.2,7.68E-06,,,
LINC02234,2.75E-10,-0.173306148,0.013,0.007,7.70E-06,,,
DPY19L1,2.78E-10,-1.105306326,0.08,0.098,7.78E-06,,,
OCIAD1-AS1,2.78E-10,-0.372396833,0.035,0.023,7.79E-06,,,
HINT3,2.79E-10,-0.357917148,0.073,0.054,7.81E-06,,,
CAMK2N1,2.79E-10,-2.008900735,0.003,0.01,7.81E-06,,,
SLC25A21,2.84E-10,-1.197374515,0.085,0.103,7.97E-06,,,
OGT,2.85E-10,-0.346848357,0.488,0.372,7.97E-06,,,
PAK4,2.86E-10,-1.182534911,0.049,0.065,8.01E-06,,,
TMCC2,2.89E-10,-2.100013085,0.004,0.011,8.09E-06,,,
MDGA1,2.89E-10,-2.021383774,0.013,0.024,8.10E-06,,,
PTGER2,2.90E-10,-2.71122005,0.003,0.01,8.13E-06,,,
HCG11,2.97E-10,-0.202547819,0.036,0.024,8.31E-06,,,
PTGES3,2.98E-10,-0.534680854,0.254,0.2,8.37E-06,,,
CTDSP2,3.00E-10,-0.408552118,0.157,0.124,8.41E-06,,,
RGS7,3.02E-10,-0.296973159,0.014,0.008,8.46E-06,,,
PLCB3,3.04E-10,-1.567205879,0.011,0.021,8.51E-06,,,
UCK2,3.05E-10,-1.467159986,0.037,0.052,8.54E-06,,,
CLIC2,3.06E-10,-1.461663543,0.037,0.052,8.57E-06,,,
CBX3,3.09E-10,-0.496857637,0.142,0.111,8.65E-06,,,
FLVCR1-AS1,3.10E-10,-0.228089319,0.016,0.009,8.68E-06,,,
CORO2A,3.10E-10,-2.488300874,0.005,0.013,8.69E-06,,,
TBC1D9,3.10E-10,-0.534325924,0.245,0.193,8.69E-06,,,
PTPN2,3.12E-10,-0.966251151,0.213,0.219,8.74E-06,,,
TMEM245,3.15E-10,-0.481395226,0.323,0.252,8.84E-06,,,
MICAL1,3.22E-10,-1.984105288,0.009,0.018,9.02E-06,,,
METTL7A,3.28E-10,-0.468251072,0.23,0.182,9.19E-06,,,
AGPAT1,3.36E-10,-1.244232794,0.026,0.039,9.42E-06,,,
RIN2,3.40E-10,-0.476637122,0.352,0.274,9.52E-06,,,
SNAPIN,3.42E-10,-0.204628357,0.033,0.022,9.60E-06,,,
ANP32B,3.44E-10,-0.481789006,0.116,0.09,9.64E-06,,,
AL035587.1,3.45E-10,-1.743421984,0.014,0.024,9.67E-06,,,
AC125494.1,3.49E-10,-0.165039205,0.022,0.013,9.78E-06,,,
C4BPA,3.51E-10,-1.923081945,0.01,0.019,9.84E-06,,,
PAICS,3.54E-10,-0.41415643,0.099,0.076,9.93E-06,,,
XYLB,3.61E-10,-0.492278246,0.092,0.07,1.01E-05,,,
MYO7A,3.61E-10,-1.637503963,0.012,0.022,1.01E-05,,,
RAC2,3.63E-10,-2.726103712,0.004,0.011,1.02E-05,,,
SNTG1,3.66E-10,-0.157178085,0.016,0.008,1.03E-05,,,
RMI1,3.72E-10,-0.289153994,0.04,0.028,1.04E-05,,,
CLN6,3.76E-10,-0.391197456,0.044,0.031,1.05E-05,,,
FAM186B,3.93E-10,-0.327320343,0.021,0.012,1.10E-05,,,
MFSD13A,4.00E-10,-1.718010364,0.012,0.022,1.12E-05,,,
SNTB1,4.05E-10,-1.443848422,0.079,0.096,1.13E-05,,,
RAB10,4.06E-10,-0.465685888,0.375,0.289,1.14E-05,,,
KAT6A,4.09E-10,-0.841394585,0.342,0.318,1.15E-05,,,
ZNF343,4.21E-10,-0.300778367,0.033,0.022,1.18E-05,,,
TRIM17,4.34E-10,-1.329697689,0.032,0.046,1.22E-05,,,
VIM,4.37E-10,-0.709314827,0.617,0.511,1.23E-05,,,
LINC00662,4.47E-10,-0.527484215,0.175,0.138,1.25E-05,,,
GTF2H5,4.47E-10,-0.406035542,0.072,0.054,1.25E-05,,,
SCAMP1,4.54E-10,-1.174569927,0.114,0.13,1.27E-05,,,
SPIN4-AS1,4.54E-10,0.217159202,0.01,0.004,1.27E-05,,,
CREBBP,4.55E-10,-0.357290619,0.444,0.342,1.27E-05,,,
RPL35,4.56E-10,-1.039526303,0.153,0.168,1.28E-05,,,
AADAT,4.57E-10,-0.180173985,0.021,0.013,1.28E-05,,,
ZNRF3-AS1,4.59E-10,-0.172530395,0.025,0.015,1.29E-05,,,
C4orf33,4.63E-10,-0.319368254,0.055,0.04,1.30E-05,,,
TMED4,4.65E-10,-0.463763943,0.131,0.102,1.30E-05,,,
AC008914.1,4.66E-10,-1.27474947,0.046,0.062,1.31E-05,,,
TSPYL5,4.68E-10,0.184974833,0.013,0.007,1.31E-05,,,
AMFR,4.70E-10,-0.476420536,0.098,0.076,1.32E-05,,,
ALKBH5,4.74E-10,-0.439468961,0.078,0.058,1.33E-05,,,
AC007163.2,4.75E-10,-1.351726085,0.013,0.024,1.33E-05,,,
AC012615.2,4.75E-10,0.123863582,0.017,0.01,1.33E-05,,,
LRP4-AS1,4.78E-10,-2.443177982,0.004,0.011,1.34E-05,,,
NUP50-AS1,4.79E-10,-0.538968197,0.087,0.066,1.34E-05,,,
NINJ1,4.89E-10,-1.318250704,0.026,0.04,1.37E-05,,,
KCTD6,4.94E-10,-0.226565896,0.034,0.023,1.39E-05,,,
PGLS,4.95E-10,-0.47316363,0.09,0.069,1.39E-05,,,
CDH1,4.96E-10,-1.826079332,0.009,0.018,1.39E-05,,,
ACTR3C,4.96E-10,-0.322975705,0.049,0.035,1.39E-05,,,
USP38,5.15E-10,-0.424234623,0.062,0.045,1.44E-05,,,
PRSS12,5.18E-10,-2.73072717,0.004,0.011,1.45E-05,,,
RPUSD3,5.26E-10,-0.476452501,0.059,0.043,1.47E-05,,,
PRDM5,5.26E-10,-1.076801077,0.109,0.126,1.47E-05,,,
HS6ST2,5.30E-10,-2.588921194,0.006,0.015,1.49E-05,,,
NOA1,5.35E-10,-0.376683681,0.041,0.028,1.50E-05,,,
YTHDF1,5.41E-10,-0.402927772,0.062,0.046,1.52E-05,,,
RHOH,5.43E-10,-2.789687582,0.01,0.019,1.52E-05,,,
DPM3,5.44E-10,-0.395141315,0.058,0.042,1.52E-05,,,
IGDCC4,5.44E-10,-2.958213046,0.004,0.011,1.52E-05,,,
USP18,5.46E-10,-0.237678337,0.022,0.013,1.53E-05,,,
DOK5,5.47E-10,-1.623564013,0.023,0.036,1.53E-05,,,
TCEAL4,5.56E-10,-1.131597075,0.095,0.113,1.56E-05,,,
EFTUD2,5.57E-10,-0.485472742,0.117,0.091,1.56E-05,,,
ERCC6L2,5.57E-10,-0.489015017,0.27,0.212,1.56E-05,,,
PEA15,5.66E-10,-0.317805458,0.057,0.041,1.59E-05,,,
KPNB1,5.67E-10,-0.464608417,0.234,0.186,1.59E-05,,,
CD6,5.75E-10,-3.212104366,0.004,0.011,1.61E-05,,,
AZIN2,5.75E-10,-1.663718204,0.018,0.03,1.61E-05,,,
NDUFB2,5.78E-10,-0.478141792,0.132,0.104,1.62E-05,,,
CRTC1,5.79E-10,-0.535118068,0.111,0.086,1.62E-05,,,
YIF1B,5.80E-10,-0.265191023,0.03,0.02,1.63E-05,,,
ABCA12,5.97E-10,0.453946567,0.013,0.007,1.67E-05,,,
CNOT6,6.02E-10,-1.230549746,0.072,0.089,1.69E-05,,,
LMBRD2,6.12E-10,-0.476275558,0.088,0.067,1.72E-05,,,
DDX17,6.12E-10,-0.262072965,0.811,0.671,1.72E-05,,,
COMMD3,6.13E-10,-0.299193175,0.06,0.044,1.72E-05,,,
AL731563.3,6.16E-10,0.217593659,0.011,0.005,1.73E-05,,,
U91328.3,6.22E-10,-1.209558314,0.062,0.079,1.74E-05,,,
SLC25A39,6.30E-10,-0.251248588,0.038,0.026,1.76E-05,,,
AC124016.1,6.34E-10,-0.276304221,0.043,0.03,1.78E-05,,,
TSN,6.39E-10,-0.420928078,0.077,0.058,1.79E-05,,,
DDT,6.55E-10,-0.399461788,0.053,0.038,1.84E-05,,,
NSUN5,6.64E-10,-0.337553878,0.03,0.019,1.86E-05,,,
FAM227B,6.64E-10,-0.944334357,0.229,0.235,1.86E-05,,,
AC010883.1,6.66E-10,0.249889365,0.01,0.005,1.87E-05,,,
ZFPM2-AS1,6.67E-10,-1.23897143,0.11,0.126,1.87E-05,,,
CXCL14,6.76E-10,-1.556288192,0.042,0.057,1.89E-05,,,
STX6,6.80E-10,-0.470976769,0.133,0.104,1.90E-05,,,
SMAD4,6.81E-10,-0.464325136,0.163,0.129,1.91E-05,,,
MYD88,6.84E-10,-1.494700636,0.01,0.019,1.92E-05,,,
MSH4,6.88E-10,-0.191533797,0.034,0.023,1.93E-05,,,
LINC01031,6.89E-10,-1.558811496,0.011,0.02,1.93E-05,,,
C19orf60,6.91E-10,-0.579679954,0.106,0.082,1.94E-05,,,
RPS27L,6.97E-10,-0.513245115,0.233,0.185,1.95E-05,,,
ENO3,7.21E-10,0.310494751,0.011,0.005,2.02E-05,,,
AL078459.1,7.22E-10,-1.389408212,0.053,0.069,2.02E-05,,,
DAXX,7.26E-10,-1.45593146,0.015,0.026,2.03E-05,,,
CLDN7,7.26E-10,-1.751780438,0.01,0.02,2.04E-05,,,
PRDX5,7.36E-10,-1.142672759,0.048,0.064,2.06E-05,,,
TRIM11,7.44E-10,-1.394636599,0.018,0.029,2.08E-05,,,
PLVAP,7.44E-10,-2.071781666,0.01,0.02,2.09E-05,,,
AC025043.1,7.53E-10,-0.348679879,0.073,0.054,2.11E-05,,,
AL513327.2,7.61E-10,-0.226994407,0.02,0.012,2.13E-05,,,
NALCN,7.62E-10,-1.696668376,0.02,0.032,2.14E-05,,,
AC092422.1,7.76E-10,-0.261541085,0.019,0.011,2.18E-05,,,
LARS2,7.78E-10,-0.541248578,0.146,0.115,2.18E-05,,,
NKAP,7.90E-10,-0.409533764,0.078,0.059,2.21E-05,,,
BRI3,8.07E-10,-0.487955103,0.197,0.156,2.26E-05,,,
TDRD7,8.40E-10,-1.248153852,0.067,0.084,2.35E-05,,,
F8,8.45E-10,-0.79093869,0.077,0.058,2.37E-05,,,
CCDC122,8.57E-10,-1.045480285,0.157,0.168,2.40E-05,,,
SERPINB9P1,8.62E-10,-1.888315427,0.011,0.02,2.42E-05,,,
ELMSAN1,8.70E-10,-0.546339723,0.153,0.12,2.44E-05,,,
H2AFZ,8.74E-10,-1.19625489,0.031,0.045,2.45E-05,,,
GTF2H2C,8.74E-10,-0.239697501,0.038,0.026,2.45E-05,,,
BLMH,8.86E-10,-0.499156876,0.111,0.086,2.48E-05,,,
PIP5K1C,8.90E-10,-1.288141963,0.041,0.056,2.49E-05,,,
ERO1B,8.92E-10,-1.024892584,0.183,0.193,2.50E-05,,,
ABCA13,8.99E-10,-2.517124564,0.004,0.011,2.52E-05,,,
POLE2,9.08E-10,-0.4219,0.091,0.07,2.55E-05,,,
ENPP5,9.13E-10,-1.635726069,0.019,0.03,2.56E-05,,,
U52111.1,9.19E-10,-0.233683455,0.013,0.007,2.58E-05,,,
ODF2,9.24E-10,-0.390069051,0.073,0.055,2.59E-05,,,
DOT1L,9.28E-10,-0.452901176,0.07,0.052,2.60E-05,,,
PRDX2,9.35E-10,-0.485653512,0.083,0.063,2.62E-05,,,
ASAP1,9.36E-10,-0.903391058,0.435,0.38,2.62E-05,,,
HS6ST3,9.37E-10,-1.957180133,0.01,0.019,2.63E-05,,,
PMPCA,9.45E-10,-0.409966575,0.053,0.038,2.65E-05,,,
THCAT158,9.65E-10,-1.76529562,0.016,0.027,2.70E-05,,,
NPIPA1,9.67E-10,-0.272006904,0.031,0.02,2.71E-05,,,
SRSF3,9.88E-10,-0.438298013,0.252,0.201,2.77E-05,,,
NFKB2,9.93E-10,-1.488969826,0.019,0.031,2.78E-05,,,
FAM86C1,9.94E-10,0.393216209,0.011,0.006,2.78E-05,,,
AL391244.1,9.94E-10,-0.152131115,0.019,0.011,2.79E-05,,,
GTF2F2,9.99E-10,-1.043623472,0.167,0.179,2.80E-05,,,
WNK2,1.01E-09,-2.611517084,0.004,0.011,2.83E-05,,,
ANKS1A,1.01E-09,-0.642134106,0.366,0.28,2.84E-05,,,
ORAI2,1.02E-09,-1.568788397,0.016,0.027,2.87E-05,,,
CUEDC1,1.03E-09,-1.09473078,0.123,0.139,2.90E-05,,,
TTYH2,1.04E-09,-2.011821817,0.011,0.021,2.90E-05,,,
CNNM4,1.04E-09,-1.621366568,0.019,0.03,2.92E-05,,,
ATP6V1C1,1.04E-09,-0.503574025,0.193,0.153,2.92E-05,,,
SYNGR1,1.05E-09,-1.570174384,0.024,0.037,2.94E-05,,,
DIO1,1.05E-09,-0.284097855,0.037,0.025,2.94E-05,,,
TMEM219,1.05E-09,-1.205588866,0.067,0.084,2.95E-05,,,
PRPF38B,1.06E-09,-0.549080025,0.206,0.163,2.97E-05,,,
C1orf123,1.06E-09,-0.31659229,0.055,0.04,2.98E-05,,,
ZDHHC4,1.07E-09,-0.281078461,0.039,0.026,3.00E-05,,,
ACKR1,1.07E-09,-2.210159334,0.013,0.023,3.00E-05,,,
AC104135.1,1.08E-09,0.204743328,0.012,0.006,3.02E-05,,,
AC010487.3,1.08E-09,-0.262315705,0.022,0.013,3.03E-05,,,
ZCCHC6,1.09E-09,-0.917456364,0.244,0.244,3.05E-05,,,
ASB9,1.09E-09,0.229441261,0.01,0.004,3.05E-05,,,
RPS15A,1.11E-09,-1.136413109,0.159,0.172,3.11E-05,,,
AL133410.1,1.11E-09,-1.785367011,0.013,0.023,3.12E-05,,,
ARMCX1,1.12E-09,-1.326957067,0.027,0.04,3.15E-05,,,
PCSK7,1.13E-09,-0.612322473,0.131,0.102,3.15E-05,,,
AC096558.2,1.13E-09,-2.660504149,0.01,0.019,3.16E-05,,,
CRMP1,1.14E-09,-0.51353651,0.127,0.099,3.18E-05,,,
ZFAND2B,1.14E-09,-0.349521402,0.05,0.035,3.19E-05,,,
ZNHIT3,1.15E-09,-0.456365892,0.057,0.041,3.23E-05,,,
AC008760.1,1.16E-09,0.15785583,0.012,0.006,3.24E-05,,,
AC084033.3,1.16E-09,-0.358208564,0.041,0.028,3.24E-05,,,
C16orf62,1.18E-09,-0.497540061,0.277,0.218,3.30E-05,,,
TG,1.20E-09,-0.636381265,0.059,0.043,3.36E-05,,,
LRRC58,1.20E-09,-0.449084608,0.094,0.072,3.36E-05,,,
NINL,1.20E-09,-1.080528683,0.167,0.177,3.37E-05,,,
SNX12,1.20E-09,-1.380793264,0.02,0.032,3.37E-05,,,
P2RY13,1.21E-09,-1.904844072,0.005,0.013,3.39E-05,,,
AC004542.2,1.21E-09,-0.320786606,0.03,0.019,3.40E-05,,,
APH1A,1.22E-09,-1.268525776,0.031,0.045,3.42E-05,,,
CLASP2,1.25E-09,-0.366806329,0.478,0.366,3.50E-05,,,
PSMD13,1.26E-09,-0.505481159,0.072,0.054,3.54E-05,,,
TMX3,1.27E-09,-0.934319293,0.18,0.191,3.57E-05,,,
IFIT2,1.27E-09,-1.442190797,0.016,0.027,3.57E-05,,,
ZNF410,1.29E-09,-0.158580544,0.021,0.013,3.61E-05,,,
FAM120A,1.29E-09,-0.482006001,0.262,0.208,3.62E-05,,,
COPS7A,1.29E-09,-0.347401486,0.058,0.042,3.62E-05,,,
NAALADL1,1.33E-09,-1.833963891,0.005,0.012,3.72E-05,,,
SAMD13,1.34E-09,-1.542539793,0.013,0.024,3.76E-05,,,
CYBRD1,1.34E-09,-0.789275377,0.315,0.302,3.76E-05,,,
GOLPH3L,1.35E-09,-0.455791493,0.127,0.099,3.78E-05,,,
TMEM159,1.35E-09,-1.497393898,0.029,0.042,3.78E-05,,,
CYCS,1.36E-09,-0.302977103,0.039,0.027,3.82E-05,,,
SEMA3F-AS1,1.38E-09,-0.203640384,0.019,0.011,3.86E-05,,,
CEP41,1.38E-09,-0.296969496,0.044,0.031,3.87E-05,,,
PXN-AS1,1.41E-09,-0.517284304,0.051,0.036,3.94E-05,,,
USP13,1.41E-09,-0.523589319,0.192,0.152,3.96E-05,,,
RAVER2,1.44E-09,-1.220749302,0.066,0.082,4.02E-05,,,
ZNF630,1.46E-09,-1.230025701,0.037,0.052,4.08E-05,,,
RPL27,1.47E-09,-1.077155234,0.138,0.153,4.13E-05,,,
EPC2,1.48E-09,-0.437170352,0.316,0.249,4.15E-05,,,
TRPV3,1.49E-09,-0.152717525,0.015,0.008,4.17E-05,,,
PRDX1,1.50E-09,-1.100800223,0.091,0.108,4.21E-05,,,
STEAP1B,1.50E-09,-1.803697996,0.006,0.013,4.22E-05,,,
GPBP1,1.51E-09,-0.354278697,0.485,0.37,4.22E-05,,,
ATG16L1,1.52E-09,-0.494417057,0.077,0.058,4.25E-05,,,
MRFAP1,1.54E-09,-1.234573147,0.043,0.058,4.32E-05,,,
EVI5L,1.56E-09,-0.388342244,0.039,0.027,4.39E-05,,,
NRG3,1.59E-09,-2.550700594,0.021,0.033,4.46E-05,,,
MRPL30,1.59E-09,-0.25502576,0.026,0.016,4.47E-05,,,
SLC9A3R2,1.59E-09,-1.532067021,0.019,0.03,4.47E-05,,,
AC055811.2,1.60E-09,0.148967883,0.013,0.007,4.48E-05,,,
DRD4,1.63E-09,0.241600763,0.01,0.005,4.57E-05,,,
CYB5R4,1.65E-09,-1.098479785,0.128,0.143,4.62E-05,,,
LRRC42,1.68E-09,-1.151816126,0.029,0.042,4.70E-05,,,
PLA2G7,1.69E-09,-2.453163168,0.004,0.01,4.73E-05,,,
ITPRIP,1.76E-09,-1.249311974,0.044,0.059,4.92E-05,,,
ARRB1,1.76E-09,-0.515223775,0.243,0.193,4.93E-05,,,
PCED1B-AS1,1.77E-09,-0.617249355,0.036,0.024,4.95E-05,,,
AC010168.2,1.77E-09,-0.220330221,0.024,0.015,4.95E-05,,,
JMJD4,1.77E-09,-0.174898253,0.027,0.017,4.96E-05,,,
SYTL1,1.80E-09,-2.276030046,0.005,0.012,5.05E-05,,,
PHPT1,1.81E-09,-1.282915851,0.047,0.063,5.07E-05,,,
AP1M2,1.81E-09,-1.968105021,0.004,0.012,5.08E-05,,,
HEPHL1,1.81E-09,-2.82733342,0.003,0.01,5.08E-05,,,
STK17A,1.83E-09,-0.710407016,0.143,0.112,5.11E-05,,,
CISD2,1.88E-09,-0.392623076,0.072,0.054,5.26E-05,,,
KCNK6,1.89E-09,-1.510801122,0.016,0.027,5.28E-05,,,
BX322557.1,1.89E-09,-0.416510603,0.059,0.043,5.30E-05,,,
NDUFV2,1.92E-09,-0.301879697,0.037,0.025,5.38E-05,,,
MRPL4,1.93E-09,-0.449064961,0.055,0.04,5.40E-05,,,
CBLN3,1.95E-09,-1.827000049,0.01,0.019,5.46E-05,,,
AL445483.1,1.97E-09,-0.140325223,0.026,0.017,5.52E-05,,,
AL160290.2,1.97E-09,-1.781653698,0.011,0.02,5.53E-05,,,
ERGIC1,2.02E-09,-1.012193598,0.157,0.171,5.66E-05,,,
SHPK,2.05E-09,0.326820448,0.011,0.005,5.75E-05,,,
MRPL36,2.05E-09,-0.289474176,0.026,0.016,5.76E-05,,,
SDC3,2.07E-09,-1.403349627,0.025,0.038,5.79E-05,,,
TMED9,2.07E-09,-1.141008429,0.054,0.07,5.80E-05,,,
FEZ1,2.07E-09,-2.000991531,0.009,0.018,5.80E-05,,,
SLC2A12,2.09E-09,-1.598258937,0.014,0.024,5.86E-05,,,
HSPB1,2.12E-09,-1.131417469,0.066,0.083,5.93E-05,,,
ARFRP1,2.13E-09,-0.461835646,0.055,0.04,5.97E-05,,,
KIAA1161,2.13E-09,-0.200424293,0.01,0.005,5.97E-05,,,
NIPA1,2.13E-09,-0.430726546,0.073,0.055,5.97E-05,,,
ALAS1,2.19E-09,-0.191127225,0.032,0.021,6.13E-05,,,
LINC01322,2.20E-09,-0.275018614,0.025,0.016,6.15E-05,,,
PPT1,2.21E-09,-1.277798532,0.062,0.078,6.19E-05,,,
TEPSIN,2.23E-09,-0.294689037,0.039,0.027,6.24E-05,,,
LMTK3,2.24E-09,-2.211782903,0.006,0.014,6.26E-05,,,
ZNF140,2.24E-09,-0.430352703,0.094,0.072,6.27E-05,,,
AC087362.1,2.24E-09,0.266811806,0.011,0.005,6.28E-05,,,
B3GALT2,2.25E-09,-0.139124499,0.021,0.013,6.30E-05,,,
SLC35D2,2.25E-09,-0.533436485,0.128,0.1,6.30E-05,,,
SGF29,2.25E-09,-0.370709865,0.072,0.054,6.32E-05,,,
NFXL1,2.26E-09,-0.545979796,0.124,0.097,6.34E-05,,,
ZNF266,2.27E-09,-0.477619826,0.102,0.079,6.35E-05,,,
ZNF790-AS1,2.31E-09,-1.139626443,0.067,0.083,6.47E-05,,,
SNX27,2.32E-09,-0.539605352,0.143,0.113,6.51E-05,,,
CLN8,2.34E-09,-1.559445752,0.024,0.037,6.56E-05,,,
ARF6,2.35E-09,-1.353140851,0.016,0.026,6.58E-05,,,
RAB8A,2.39E-09,-1.446373105,0.019,0.031,6.71E-05,,,
MKS1,2.41E-09,-0.383692835,0.041,0.028,6.76E-05,,,
ZNF746,2.42E-09,-0.408284571,0.057,0.041,6.79E-05,,,
NFE4,2.42E-09,-2.41288732,0.004,0.01,6.79E-05,,,
SH2D3A,2.44E-09,-0.157489941,0.019,0.011,6.83E-05,,,
AL450998.3,2.47E-09,-0.36613836,0.022,0.013,6.93E-05,,,
TEX9,2.49E-09,-0.426339491,0.116,0.091,6.98E-05,,,
AL592295.3,2.52E-09,-0.299989686,0.045,0.032,7.07E-05,,,
SEC23B,2.55E-09,-0.46427818,0.088,0.068,7.15E-05,,,
PDHB,2.55E-09,-0.472737238,0.068,0.051,7.16E-05,,,
MRPS34,2.59E-09,-0.459474962,0.05,0.036,7.24E-05,,,
FAM118A,2.61E-09,-1.24841877,0.065,0.081,7.30E-05,,,
AP000943.3,2.67E-09,-0.463592636,0.075,0.056,7.48E-05,,,
AL139022.1,2.67E-09,-0.595242879,0.125,0.097,7.48E-05,,,
NOB1,2.70E-09,-0.340666266,0.042,0.029,7.56E-05,,,
INHA,2.73E-09,-0.14757952,0.025,0.016,7.66E-05,,,
MAP2K3,2.75E-09,-0.389031357,0.052,0.037,7.71E-05,,,
NOD2,2.79E-09,-2.1399504,0.004,0.011,7.82E-05,,,
MPP7,2.79E-09,-0.858846269,0.204,0.161,7.83E-05,,,
DDX49,2.81E-09,-0.327608392,0.061,0.045,7.87E-05,,,
EIF4G2,2.81E-09,-0.912343844,0.201,0.209,7.88E-05,,,
MTCL1,2.85E-09,-2.476188553,0.004,0.011,7.99E-05,,,
CDK20,2.85E-09,-1.820804166,0.006,0.013,7.99E-05,,,
AC109460.1,2.86E-09,-0.127682907,0.012,0.006,8.01E-05,,,
ARHGAP31,2.88E-09,-0.718945824,0.221,0.174,8.07E-05,,,
NBPF15,2.89E-09,-1.327974299,0.05,0.065,8.10E-05,,,
WASHC2C,2.91E-09,-0.519158805,0.084,0.064,8.16E-05,,,
PAPOLG,2.99E-09,-0.548065722,0.095,0.073,8.37E-05,,,
C19orf38,2.99E-09,0.298957178,0.011,0.005,8.39E-05,,,
PIGW,3.00E-09,0.356273325,0.012,0.006,8.41E-05,,,
CHCHD7,3.03E-09,-0.336251348,0.044,0.031,8.48E-05,,,
ANKLE2,3.03E-09,-1.044852905,0.129,0.144,8.49E-05,,,
LEPR,3.04E-09,-0.49429356,0.187,0.149,8.51E-05,,,
ATP5G1,3.08E-09,-1.38141395,0.029,0.042,8.63E-05,,,
KIF27,3.09E-09,-0.429289574,0.092,0.071,8.65E-05,,,
CCDC88C,3.09E-09,-1.123112554,0.051,0.036,8.66E-05,,,
ZNF92,3.14E-09,-0.4109704,0.057,0.042,8.80E-05,,,
SOBP,3.16E-09,-1.516047284,0.08,0.094,8.86E-05,,,
SPRTN,3.24E-09,-0.539547215,0.066,0.049,9.07E-05,,,
ENOX1,3.24E-09,-0.461076618,0.441,0.34,9.09E-05,,,
VRK3,3.25E-09,-0.535033017,0.089,0.068,9.11E-05,,,
ADH1C,3.25E-09,-0.183242744,0.011,0.006,9.12E-05,,,
TRUB1,3.26E-09,-0.479795945,0.079,0.06,9.15E-05,,,
RAB15,3.26E-09,-0.456623595,0.044,0.031,9.15E-05,,,
ZNF526,3.27E-09,-0.294200346,0.028,0.018,9.15E-05,,,
CX3CR1,3.27E-09,-2.811782183,0.004,0.011,9.17E-05,,,
BAP1,3.31E-09,-0.281890663,0.029,0.019,9.27E-05,,,
NAXD,3.31E-09,-0.31839878,0.051,0.037,9.28E-05,,,
CD209,3.32E-09,-2.157846055,0.005,0.013,9.30E-05,,,
ETFBKMT,3.36E-09,-0.309639405,0.044,0.031,9.41E-05,,,
NPIPB4,3.37E-09,-0.182979835,0.029,0.019,9.43E-05,,,
TAF1C,3.38E-09,-0.444135653,0.057,0.041,9.47E-05,,,
CCDC34,3.49E-09,-0.271116375,0.029,0.019,9.79E-05,,,
NR2C2,3.50E-09,-0.508836232,0.25,0.198,9.81E-05,,,
LRRC6,3.51E-09,-0.458470124,0.103,0.08,9.84E-05,,,
SYNCRIP,3.60E-09,-0.500224954,0.172,0.138,0.00010087,,,
C6orf132,3.61E-09,-1.279760232,0.024,0.036,0.000101106,,,
ZNF454,3.64E-09,-1.811723513,0.014,0.024,0.000101926,,,
MAEA,3.66E-09,-0.534749191,0.099,0.077,0.000102513,,,
HOMER1,3.72E-09,-1.386998767,0.031,0.044,0.000104354,,,
08-Mar,3.80E-09,-0.632366528,0.135,0.106,0.000106585,,,
STOX2,3.82E-09,-2.06017266,0.08,0.094,0.000107001,,,
ARFGEF1,3.84E-09,-0.375472488,0.485,0.37,0.000107529,,,
NMI,3.84E-09,-1.086125292,0.052,0.068,0.000107671,,,
NCBP2-AS2,3.86E-09,-0.253765231,0.037,0.025,0.00010808,,,
PBDC1,3.87E-09,-1.621172592,0.013,0.023,0.000108561,,,
NKIRAS2,3.88E-09,-0.448177454,0.042,0.029,0.000108635,,,
ZNF583,3.88E-09,-1.343582819,0.029,0.042,0.000108651,,,
SSR3,3.88E-09,-0.561532585,0.118,0.093,0.000108779,,,
AL139317.3,3.90E-09,0.205636782,0.012,0.006,0.000109401,,,
GAL3ST4,3.93E-09,-2.071342942,0.004,0.01,0.000110068,,,
VPS26B,3.94E-09,-0.423146712,0.075,0.057,0.00011032,,,
AC005537.1,3.96E-09,-2.763303649,0.003,0.01,0.00011087,,,
TM2D2,3.99E-09,-1.12298052,0.026,0.039,0.00011185,,,
AC006449.6,3.99E-09,0.246606251,0.011,0.006,0.000111864,,,
SLC35A1,4.04E-09,-0.300364947,0.034,0.023,0.000113211,,,
TSPOAP1,4.12E-09,-1.080832066,0.075,0.091,0.000115445,,,
EIF1B,4.12E-09,-0.458057977,0.087,0.067,0.000115465,,,
NEK3,4.13E-09,-1.272252172,0.067,0.083,0.00011582,,,
SPATA2L,4.21E-09,-1.780469328,0.008,0.016,0.000117865,,,
TRAPPC1,4.21E-09,-1.347277754,0.012,0.021,0.000118063,,,
AC007390.2,4.22E-09,-0.432462352,0.048,0.035,0.000118314,,,
AL035071.2,4.23E-09,-0.41798154,0.048,0.034,0.00011846,,,
SERPINH1,4.23E-09,-0.621741497,0.112,0.087,0.000118602,,,
GYG1,4.25E-09,-1.258509226,0.035,0.048,0.000119194,,,
AC124312.2,4.33E-09,-0.291883235,0.038,0.026,0.000121333,,,
CTDNEP1,4.34E-09,-0.174047391,0.04,0.028,0.000121657,,,
CASP4,4.34E-09,-1.085724682,0.115,0.131,0.000121731,,,
TMEM104,4.52E-09,-0.193929025,0.044,0.032,0.000126693,,,
TTTY14,4.54E-09,-0.389647136,0.221,0.177,0.000127144,,,
GRAMD1B,4.54E-09,-1.490456863,0.027,0.04,0.000127347,,,
EDDM13,4.57E-09,-0.522729149,0.122,0.096,0.000128199,,,
ATG2A,4.57E-09,-0.430253802,0.047,0.034,0.000128214,,,
ZNF674,4.61E-09,-0.383936035,0.053,0.038,0.000129255,,,
PRDM1,4.63E-09,-2.222542579,0.01,0.019,0.000129812,,,
XRCC5,4.68E-09,-0.766434263,0.352,0.326,0.000131214,,,
RILPL2,4.70E-09,-0.482324639,0.066,0.05,0.000131751,,,
LINC02254,4.72E-09,-0.181554931,0.014,0.008,0.00013215,,,
CNTN6,4.72E-09,-0.120211573,0.032,0.021,0.00013236,,,
LINC01260,4.75E-09,-1.929631635,0.007,0.015,0.000133214,,,
FADS1,4.80E-09,-0.240878595,0.053,0.039,0.00013455,,,
KCNE4,4.83E-09,-2.287081421,0.008,0.016,0.00013523,,,
INTS7,4.87E-09,-0.488532965,0.113,0.089,0.000136478,,,
COL8A2,4.90E-09,-1.848569092,0.006,0.013,0.000137379,,,
ARHGAP11A,4.98E-09,0.248590069,0.01,0.005,0.000139565,,,
CD320,5.02E-09,-1.485952765,0.026,0.038,0.000140677,,,
NAPG,5.12E-09,-0.528197123,0.151,0.12,0.000143493,,,
MIOS,5.17E-09,-0.558037104,0.11,0.086,0.000145008,,,
IER2,5.18E-09,-1.501466155,0.061,0.076,0.000145175,,,
MTF2,5.20E-09,-0.510902977,0.227,0.181,0.000145701,,,
GHRLOS,5.25E-09,-0.122040591,0.015,0.008,0.000147188,,,
AC078883.1,5.25E-09,-1.994907787,0.016,0.026,0.000147236,,,
GMPR2,5.27E-09,-0.412413341,0.044,0.031,0.000147594,,,
KIZ,5.34E-09,-0.541366945,0.245,0.194,0.000149593,,,
DPH7,5.36E-09,-0.494140733,0.073,0.055,0.000150084,,,
MFAP1,5.37E-09,-0.513498865,0.075,0.057,0.00015057,,,
POMP,5.39E-09,-0.471718307,0.103,0.08,0.000151079,,,
GPRIN3,5.45E-09,-0.771484457,0.06,0.045,0.000152752,,,
AC025040.1,5.51E-09,-0.227003074,0.023,0.015,0.000154281,,,
C20orf196,5.70E-09,-0.559983471,0.108,0.084,0.000159627,,,
THAP4,5.73E-09,-0.43281473,0.055,0.041,0.000160459,,,
CNPPD1,5.81E-09,-0.334245981,0.035,0.024,0.000162765,,,
RNASEH1,5.85E-09,-0.312540168,0.044,0.031,0.000163848,,,
PFDN4,5.87E-09,-0.445305475,0.05,0.036,0.000164412,,,
ZNF174,5.91E-09,-0.217492001,0.02,0.012,0.000165536,,,
POLR3D,6.03E-09,-0.361311348,0.058,0.043,0.000169125,,,
CASP9,6.40E-09,-0.265283708,0.042,0.03,0.000179247,,,
AC084756.1,6.41E-09,-0.13959362,0.015,0.008,0.000179581,,,
AC003006.1,6.42E-09,-0.368697891,0.049,0.035,0.000179808,,,
TLR2,6.43E-09,-1.556449004,0.011,0.02,0.000180093,,,
CCDC71L,6.44E-09,-0.477051072,0.033,0.022,0.000180584,,,
CES2,6.55E-09,-0.418287688,0.048,0.035,0.000183456,,,
EXPH5,6.63E-09,-1.372371375,0.021,0.033,0.00018577,,,
VBP1,6.64E-09,-0.368431938,0.04,0.028,0.000185953,,,
ZNF512B,6.66E-09,-0.304142072,0.039,0.027,0.000186524,,,
ARSB,6.69E-09,-1.25032971,0.063,0.078,0.000187399,,,
EML4,6.71E-09,-0.611829292,0.346,0.268,0.000188129,,,
EFNB1,6.87E-09,-0.384009598,0.035,0.024,0.000192603,,,
HP1BP3,6.90E-09,-0.329438245,0.526,0.403,0.000193338,,,
SMCHD1,6.92E-09,-0.718794094,0.449,0.396,0.000193985,,,
FAM208B,7.07E-09,-0.922437645,0.263,0.257,0.000198225,,,
NCBP3,7.07E-09,-0.562642533,0.187,0.149,0.000198255,,,
DYRK4,7.10E-09,-1.314279217,0.01,0.018,0.00019892,,,
SERINC1,7.27E-09,-0.567945499,0.262,0.208,0.000203809,,,
CD52,7.28E-09,-1.87238912,0.012,0.021,0.000204072,,,
EIF2S3,7.28E-09,-0.484829238,0.131,0.104,0.00020409,,,
TXNRD3,7.31E-09,-0.4327611,0.077,0.059,0.000204726,,,
PPEF1,7.39E-09,0.18280423,0.01,0.005,0.000207237,,,
AC020910.4,7.43E-09,0.172640185,0.015,0.008,0.000208143,,,
AC108058.1,7.45E-09,-2.23314095,0.004,0.01,0.000208681,,,
NDUFB4,7.59E-09,-0.480868881,0.076,0.058,0.000212639,,,
METTL22,7.62E-09,-0.446056997,0.072,0.055,0.000213606,,,
RBFA,7.79E-09,-0.358512115,0.054,0.039,0.00021838,,,
HIC1,7.80E-09,-1.819106316,0.012,0.021,0.000218537,,,
LINC01990,7.81E-09,-0.102200291,0.013,0.007,0.000218854,,,
RPL26,7.86E-09,-1.161137253,0.083,0.099,0.000220211,,,
PCBP2,7.87E-09,-0.509306694,0.211,0.169,0.00022057,,,
RBM22,7.99E-09,-0.450579654,0.068,0.051,0.000223938,,,
PJA2,8.00E-09,-0.457440864,0.345,0.271,0.000224313,,,
DENND1B,8.01E-09,-0.606100804,0.218,0.173,0.000224447,,,
APBA2,8.03E-09,-2.301650351,0.008,0.016,0.000225041,,,
NIPBL,8.20E-09,-0.47765748,0.614,0.509,0.00022979,,,
RWDD3,8.23E-09,-0.2747053,0.014,0.008,0.000230588,,,
CUL2,8.27E-09,-0.583245746,0.145,0.115,0.000231781,,,
TUG1,8.29E-09,-0.495789243,0.158,0.127,0.000232227,,,
SHKBP1,8.36E-09,-1.742491867,0.01,0.019,0.000234174,,,
CCDC120,8.46E-09,-1.458447451,0.017,0.027,0.00023699,,,
SMCR5,8.51E-09,-0.378195258,0.041,0.029,0.000238615,,,
DYRK3,8.68E-09,-1.967542765,0.011,0.02,0.00024315,,,
AC015971.1,8.75E-09,-0.474414142,0.108,0.084,0.000245308,,,
PGAM5,8.92E-09,-0.288125639,0.02,0.012,0.000249983,,,
C1GALT1,8.94E-09,-0.538190117,0.168,0.134,0.000250549,,,
AC099489.1,8.97E-09,-0.421174551,0.028,0.018,0.000251509,,,
NRSN2,9.05E-09,-1.564941026,0.014,0.024,0.000253571,,,
ZNRF3,9.10E-09,-0.534227621,0.249,0.197,0.000255046,,,
PRKX-AS1,9.23E-09,-2.403748771,0.005,0.012,0.000258693,,,
ANAPC15,9.25E-09,-0.232829717,0.019,0.012,0.000259108,,,
LINC01503,9.31E-09,-1.870559989,0.008,0.015,0.000261038,,,
OMA1,9.45E-09,-0.367999725,0.046,0.033,0.000264882,,,
BABAM2,9.52E-09,-0.704965598,0.404,0.365,0.000266814,,,
NDUFB3,9.53E-09,-0.429325788,0.055,0.04,0.000267129,,,
BGN,9.54E-09,-2.248547387,0.005,0.012,0.000267239,,,
DHRS4,9.64E-09,-0.383413465,0.037,0.026,0.000270102,,,
PPP1R36,9.68E-09,-0.229699939,0.026,0.017,0.000271279,,,
PHF11,9.89E-09,-0.590512554,0.145,0.115,0.000277083,,,
HSF2,1.01E-08,-0.461931156,0.069,0.052,0.00028338,,,
MBOAT7,1.02E-08,-1.329926855,0.034,0.047,0.000285836,,,
ZNF585B,1.03E-08,-0.374870144,0.026,0.017,0.00028998,,,
C1orf162,1.04E-08,-1.331675687,0.027,0.039,0.000291653,,,
CC2D1A,1.04E-08,-0.434144071,0.055,0.04,0.000291864,,,
CERS3-AS1,1.05E-08,-0.95936893,0.18,0.188,0.000295132,,,
KLHL2,1.06E-08,-1.277531256,0.072,0.087,0.000296657,,,
CP,1.07E-08,-1.36522039,0.034,0.047,0.000298651,,,
AC004656.1,1.07E-08,-1.856145407,0.004,0.011,0.000299714,,,
EPS15,1.07E-08,-0.394751752,0.565,0.422,0.000299727,,,
NDUFB6,1.09E-08,-0.573148494,0.098,0.076,0.000304228,,,
PCDHGA5,1.09E-08,-2.43428521,0.005,0.012,0.000305179,,,
GNAT2,1.09E-08,-0.10876018,0.011,0.006,0.000305226,,,
SNX6,1.09E-08,-0.632467862,0.353,0.272,0.000305482,,,
LRRC14,1.10E-08,-0.303894397,0.024,0.016,0.000309312,,,
ARHGEF10L,1.12E-08,-0.690176864,0.196,0.155,0.000313939,,,
AC099518.5,1.13E-08,-0.280109207,0.035,0.024,0.00031537,,,
AC010522.1,1.13E-08,0.285908325,0.015,0.008,0.000316664,,,
MNT,1.13E-08,-0.263904141,0.043,0.031,0.000316872,,,
ASIC2,1.14E-08,-1.614645873,0.017,0.027,0.000318362,,,
DNPEP,1.15E-08,-0.443108698,0.073,0.055,0.000322534,,,
SLC27A4,1.16E-08,-0.371686527,0.038,0.027,0.000325923,,,
CDK10,1.17E-08,-0.466199488,0.088,0.068,0.000326974,,,
NUDCD2,1.18E-08,-0.470328288,0.087,0.067,0.000331622,,,
AC079465.1,1.18E-08,-1.927799235,0.01,0.018,0.000331918,,,
AC096677.1,1.23E-08,-1.771529475,0.009,0.017,0.000343332,,,
NUFIP1,1.24E-08,-0.451345898,0.047,0.034,0.000348364,,,
ZC3H12D,1.25E-08,-2.120207195,0.006,0.013,0.000351476,,,
LRRC61,1.27E-08,-0.217936705,0.043,0.031,0.000356075,,,
IFNG-AS1,1.27E-08,-3.204072689,0.008,0.016,0.000356102,,,
MYSM1,1.30E-08,-0.510399655,0.228,0.183,0.000364677,,,
CSK,1.31E-08,-1.37479093,0.024,0.036,0.000366759,,,
AP000487.1,1.31E-08,-0.438165031,0.094,0.073,0.000367074,,,
AL117381.1,1.32E-08,-0.663697637,0.092,0.071,0.000369533,,,
RHEB,1.34E-08,-0.502707472,0.177,0.142,0.000375859,,,
SMUG1,1.35E-08,-0.423432998,0.073,0.056,0.000379272,,,
SPTY2D1-AS1,1.36E-08,-0.461606986,0.071,0.054,0.000379826,,,
CLIP1,1.36E-08,-0.472690445,0.315,0.248,0.000380935,,,
GBP2,1.37E-08,-1.100042266,0.098,0.114,0.000384249,,,
AIF1,1.39E-08,-1.31501763,0.034,0.047,0.000390107,,,
RNF138,1.40E-08,-0.455554561,0.088,0.069,0.000392156,,,
BRCA2,1.43E-08,-1.76256508,0.012,0.02,0.000401429,,,
FAM126A,1.46E-08,-0.536824924,0.252,0.2,0.000409128,,,
FBXL15,1.46E-08,-0.331595781,0.046,0.033,0.000410068,,,
ZNF707,1.46E-08,-0.276430488,0.023,0.014,0.000410265,,,
NUP85,1.48E-08,-0.539071581,0.113,0.089,0.000415784,,,
SERPINB9,1.49E-08,-1.198245022,0.081,0.096,0.000418218,,,
SLC7A9,1.50E-08,0.159251711,0.011,0.006,0.000421753,,,
RYBP,1.51E-08,-0.574720397,0.143,0.114,0.000422922,,,
AL354993.2,1.52E-08,-0.542395657,0.047,0.034,0.000426347,,,
SPATA33,1.52E-08,-0.411905037,0.051,0.038,0.000426441,,,
RAB6B,1.54E-08,-0.268724744,0.021,0.013,0.000431514,,,
WISP2,1.54E-08,-1.461906928,0.043,0.056,0.000431671,,,
AC104126.1,1.55E-08,-0.51014779,0.054,0.04,0.0004356,,,
CAVIN3,1.58E-08,-1.425609564,0.03,0.043,0.000443501,,,
CST6,1.61E-08,-1.489264791,0.015,0.025,0.000450284,,,
AC106798.1,1.64E-08,-1.762347324,0.015,0.025,0.000460542,,,
TNFAIP8L1,1.65E-08,-1.672048279,0.011,0.02,0.000463549,,,
HEATR6,1.66E-08,-0.446713325,0.066,0.05,0.000464309,,,
TMEM44,1.66E-08,-1.786700706,0.021,0.032,0.00046492,,,
SCN3B,1.66E-08,-2.045809207,0.006,0.014,0.000466159,,,
CAMKK2,1.67E-08,-0.567501865,0.109,0.086,0.000468847,,,
LINC01317,1.73E-08,-0.418860371,0.017,0.01,0.000483566,,,
LINC01470,1.74E-08,0.101214252,0.013,0.007,0.000488607,,,
AL645465.1,1.75E-08,-1.416360582,0.028,0.04,0.000490177,,,
SLC12A2,1.75E-08,-0.766840873,0.093,0.072,0.00049018,,,
DTX2P1-UPK3BP1-PMS2P11,1.75E-08,-0.45016245,0.037,0.026,0.000490345,,,
SMNDC1,1.80E-08,-0.418311865,0.09,0.07,0.000503805,,,
DUT,1.80E-08,-0.566992288,0.136,0.108,0.00050563,,,
SDCCAG3,1.81E-08,-0.517186188,0.078,0.06,0.000507457,,,
WDR74,1.82E-08,-0.244980838,0.035,0.024,0.000510263,,,
NOXA1,1.83E-08,-0.353905709,0.061,0.046,0.0005129,,,
CDS2,1.85E-08,-0.51017559,0.135,0.107,0.000517653,,,
ZNF136,1.85E-08,-0.424893757,0.067,0.051,0.000517939,,,
CCDC88A,1.85E-08,-0.965637325,0.245,0.242,0.000519773,,,
HS1BP3,1.87E-08,-0.543404312,0.07,0.054,0.00052367,,,
LRRC8A,1.91E-08,-0.494620162,0.075,0.057,0.000535509,,,
PPIL1,1.92E-08,-1.717548228,0.01,0.018,0.00053936,,,
DNMT3B,1.93E-08,-0.31849721,0.013,0.007,0.000542255,,,
MARK2,1.94E-08,-0.570065042,0.171,0.137,0.000544414,,,
RDX,1.95E-08,-0.521825489,0.259,0.207,0.000546079,,,
LRP5L,1.95E-08,-1.393661264,0.033,0.046,0.000546141,,,
PAQR3,1.96E-08,-1.335675282,0.071,0.086,0.00054814,,,
YY1,1.97E-08,-0.490252155,0.186,0.15,0.000552052,,,
RCAN3,1.99E-08,-2.187208347,0.012,0.02,0.000558391,,,
E2F5,2.00E-08,-1.358008156,0.033,0.046,0.000560014,,,
POLR2M,2.03E-08,-0.306063448,0.033,0.023,0.000567699,,,
L3MBTL3,2.04E-08,-1.271492573,0.061,0.076,0.000571105,,,
NAA10,2.04E-08,-0.344810588,0.045,0.032,0.000572901,,,
PDLIM4,2.08E-08,-1.565161544,0.006,0.013,0.000582919,,,
DECR2,2.08E-08,-0.209078354,0.024,0.016,0.000583872,,,
AIDA,2.14E-08,-0.495314956,0.092,0.072,0.000600294,,,
CLK2,2.14E-08,-0.466558831,0.081,0.062,0.000600759,,,
ERCC1,2.15E-08,-1.174453439,0.069,0.084,0.000602389,,,
SIVA1,2.16E-08,-0.458856733,0.058,0.044,0.000605697,,,
TOLLIP,2.17E-08,-0.430863006,0.041,0.03,0.000607375,,,
VWC2L,2.19E-08,-1.684518187,0.019,0.03,0.000613659,,,
EMSY,2.21E-08,-0.546825791,0.239,0.19,0.000620217,,,
CRELD2,2.25E-08,-1.408845927,0.023,0.034,0.000631752,,,
ARHGDIA,2.27E-08,-1.305595072,0.037,0.05,0.000635102,,,
LINC01037,2.27E-08,-1.705005764,0.004,0.011,0.000636651,,,
ZNF350-AS1,2.29E-08,-0.436758803,0.052,0.038,0.000641968,,,
SPTBN5,2.31E-08,-1.588411561,0.004,0.01,0.00064732,,,
TWNK,2.32E-08,0.151609123,0.011,0.006,0.000650294,,,
PPOX,2.32E-08,-0.404547622,0.054,0.04,0.000650362,,,
SCIMP,2.33E-08,-0.35432333,0.078,0.06,0.000654316,,,
SEMA4C,2.34E-08,-1.401422606,0.019,0.03,0.000655637,,,
LILRA6,2.37E-08,-1.990707262,0.004,0.01,0.000663135,,,
PPP1R2,2.37E-08,-1.190012909,0.115,0.129,0.000664696,,,
RBM25,2.38E-08,-0.380285243,0.505,0.385,0.000666842,,,
THOC7,2.39E-08,-0.484953958,0.09,0.071,0.000671032,,,
COLCA1,2.40E-08,-2.505312579,0.004,0.011,0.000672173,,,
KLRB1,2.42E-08,-2.471238331,0.007,0.014,0.000678227,,,
IMPA2,2.42E-08,-0.531064312,0.063,0.048,0.000678552,,,
SOCS4,2.42E-08,-0.431199857,0.056,0.042,0.000679449,,,
NUP160,2.44E-08,-0.527399753,0.259,0.207,0.000684919,,,
AC004448.4,2.47E-08,-2.046123916,0.007,0.014,0.000693443,,,
RPL23,2.48E-08,-1.031776552,0.176,0.186,0.000694199,,,
TMEM33,2.51E-08,-0.560403925,0.08,0.062,0.000702867,,,
SMC4,2.51E-08,-1.340175421,0.056,0.07,0.000704559,,,
TNFSF12,2.53E-08,-1.585191039,0.012,0.021,0.000707841,,,
PRR34-AS1,2.56E-08,-0.263351998,0.026,0.017,0.00071782,,,
SLC46A1,2.57E-08,-1.221897788,0.02,0.031,0.000719979,,,
MOB1A,2.58E-08,-1.073689402,0.091,0.106,0.000722705,,,
AL445248.1,2.59E-08,-0.543785084,0.052,0.038,0.000726124,,,
AL773572.1,2.61E-08,-2.249727506,0.005,0.011,0.000732489,,,
AC079209.2,2.67E-08,-2.484721181,0.005,0.012,0.000747774,,,
SLFNL1,2.67E-08,-1.940509339,0.011,0.02,0.000748481,,,
HARS,2.69E-08,-0.542174568,0.097,0.076,0.000754918,,,
KLHL7,2.70E-08,-0.496471507,0.182,0.147,0.000756949,,,
WDR27,2.70E-08,-0.482824837,0.249,0.2,0.0007577,,,
ZNF407,2.75E-08,-0.438829613,0.421,0.327,0.000769358,,,
AL157912.1,2.78E-08,-0.323889061,0.024,0.015,0.000778561,,,
HBEGF,2.81E-08,-2.058855417,0.006,0.012,0.000786657,,,
UBQLN2,2.84E-08,-1.441262583,0.019,0.029,0.000796472,,,
LDHA,2.84E-08,-0.436201947,0.114,0.091,0.000796973,,,
CNTN5,2.86E-08,-0.274843059,0.021,0.013,0.000800382,,,
IRF2BPL,2.86E-08,-0.307543315,0.033,0.023,0.000802261,,,
SLC22A18,2.89E-08,-1.24821646,0.015,0.025,0.000810234,,,
APBB1,2.90E-08,-1.36220668,0.025,0.037,0.000811905,,,
ORC4,2.90E-08,-0.507388761,0.251,0.201,0.000812055,,,
AC022001.2,2.93E-08,-0.120119597,0.01,0.005,0.0008198,,,
ARVCF,2.99E-08,-1.830677566,0.007,0.014,0.000837358,,,
PSTPIP2,3.00E-08,-1.215836978,0.062,0.077,0.000840701,,,
PQLC2,3.02E-08,-0.266285683,0.018,0.011,0.000845401,,,
LGALS3,3.05E-08,-0.580033722,0.291,0.231,0.000855,,,
ZNF2,3.06E-08,-0.364576902,0.039,0.028,0.0008578,,,
RAG2,3.08E-08,-0.103336274,0.013,0.007,0.000863978,,,
AC023830.1,3.09E-08,0.193259585,0.012,0.006,0.000864992,,,
C1orf105,3.13E-08,-0.173986002,0.016,0.01,0.000877692,,,
PANK3,3.16E-08,-0.530769728,0.088,0.069,0.000884297,,,
GSTP1,3.18E-08,-1.216583788,0.091,0.106,0.000889982,,,
FSTL5,3.19E-08,-0.18610114,0.016,0.009,0.000892658,,,
MPP3,3.20E-08,-0.541954771,0.081,0.062,0.000895607,,,
BSG,3.20E-08,-1.011749005,0.14,0.153,0.000898155,,,
ZFP2,3.21E-08,-0.440660459,0.054,0.04,0.000899944,,,
SPAAR,3.24E-08,-0.922536741,0.04,0.028,0.000906883,,,
AGMAT,3.24E-08,0.141416752,0.015,0.009,0.000908052,,,
TRPV4,3.26E-08,-1.953103528,0.008,0.015,0.000914473,,,
PSMA5,3.29E-08,-0.567294246,0.094,0.074,0.00092102,,,
WDR5B,3.30E-08,-0.217681128,0.017,0.01,0.000923505,,,
KIAA0753,3.30E-08,-1.055661904,0.105,0.12,0.00092405,,,
SMG6,3.33E-08,-0.466945538,0.428,0.332,0.000933216,,,
LINC00271,3.36E-08,-0.429742304,0.1,0.079,0.000940863,,,
CXXC1,3.37E-08,-0.452415724,0.038,0.026,0.000944975,,,
ZNHIT1,3.38E-08,-0.516514478,0.067,0.051,0.000948639,,,
PLA2G15,3.46E-08,-1.281800868,0.038,0.051,0.000968469,,,
CEP83,3.50E-08,-1.072211339,0.146,0.157,0.00098146,,,
CDKN2AIP,3.50E-08,-0.251414389,0.03,0.02,0.000981507,,,
CCDC81,3.52E-08,-0.292025113,0.022,0.014,0.000987204,,,
DDX31,3.53E-08,-0.475117876,0.087,0.068,0.000988178,,,
HDAC6,3.53E-08,-0.447715427,0.082,0.064,0.00098949,,,
KLHL32,3.55E-08,-1.364508408,0.032,0.044,0.000994189,,,
AL355075.4,3.55E-08,-0.159107173,0.017,0.01,0.000995898,,,
CLIP3,3.60E-08,-1.336300654,0.018,0.029,0.001007898,,,
MAP9,3.62E-08,-0.466121347,0.06,0.045,0.001014642,,,
LAMP1,3.62E-08,-1.081819959,0.126,0.139,0.00101499,,,
ZNF624,3.68E-08,-0.333378929,0.043,0.031,0.001031798,,,
AC004381.1,3.74E-08,-0.116050634,0.019,0.012,0.001048011,,,
LRGUK,3.75E-08,-0.269481441,0.049,0.036,0.001051911,,,
TTLL3,3.82E-08,-1.11898508,0.078,0.093,0.001070501,,,
ARHGEF4,3.82E-08,-0.32540816,0.027,0.018,0.00107148,,,
SYT11,3.86E-08,-2.368208455,0.005,0.012,0.001081413,,,
NEK6,3.91E-08,-0.619506253,0.087,0.068,0.001095096,,,
NES,3.91E-08,-1.712557902,0.005,0.011,0.001096009,,,
AC078778.1,3.92E-08,-0.419250681,0.05,0.037,0.001097187,,,
PHAX,3.93E-08,-0.382320384,0.071,0.055,0.001100101,,,
WNT4,3.94E-08,-1.777210118,0.008,0.015,0.001103964,,,
SH3GLB2,3.94E-08,-1.137833594,0.039,0.052,0.001105489,,,
ZDHHC16,3.98E-08,-0.452059656,0.064,0.048,0.001114789,,,
DCAF6,4.00E-08,-0.58670882,0.465,0.408,0.001121911,,,
AC022154.1,4.02E-08,-0.172807909,0.015,0.009,0.001126577,,,
PARP6,4.06E-08,-0.535360083,0.149,0.119,0.001138204,,,
ARHGAP45,4.08E-08,-1.662012607,0.02,0.03,0.001144789,,,
BTG3,4.09E-08,-0.374569258,0.087,0.068,0.001145801,,,
CENPH,4.09E-08,-0.210704922,0.017,0.01,0.001146714,,,
AC109466.1,4.13E-08,-0.274061564,0.015,0.009,0.001156741,,,
AC099792.1,4.17E-08,-2.753750364,0.006,0.012,0.001168234,,,
STAP2,4.19E-08,-1.266657671,0.015,0.025,0.0011744,,,
SARNP,4.19E-08,-0.361354795,0.028,0.019,0.001174792,,,
APOLD1,4.20E-08,-1.381380482,0.053,0.067,0.001177148,,,
F2R,4.21E-08,-2.338100522,0.004,0.01,0.001180574,,,
DCPS,4.26E-08,-0.268763729,0.037,0.026,0.001194983,,,
DNALI1,4.31E-08,-1.649472326,0.01,0.018,0.001207639,,,
ZC2HC1C,4.31E-08,-0.545366737,0.043,0.031,0.00120891,,,
LINC01560,4.34E-08,-0.220828167,0.026,0.017,0.00121655,,,
PES1,4.35E-08,-1.5088497,0.028,0.04,0.001219698,,,
SOX12,4.35E-08,-1.583704063,0.014,0.023,0.001220117,,,
IARS,4.41E-08,-0.548948617,0.199,0.16,0.001234508,,,
COG5,4.42E-08,-0.416717489,0.502,0.38,0.001237739,,,
FBXL2,4.46E-08,-0.836258698,0.297,0.283,0.00124945,,,
ZBED4,4.49E-08,-0.536372327,0.097,0.076,0.001258658,,,
P2RX4,4.50E-08,-1.484471872,0.041,0.054,0.001260904,,,
LDLRAD4,4.53E-08,-0.514864937,0.475,0.368,0.001269585,,,
DNAJC16,4.54E-08,-0.511390497,0.134,0.107,0.001273682,,,
ZNF730,4.56E-08,-1.433843238,0.008,0.015,0.001277678,,,
BID,4.58E-08,-0.451796601,0.047,0.034,0.001284474,,,
AC096711.2,4.59E-08,-0.186891015,0.012,0.007,0.001284951,,,
TDRP,4.59E-08,-1.010865537,0.074,0.089,0.001287186,,,
GAS2L1,4.64E-08,-0.457159443,0.036,0.025,0.00129936,,,
AC006130.1,4.64E-08,-0.130127662,0.013,0.007,0.001301354,,,
FAM53A,4.66E-08,-0.2643582,0.033,0.023,0.001304579,,,
ENAH,4.69E-08,-1.32500438,0.108,0.121,0.001313951,,,
RHBDD2,4.71E-08,-0.257810613,0.034,0.023,0.001319056,,,
AC068234.1,4.74E-08,-1.588811333,0.015,0.024,0.001327064,,,
RALA,4.77E-08,-0.501626782,0.178,0.144,0.001337472,,,
PIGQ,4.79E-08,-0.280350148,0.034,0.024,0.001342761,,,
MPV17,4.80E-08,-0.46513893,0.073,0.056,0.001345369,,,
KCNK12,4.96E-08,-0.127458168,0.022,0.014,0.001388656,,,
KIT,5.00E-08,-2.579257757,0.006,0.013,0.001400994,,,
EXOSC6,5.07E-08,-0.249717501,0.038,0.027,0.001422234,,,
ZNF85,5.19E-08,-0.425167852,0.045,0.033,0.00145342,,,
OAS1,5.21E-08,-1.238256778,0.041,0.054,0.001459745,,,
SNCG,5.21E-08,-0.478375657,0.049,0.036,0.001460737,,,
TESK2,5.25E-08,-1.115221647,0.074,0.089,0.001471504,,,
LCK,5.26E-08,-2.69543423,0.007,0.014,0.001473612,,,
AC006511.5,5.28E-08,-0.337531496,0.028,0.019,0.001479839,,,
STUB1,5.29E-08,-0.548372887,0.064,0.049,0.001481829,,,
SETD5,5.31E-08,-0.312674462,0.565,0.431,0.001487692,,,
REXO2,5.31E-08,-1.117157809,0.086,0.1,0.001487912,,,
UTP3,5.36E-08,-1.304065952,0.024,0.035,0.001501627,,,
PDRG1,5.43E-08,-0.237126681,0.023,0.015,0.001521732,,,
ANXA4,5.46E-08,-0.85226043,0.27,0.263,0.001528845,,,
USP42,5.47E-08,-0.581724132,0.109,0.086,0.001532859,,,
CAP1,5.56E-08,-1.05051663,0.094,0.109,0.001556831,,,
NEK11,5.59E-08,-0.835758348,0.22,0.223,0.001567118,,,
AL591368.1,5.60E-08,-0.483311782,0.032,0.022,0.001570556,,,
UTP18,5.72E-08,-0.364016671,0.073,0.056,0.001603827,,,
DHRS1,5.76E-08,-0.395172104,0.053,0.04,0.001614927,,,
AP2A1,5.77E-08,-0.46952517,0.116,0.093,0.001618418,,,
AKAP9,5.81E-08,-0.157560917,0.683,0.532,0.001629198,,,
YY2,5.81E-08,0.117484466,0.011,0.006,0.001629497,,,
AC012447.1,5.88E-08,-0.334319117,0.024,0.016,0.001646808,,,
RELB,5.89E-08,-1.530341923,0.023,0.034,0.001649393,,,
CDC5L,5.93E-08,-0.486304887,0.149,0.12,0.001662409,,,
PTDSS1,5.98E-08,-1.404015255,0.027,0.039,0.001676362,,,
DDAH2,5.99E-08,-0.57391675,0.097,0.076,0.001678489,,,
RAB27A,6.08E-08,-1.286946301,0.091,0.105,0.00170478,,,
AL031772.1,6.14E-08,-0.361321942,0.028,0.019,0.001721102,,,
AL359643.2,6.14E-08,-0.336267511,0.018,0.011,0.001721574,,,
HSPH1,6.17E-08,-1.223573982,0.051,0.064,0.00172827,,,
IFT74,6.21E-08,-0.943504634,0.176,0.185,0.001739747,,,
SNIP1,6.32E-08,-0.381606928,0.057,0.042,0.001769885,,,
THOC2,6.34E-08,-0.444429109,0.398,0.31,0.00177734,,,
RAB8B,6.36E-08,-1.02129924,0.151,0.162,0.001781639,,,
ADGRA3,6.39E-08,-0.551846021,0.236,0.188,0.001792077,,,
NLN,6.42E-08,-1.163253858,0.068,0.083,0.001797925,,,
NRSN2-AS1,6.44E-08,-1.253952242,0.069,0.083,0.001804221,,,
CHML,6.49E-08,-1.545872476,0.011,0.019,0.00181754,,,
STXBP4,6.53E-08,-1.066802805,0.119,0.132,0.001828961,,,
SCAMP1-AS1,6.54E-08,-0.442320549,0.04,0.029,0.001833882,,,
DCDC2B,6.56E-08,-0.445401924,0.057,0.043,0.001838798,,,
PGAM1,6.64E-08,-0.48899134,0.066,0.05,0.001861361,,,
RALBP1,6.67E-08,-0.997056699,0.115,0.129,0.00186826,,,
SRPK1,6.74E-08,-1.012091485,0.099,0.114,0.001888032,,,
AC003075.1,6.78E-08,-1.782814822,0.008,0.016,0.001901439,,,
ROGDI,6.90E-08,-1.784799384,0.01,0.018,0.001932847,,,
SKIL,6.98E-08,-0.614918789,0.141,0.113,0.001955498,,,
SCG5,7.00E-08,-1.721785932,0.007,0.015,0.001963099,,,
CENPK,7.04E-08,-2.265956963,0.005,0.012,0.001972319,,,
LINC01894,7.06E-08,-2.753209254,0.004,0.01,0.001978162,,,
PRELID3B,7.10E-08,-0.219673061,0.021,0.013,0.001990088,,,
MTG1,7.12E-08,-0.435217889,0.043,0.031,0.001996382,,,
UNC119,7.34E-08,-0.322230045,0.02,0.012,0.0020568,,,
PPP1R18,7.42E-08,-1.587331365,0.02,0.031,0.002079901,,,
ZMYM6,7.46E-08,-0.450152039,0.068,0.052,0.002091619,,,
CAPN12,7.49E-08,-1.609873758,0.012,0.02,0.002098395,,,
EAF1-AS1,7.49E-08,-0.203904648,0.015,0.009,0.002098587,,,
C19orf33,7.49E-08,-1.705352504,0.006,0.013,0.002099576,,,
TTC34,7.56E-08,-0.201232145,0.015,0.008,0.002118192,,,
TRAPPC12-AS1,7.58E-08,-0.350892048,0.018,0.011,0.002124911,,,
DHX40,7.74E-08,-0.444498392,0.087,0.068,0.00216949,,,
PITPNA,7.78E-08,-0.502245795,0.143,0.116,0.002179405,,,
GTF2H2,7.94E-08,-0.232089891,0.025,0.016,0.002226141,,,
B4GAT1,7.96E-08,-1.194841354,0.015,0.024,0.002229652,,,
CD3E,8.13E-08,-2.80802799,0.004,0.01,0.002277956,,,
AL513318.2,8.14E-08,-1.988329798,0.005,0.011,0.00228086,,,
LINC00540,8.24E-08,-2.111237653,0.016,0.025,0.002309908,,,
HIVEP1,8.27E-08,-1.031350041,0.185,0.19,0.0023185,,,
ZNF26,8.49E-08,-0.556573274,0.117,0.093,0.002378695,,,
ANLN,8.54E-08,-2.266284936,0.004,0.01,0.002392184,,,
STIM2,8.56E-08,-0.946417941,0.238,0.236,0.002399239,,,
AC025809.1,8.68E-08,-1.715430106,0.015,0.024,0.002432731,,,
TIMM8B,8.75E-08,-0.321375604,0.052,0.039,0.002452523,,,
AL109811.4,9.04E-08,-0.153767203,0.016,0.009,0.002534497,,,
AP003419.1,9.20E-08,-0.241496772,0.014,0.008,0.002578214,,,
ZNF513,9.20E-08,-0.319875095,0.022,0.014,0.002578506,,,
THBS3,9.21E-08,-1.214881923,0.058,0.072,0.002581855,,,
AC097467.3,9.34E-08,-0.382955814,0.024,0.016,0.002617008,,,
NUAK2,9.37E-08,-2.40840516,0.004,0.01,0.00262601,,,
ORMDL2,9.38E-08,-1.281587595,0.024,0.034,0.002628563,,,
TRO,9.63E-08,-1.535230745,0.015,0.024,0.002697729,,,
ADA,9.64E-08,-1.482674968,0.015,0.024,0.002702564,,,
ADAMTS19,9.72E-08,-2.191075575,0.006,0.013,0.002724232,,,
AC025262.1,1.02E-07,-0.211187015,0.016,0.009,0.002846224,,,
HSPA13,1.02E-07,-1.702087532,0.017,0.026,0.002868281,,,
UBE2I,1.03E-07,-0.51871034,0.139,0.112,0.002880898,,,
AC239868.2,1.03E-07,-0.143082807,0.017,0.011,0.002899875,,,
MYL12A,1.04E-07,-1.053986147,0.119,0.133,0.002906402,,,
CD7,1.04E-07,-1.88606474,0.004,0.01,0.002925439,,,
RNF8,1.04E-07,-0.552363057,0.101,0.08,0.002925726,,,
UBXN2B,1.05E-07,-0.433758559,0.105,0.084,0.002929873,,,
DCAF7,1.05E-07,-0.630858361,0.182,0.147,0.00293386,,,
XRCC3,1.09E-07,-0.310914514,0.035,0.025,0.003042481,,,
ZNF292,1.09E-07,-0.352872266,0.503,0.387,0.003046287,,,
WASHC4,1.13E-07,-0.50508549,0.37,0.29,0.003157076,,,
FANCB,1.13E-07,-1.629413075,0.01,0.017,0.003167905,,,
P4HTM,1.13E-07,-1.068726372,0.063,0.078,0.003174323,,,
SESN3,1.14E-07,-0.937827756,0.163,0.173,0.003183036,,,
CLN5,1.14E-07,-0.515177094,0.133,0.107,0.003197903,,,
CATSPER2,1.16E-07,-0.451252861,0.062,0.048,0.00325258,,,
PRKD3,1.16E-07,-0.524435815,0.255,0.205,0.003258156,,,
AC003002.3,1.17E-07,-0.201545609,0.026,0.018,0.00328176,,,
SLC2A5,1.18E-07,-1.596840034,0.01,0.018,0.003305872,,,
EIF2B5,1.18E-07,-0.379053918,0.047,0.034,0.003319961,,,
CEP104,1.19E-07,-0.516583596,0.121,0.097,0.003339095,,,
ZMIZ1-AS1,1.19E-07,-0.296701623,0.03,0.021,0.003342479,,,
AC108488.2,1.20E-07,-0.330174835,0.027,0.018,0.00335056,,,
TMEM231,1.20E-07,-0.13737416,0.017,0.011,0.003351497,,,
CNTROB,1.20E-07,-1.240199094,0.03,0.041,0.003356729,,,
YPEL3,1.20E-07,-0.484818563,0.116,0.093,0.003366391,,,
DDR2,1.21E-07,-0.696960764,0.398,0.307,0.003379257,,,
MRPS22,1.22E-07,-0.461951537,0.064,0.049,0.00341758,,,
RACGAP1,1.23E-07,-0.227265723,0.022,0.014,0.003441952,,,
TPPP3,1.23E-07,-1.578258921,0.008,0.015,0.003442078,,,
SORD,1.23E-07,-1.958400691,0.006,0.013,0.003447574,,,
TMEM214,1.23E-07,-0.497520427,0.049,0.037,0.003459601,,,
POLDIP3,1.24E-07,-0.50411997,0.085,0.067,0.003470129,,,
EIF5,1.25E-07,-0.525079247,0.238,0.192,0.003495047,,,
DDX39A,1.25E-07,-0.490826088,0.049,0.036,0.003495297,,,
CHID1,1.26E-07,-1.123718608,0.07,0.084,0.003521239,,,
WIZ,1.26E-07,-0.399625098,0.029,0.02,0.003525845,,,
LINC01759,1.27E-07,-1.756362854,0.005,0.011,0.003562322,,,
HNRNPDL,1.27E-07,-0.300590126,0.565,0.433,0.003569309,,,
RAP2A,1.29E-07,-1.292332696,0.052,0.065,0.003605388,,,
KIF2C,1.29E-07,0.104080111,0.011,0.006,0.003614049,,,
PHKA1,1.29E-07,-1.265156014,0.04,0.053,0.003623134,,,
AP001363.1,1.29E-07,-0.3767307,0.02,0.013,0.003623785,,,
AC025580.2,1.31E-07,-0.409909215,0.052,0.039,0.003658031,,,
RBMX2,1.31E-07,-0.275451386,0.036,0.026,0.00366711,,,
GRB2,1.31E-07,-0.7277402,0.256,0.201,0.003681303,,,
NUCKS1,1.32E-07,-0.519459375,0.332,0.261,0.003688614,,,
AL133243.2,1.33E-07,-0.129491873,0.02,0.013,0.003717476,,,
CCDC137,1.33E-07,-0.471407872,0.065,0.05,0.003719726,,,
RAB3GAP1,1.34E-07,-0.461348381,0.373,0.292,0.003749376,,,
C22orf23,1.36E-07,-0.365308292,0.02,0.013,0.003806257,,,
TBL2,1.36E-07,-0.450431015,0.042,0.03,0.003815427,,,
POLQ,1.37E-07,-0.221631581,0.014,0.008,0.003845763,,,
GORAB,1.38E-07,-1.183247172,0.039,0.051,0.003880006,,,
AC069277.1,1.41E-07,-2.478364264,0.008,0.015,0.003951639,,,
RARA,1.41E-07,-1.367327006,0.029,0.04,0.003956792,,,
RNASEL,1.44E-07,-1.341095718,0.022,0.033,0.004024858,,,
MDN1,1.44E-07,-0.544307918,0.24,0.193,0.004032411,,,
SOX13,1.46E-07,-0.657653895,0.092,0.072,0.004085426,,,
MVB12A,1.46E-07,-0.470487052,0.058,0.044,0.004085948,,,
MTF1,1.47E-07,-0.438413153,0.066,0.051,0.00411062,,,
TMC7,1.47E-07,-2.428210253,0.008,0.015,0.004118094,,,
KLHL12,1.47E-07,-0.529586367,0.071,0.055,0.00412486,,,
C18orf21,1.48E-07,-0.351864416,0.026,0.018,0.004136549,,,
MDC1,1.49E-07,-0.442599689,0.091,0.072,0.004187864,,,
BRK1,1.52E-07,-0.507321918,0.078,0.061,0.004248433,,,
RAB7B,1.52E-07,-1.243119872,0.063,0.076,0.004256175,,,
LIFR-AS1,1.53E-07,-1.902276714,0.021,0.031,0.004284605,,,
CATSPERG,1.54E-07,-0.356290114,0.049,0.036,0.004328006,,,
ASAP1-IT2,1.55E-07,-0.222219604,0.016,0.01,0.004347752,,,
RAB29,1.56E-07,-0.394568974,0.041,0.03,0.004384867,,,
LDLRAP1,1.57E-07,-0.520591084,0.041,0.03,0.004392096,,,
ABCG2,1.58E-07,-2.387841307,0.005,0.012,0.004431202,,,
TAX1BP1,1.59E-07,-0.446847633,0.381,0.299,0.004442262,,,
PRKCQ-AS1,1.59E-07,-2.931160026,0.004,0.01,0.004467414,,,
RAB28,1.60E-07,-0.542592062,0.282,0.225,0.004481362,,,
FCN1,1.60E-07,-1.712549619,0.022,0.032,0.004495496,,,
COL11A1,1.61E-07,-2.216164053,0.006,0.012,0.004523073,,,
AL359873.1,1.63E-07,-2.718988553,0.004,0.01,0.004570078,,,
CHCHD2,1.65E-07,-0.611078559,0.116,0.093,0.0046171,,,
USB1,1.65E-07,-0.273232765,0.025,0.017,0.004617546,,,
SNAI2,1.66E-07,-1.520079427,0.011,0.019,0.004664544,,,
SOCS5,1.66E-07,-1.053740025,0.15,0.159,0.004664903,,,
GRB10,1.66E-07,-0.353123829,0.241,0.198,0.004665093,,,
ABCB7,1.69E-07,-0.566866518,0.197,0.159,0.004724175,,,
ENTPD6,1.69E-07,-1.212612354,0.042,0.055,0.004740964,,,
SLC4A10,1.70E-07,-0.834337331,0.015,0.009,0.004751843,,,
PDE12,1.70E-07,-0.477778418,0.037,0.026,0.004767044,,,
SPATA17,1.70E-07,-1.517854974,0.023,0.033,0.004776347,,,
NOMO2,1.71E-07,-0.128206391,0.015,0.009,0.004779695,,,
HELZ2,1.72E-07,-1.793436201,0.011,0.019,0.004814217,,,
TTF2,1.72E-07,-0.468270898,0.087,0.069,0.004827994,,,
LINC00937,1.73E-07,-1.669646962,0.014,0.022,0.004844644,,,
GOLT1B,1.74E-07,-0.502835496,0.072,0.056,0.004871965,,,
NAV2-AS4,1.74E-07,-0.156755689,0.02,0.013,0.004879249,,,
MCRS1,1.75E-07,-0.312264035,0.042,0.031,0.004892224,,,
SNAP23,1.75E-07,-0.511652623,0.257,0.207,0.004896007,,,
MAP3K7CL,1.75E-07,-0.513708602,0.057,0.043,0.004916821,,,
PCBP1,1.76E-07,-1.172108135,0.051,0.064,0.004925037,,,
C6orf89,1.76E-07,-0.551785688,0.15,0.122,0.004933589,,,
SLC35C1,1.77E-07,-0.158695817,0.019,0.012,0.004974343,,,
CTDSPL2,1.79E-07,-0.449627693,0.363,0.287,0.005006797,,,
ARMCX3,1.79E-07,-0.511885854,0.109,0.087,0.005009259,,,
BCL7B,1.79E-07,-0.29674378,0.036,0.025,0.00502065,,,
APOM,1.80E-07,-0.266151372,0.016,0.01,0.005055232,,,
LRRC37A,1.82E-07,-0.230503333,0.02,0.012,0.0050897,,,
USP9Y,1.82E-07,-1.013582943,0.136,0.146,0.005113849,,,
CCDC112,1.83E-07,-1.290457998,0.044,0.057,0.005123886,,,
WASHC2A,1.84E-07,-0.46490214,0.073,0.057,0.005148185,,,
PPP2R5C,1.85E-07,-0.575367705,0.312,0.247,0.005174412,,,
MED14,1.86E-07,-0.964778599,0.139,0.15,0.005202484,,,
ZNF101,1.89E-07,-0.459735492,0.026,0.018,0.005301051,,,
SF3A3,1.90E-07,-0.503791585,0.082,0.065,0.00531708,,,
ZC3H8,1.90E-07,-0.529891896,0.163,0.132,0.005329673,,,
SHROOM1,1.93E-07,-0.320159495,0.033,0.023,0.005405705,,,
MINDY2,1.94E-07,-0.862604627,0.203,0.207,0.005425939,,,
ATP13A4,1.94E-07,-0.131309053,0.012,0.006,0.005440483,,,
ATP6V1B2,1.94E-07,-0.484647144,0.102,0.082,0.005444749,,,
ECSCR,1.94E-07,-1.599124577,0.007,0.014,0.005446518,,,
AC005062.1,1.96E-07,-2.256829734,0.005,0.011,0.005490307,,,
MAP3K3,1.97E-07,-0.940674729,0.209,0.212,0.005533718,,,
MTMR9,1.99E-07,-0.561933349,0.122,0.098,0.005570461,,,
SLC35C2,1.99E-07,-0.535510382,0.098,0.078,0.00558338,,,
CPA6,1.99E-07,-0.4405795,0.012,0.007,0.005590806,,,
AC008771.1,2.00E-07,-0.209497946,0.033,0.023,0.005610817,,,
TSNAX-DISC1,2.00E-07,-0.442520384,0.023,0.015,0.005614852,,,
ZNF555,2.03E-07,-0.383516635,0.036,0.026,0.005687978,,,
COPRS,2.04E-07,-0.157229454,0.033,0.023,0.005715182,,,
SH3TC1,2.05E-07,-1.432598913,0.025,0.036,0.005745232,,,
AC005387.2,2.06E-07,-0.108989298,0.015,0.009,0.005763251,,,
ZNF211,2.08E-07,-0.37810709,0.029,0.02,0.005833351,,,
RB1,2.13E-07,-0.489752571,0.476,0.363,0.005979833,,,
IMP3,2.16E-07,-0.478757076,0.043,0.032,0.006059398,,,
SBF2,2.16E-07,-0.368240719,0.75,0.619,0.00606247,,,
DUS2,2.17E-07,-0.595896263,0.058,0.044,0.006077595,,,
AL355073.1,2.19E-07,-0.174551094,0.015,0.009,0.006137442,,,
NPAT,2.19E-07,-0.578877299,0.128,0.103,0.006138108,,,
PSMC5,2.20E-07,-1.308329834,0.036,0.048,0.006175239,,,
GLRX5,2.23E-07,-0.432848924,0.056,0.043,0.006246089,,,
AC116535.1,2.23E-07,-0.311463937,0.02,0.013,0.006249678,,,
MIEF2,2.24E-07,-0.240262396,0.022,0.014,0.006282559,,,
CMTM3,2.26E-07,-0.295467275,0.048,0.035,0.006332919,,,
DCP2,2.29E-07,-0.960252202,0.169,0.177,0.006410294,,,
PPP2R5D,2.29E-07,-0.459170575,0.061,0.047,0.006424092,,,
ARID4A,2.30E-07,-0.521536677,0.271,0.218,0.006434609,,,
AKAP10,2.32E-07,-0.580345324,0.323,0.253,0.006494729,,,
AC036108.1,2.34E-07,-1.342912232,0.031,0.042,0.006556454,,,
CHMP3,2.35E-07,-1.113703882,0.05,0.064,0.006589078,,,
HIST1H1C,2.35E-07,-0.445523695,0.036,0.026,0.006589701,,,
SERINC3,2.35E-07,-0.553707785,0.188,0.153,0.006596394,,,
AL590617.2,2.36E-07,-1.958907027,0.006,0.012,0.006622128,,,
ASAP3,2.38E-07,-0.987428764,0.107,0.12,0.006658757,,,
GAMT,2.39E-07,-0.391690615,0.02,0.013,0.006698179,,,
NABP2,2.42E-07,-0.245122287,0.017,0.011,0.006769802,,,
ZYG11B,2.43E-07,-0.484726791,0.217,0.176,0.006796087,,,
PAM,2.45E-07,-0.446916883,0.427,0.336,0.006873742,,,
UIMC1,2.47E-07,-0.507050342,0.274,0.22,0.006911415,,,
TANGO2,2.48E-07,-0.580072129,0.076,0.059,0.006949986,,,
CARD19,2.49E-07,-1.229769874,0.022,0.032,0.006969593,,,
AC007099.1,2.49E-07,-2.200887133,0.005,0.011,0.006976009,,,
UQCRQ,2.49E-07,-0.491228792,0.072,0.056,0.006978968,,,
VPS25,2.50E-07,-0.192086437,0.032,0.023,0.006999599,,,
AC104982.2,2.56E-07,-0.21017096,0.01,0.006,0.007172901,,,
THBS2,2.57E-07,-1.69077532,0.031,0.041,0.007212434,,,
NUP93,2.58E-07,-0.484040661,0.077,0.06,0.007241295,,,
ERP44,2.59E-07,-0.513463346,0.274,0.22,0.007270881,,,
Z68871.1,2.63E-07,-0.108654621,0.024,0.016,0.00736472,,,
COMMD5,2.67E-07,-0.383464374,0.043,0.032,0.007494899,,,
RLIM,2.70E-07,-0.438417287,0.075,0.059,0.007561913,,,
AMT,2.73E-07,-0.503016425,0.03,0.021,0.007658825,,,
TMEM184A,2.75E-07,-1.78118821,0.011,0.019,0.007694963,,,
SNRPG,2.77E-07,-0.467263727,0.061,0.047,0.007763856,,,
ZNF671,2.80E-07,-0.318405536,0.026,0.018,0.007852806,,,
ZNF107,2.81E-07,-0.6174688,0.101,0.08,0.007862965,,,
HSBP1,2.83E-07,-1.086475113,0.049,0.062,0.007937337,,,
KCNE1,2.84E-07,-1.78555201,0.006,0.013,0.007953434,,,
CCNL1,2.89E-07,-0.454463808,0.376,0.297,0.008089132,,,
SH3PXD2A,2.89E-07,-0.930422448,0.171,0.179,0.00808924,,,
SCN4A,2.90E-07,-2.968268716,0.004,0.01,0.008135274,,,
AL445465.1,2.91E-07,-2.716170289,0.004,0.01,0.008156282,,,
FTH1,2.92E-07,-0.940019985,0.3,0.283,0.008196977,,,
RNF44,2.94E-07,-1.358071491,0.024,0.034,0.008239948,,,
SNRPA,2.94E-07,-0.523961207,0.079,0.062,0.008244654,,,
ZNF649,2.95E-07,-0.389802777,0.038,0.027,0.008260663,,,
NENF,2.96E-07,-1.124148863,0.051,0.064,0.008293381,,,
AL022311.1,2.97E-07,-0.445084187,0.025,0.017,0.008330649,,,
SLC18A2,2.99E-07,-0.789231965,0.025,0.017,0.008368486,,,
COG3,3.01E-07,-0.58536318,0.142,0.115,0.008439729,,,
SARS,3.02E-07,-0.484164463,0.101,0.081,0.008452076,,,
AL139095.4,3.03E-07,-0.576911866,0.103,0.082,0.008481239,,,
AC092119.2,3.03E-07,-0.214426798,0.012,0.007,0.008494856,,,
SERTAD2,3.05E-07,-0.611156082,0.128,0.103,0.008538593,,,
ZNF587B,3.05E-07,-0.180848145,0.026,0.017,0.008547469,,,
FAM109B,3.12E-07,-1.991828392,0.004,0.01,0.008752624,,,
AC026464.3,3.17E-07,-0.265211587,0.02,0.013,0.008879878,,,
TRG-AS1,3.23E-07,-2.17407306,0.017,0.026,0.009041505,,,
BLOC1S1,3.30E-07,-0.443574574,0.041,0.03,0.00925173,,,
VEZF1,3.31E-07,-1.161173603,0.066,0.079,0.009269098,,,
ACTL6A,3.31E-07,-0.47032729,0.073,0.057,0.009281606,,,
G6PD,3.32E-07,-0.186606502,0.017,0.011,0.009299622,,,
AC156455.1,3.33E-07,-2.257918685,0.005,0.011,0.009341834,,,
LYNX1,3.35E-07,-1.416689447,0.008,0.014,0.00939651,,,
RXFP1,3.36E-07,0.113760822,0.012,0.006,0.009428867,,,
THSD1,3.37E-07,-1.894847519,0.013,0.022,0.009432803,,,
CFP,3.40E-07,-1.518400264,0.009,0.017,0.009534017,,,
CBWD6,3.42E-07,-0.101487727,0.018,0.011,0.0095735,,,
DR1,3.42E-07,-0.402153899,0.07,0.055,0.009581229,,,
PDPK1,3.46E-07,-0.539280278,0.079,0.062,0.009686677,,,
BAIAP2-AS1,3.46E-07,-1.655752984,0.004,0.01,0.009689038,,,
OPRM1,3.47E-07,-2.343728748,0.013,0.022,0.009723274,,,
TRIM26,3.47E-07,-1.031581091,0.069,0.082,0.009724902,,,
TMEM150C,3.50E-07,-1.788700959,0.012,0.02,0.009815045,,,
RAD9A,3.51E-07,-0.94522211,0.185,0.191,0.009823334,,,
PAFAH2,3.51E-07,-0.444618018,0.038,0.028,0.009831407,,,
IFIT5,3.53E-07,-1.389173423,0.009,0.017,0.009886582,,,
USP43,3.56E-07,-1.869584563,0.005,0.011,0.009990655,,,
FSIP1,3.59E-07,-1.934342719,0.006,0.012,0.010062871,,,
ZNF470,3.73E-07,-0.19795282,0.019,0.012,0.010447512,,,
AC010343.3,3.73E-07,-0.669375996,0.016,0.01,0.010459895,,,
POLR2K,3.74E-07,-0.285582124,0.041,0.03,0.010470484,,,
SENP3,3.74E-07,-0.153651351,0.016,0.01,0.010492149,,,
LGALSL,3.78E-07,-2.038734983,0.007,0.013,0.010605486,,,
WDFY1,3.83E-07,-0.522106697,0.229,0.186,0.0107216,,,
AC040977.1,3.85E-07,0.127409805,0.013,0.008,0.010780853,,,
DUSP1,3.93E-07,-1.236425288,0.079,0.091,0.01101494,,,
AC016575.1,3.94E-07,-0.274642343,0.01,0.005,0.011031832,,,
TEP1,3.95E-07,-0.456110148,0.079,0.063,0.011069294,,,
HMBS,3.99E-07,-0.25604158,0.015,0.009,0.011195571,,,
TBCB,4.03E-07,-1.165040027,0.037,0.049,0.011296255,,,
AC003991.1,4.04E-07,-1.258111252,0.043,0.032,0.011318897,,,
ARHGAP33,4.04E-07,-1.602025835,0.013,0.021,0.011336037,,,
ZNF273,4.05E-07,-0.463488208,0.115,0.093,0.011353501,,,
CTDP1,4.09E-07,-0.498082103,0.053,0.04,0.01145089,,,
FBXO48,4.10E-07,-0.164466738,0.013,0.008,0.01148535,,,
NCS1,4.11E-07,-1.856400499,0.005,0.01,0.011519721,,,
MKNK1-AS1,4.13E-07,-0.356532841,0.036,0.026,0.011576413,,,
TBX19,4.14E-07,-1.345413793,0.023,0.033,0.011595064,,,
AC068831.3,4.18E-07,-0.237439262,0.011,0.006,0.01171511,,,
CELF2,4.18E-07,-0.263048624,0.893,0.75,0.011727891,,,
UPK2,4.20E-07,-0.141569585,0.018,0.011,0.011758052,,,
NTMT1,4.30E-07,-0.501604872,0.047,0.035,0.012057028,,,
NDUFB9,4.31E-07,-1.244292616,0.098,0.11,0.012092751,,,
AL122019.1,4.32E-07,-0.487619769,0.023,0.015,0.012108171,,,
MPP1,4.33E-07,-1.297865328,0.026,0.036,0.012141272,,,
SNX32,4.34E-07,-1.504746122,0.009,0.016,0.012157847,,,
AL354733.2,4.34E-07,-0.142189972,0.016,0.01,0.012172796,,,
VPS33A,4.37E-07,-0.223758138,0.024,0.016,0.012250557,,,
C15orf52,4.46E-07,-1.552603681,0.009,0.016,0.01250054,,,
PCMTD2,4.46E-07,-0.940927373,0.172,0.179,0.012504402,,,
UBE2F-SCLY,4.49E-07,-0.259148445,0.02,0.013,0.01257583,,,
PURG,4.49E-07,-1.787405038,0.007,0.013,0.012594277,,,
AC013640.1,4.50E-07,-1.375980963,0.028,0.039,0.01261386,,,
KBTBD2,4.60E-07,-1.026493577,0.102,0.115,0.01288173,,,
IL2RG,4.62E-07,-2.550073464,0.005,0.01,0.012933708,,,
MYPOP,4.73E-07,-0.332501146,0.034,0.024,0.013265698,,,
MRPL46,4.81E-07,-0.322723993,0.029,0.02,0.013489207,,,
CNOT10-AS1,4.85E-07,-0.257515029,0.012,0.007,0.013583173,,,
PRELID2,4.85E-07,-0.538510205,0.236,0.193,0.013596902,,,
AC007681.1,4.94E-07,-1.594411931,0.034,0.045,0.013850373,,,
PANX1,4.96E-07,-1.67705159,0.012,0.02,0.013895184,,,
ZNF655,4.99E-07,-0.57003462,0.126,0.102,0.013986759,,,
TMEM216,5.02E-07,-0.181307166,0.019,0.012,0.014065508,,,
ELP4,5.06E-07,-0.52898543,0.328,0.261,0.014170258,,,
CENPW,5.06E-07,-1.455582704,0.009,0.016,0.014177417,,,
TMEM54,5.09E-07,-1.612804417,0.005,0.011,0.014261554,,,
SGCB,5.11E-07,-0.600254169,0.091,0.072,0.0143224,,,
FAM192A,5.12E-07,-0.541501886,0.125,0.102,0.014340726,,,
MAN1B1,5.12E-07,-1.082917345,0.052,0.065,0.014344085,,,
AGBL1,5.17E-07,-0.290789092,0.017,0.011,0.014480985,,,
LTBP1,5.17E-07,-1.617393139,0.043,0.054,0.014492827,,,
ZBTB17,5.17E-07,-0.494646674,0.052,0.039,0.014494954,,,
TEX11,5.19E-07,-0.273165216,0.01,0.005,0.01454199,,,
LINC00476,5.20E-07,-0.520256055,0.187,0.152,0.014580015,,,
AL358937.1,5.20E-07,-0.376728002,0.034,0.024,0.014582091,,,
LARS,5.25E-07,-0.5096072,0.29,0.233,0.01471936,,,
IFIT3,5.27E-07,-1.348985546,0.03,0.04,0.014777433,,,
CORO7,5.29E-07,-1.534264527,0.017,0.025,0.014819968,,,
PRF1,5.30E-07,-2.703407037,0.004,0.01,0.014849991,,,
LSM14B,5.38E-07,-0.257299631,0.042,0.031,0.015076247,,,
ALKBH6,5.39E-07,-0.184731293,0.01,0.005,0.015109796,,,
CCDC39,5.41E-07,-0.980987429,0.251,0.242,0.015161061,,,
POC5,5.42E-07,-0.510404767,0.094,0.075,0.015180232,,,
QPRT,5.42E-07,-1.189537897,0.018,0.027,0.015195839,,,
NDUFA8,5.47E-07,-0.405980923,0.049,0.037,0.015316188,,,
EIF2AK3,5.51E-07,-1.15567721,0.091,0.104,0.01544912,,,
AIP,5.54E-07,-1.461647209,0.014,0.023,0.015527686,,,
USP25,5.55E-07,-0.634789886,0.447,0.392,0.015557056,,,
UBIAD1,5.61E-07,-0.414787096,0.032,0.023,0.015715336,,,
NCBP2,5.69E-07,-0.537844405,0.073,0.057,0.015943131,,,
HNRNPR,5.70E-07,-0.464017898,0.368,0.29,0.015970468,,,
ZCCHC14,5.75E-07,-0.624343418,0.122,0.099,0.016110022,,,
METTL3,5.79E-07,-0.507881935,0.092,0.073,0.01621963,,,
AC007038.2,5.92E-07,-0.413827424,0.027,0.018,0.01657911,,,
UBTF,5.94E-07,-0.589862696,0.083,0.066,0.016642865,,,
BACE1,6.01E-07,-0.471460619,0.15,0.122,0.016834813,,,
UBE3D,6.08E-07,-1.018022098,0.149,0.158,0.017041751,,,
ZNF318,6.09E-07,-0.512095612,0.093,0.074,0.017061534,,,
CCDC173,6.13E-07,-1.516841011,0.013,0.021,0.017182873,,,
GLRA2,6.21E-07,0.116614489,0.012,0.007,0.017399969,,,
CCL21,6.28E-07,-2.223668783,0.042,0.054,0.017605327,,,
DRC3,6.31E-07,-1.231334449,0.04,0.051,0.017679886,,,
TSNAX,6.40E-07,-0.423770102,0.04,0.029,0.017943027,,,
ASXL3,6.45E-07,-0.461909098,0.021,0.014,0.018067088,,,
MIR4300HG,6.46E-07,-0.286036881,0.011,0.006,0.018114389,,,
AP001267.3,6.61E-07,-0.582096632,0.079,0.062,0.018531365,,,
FAM24B,6.73E-07,-1.663946935,0.007,0.014,0.018855415,,,
COTL1,6.73E-07,-1.289182367,0.063,0.076,0.01885566,,,
LMCD1,6.77E-07,-0.471446777,0.151,0.125,0.018972955,,,
AP3B2,6.79E-07,-1.60543809,0.009,0.016,0.019018555,,,
RINL,6.92E-07,-1.845210551,0.009,0.016,0.019393557,,,
SELENOM,6.97E-07,-1.296252475,0.04,0.052,0.019524386,,,
AC008937.2,6.97E-07,-1.308020969,0.077,0.089,0.019524677,,,
ITM2C,6.98E-07,-1.735765972,0.011,0.018,0.019547814,,,
BRD4,7.11E-07,-0.582733699,0.247,0.2,0.019937109,,,
MRPL33,7.23E-07,-0.933784179,0.137,0.148,0.020273685,,,
CD3G,7.25E-07,-2.21037916,0.005,0.011,0.020313446,,,
ASB3,7.28E-07,-0.306536057,0.035,0.025,0.020405742,,,
CHMP4B,7.34E-07,-1.119311073,0.06,0.073,0.020577149,,,
NFE2L3,7.38E-07,-1.120302259,0.039,0.05,0.020688483,,,
PATL2,7.40E-07,-1.41864742,0.028,0.038,0.020728759,,,
NTRK3,7.43E-07,-1.794116297,0.023,0.032,0.020823038,,,
AC006547.3,7.45E-07,-0.200290103,0.014,0.008,0.020887359,,,
DNAJC10,7.48E-07,-0.999745222,0.128,0.139,0.020967232,,,
ZNF426,7.55E-07,-0.437576093,0.056,0.043,0.021154705,,,
TELO2,7.56E-07,-0.326664149,0.032,0.023,0.021200596,,,
AC053503.1,7.58E-07,-1.692968834,0.007,0.013,0.021249033,,,
TRA2B,7.65E-07,-0.788692204,0.271,0.262,0.021425642,,,
SUV39H2,7.78E-07,-0.384827908,0.031,0.022,0.021806656,,,
TOMM7,7.79E-07,-1.016046235,0.139,0.15,0.021844165,,,
ADCK2,7.81E-07,-0.264549259,0.03,0.021,0.02189917,,,
ANXA5,8.01E-07,-0.550756137,0.214,0.174,0.022456212,,,
A4GALT,8.11E-07,-1.755773718,0.016,0.024,0.022729859,,,
FBXO8,8.13E-07,-0.557838355,0.077,0.061,0.022791175,,,
BHLHB9,8.17E-07,-0.478642105,0.05,0.038,0.022896205,,,
PLA2G12A,8.30E-07,-0.564541024,0.139,0.114,0.023256032,,,
AC091959.3,8.30E-07,-0.477524594,0.021,0.014,0.02325784,,,
AC090515.4,8.32E-07,-0.415723037,0.033,0.024,0.023325967,,,
NEURL4,8.34E-07,-0.244806567,0.018,0.011,0.023361424,,,
NELFCD,8.42E-07,-0.569961896,0.115,0.093,0.023599904,,,
FAM66B,8.49E-07,-0.156696526,0.019,0.012,0.023779856,,,
CACTIN,8.53E-07,-0.425476254,0.019,0.013,0.023901911,,,
SPATA21,8.60E-07,-0.466222579,0.043,0.032,0.02409176,,,
TTC21A,8.68E-07,-1.265982151,0.03,0.041,0.024322747,,,
ANKRD44,8.73E-07,-1.287370251,0.248,0.237,0.024468032,,,
LEAP2,8.82E-07,-0.502740903,0.032,0.023,0.024719304,,,
MAGEF1,8.89E-07,-0.359499554,0.032,0.023,0.024921698,,,
SYCE1L,8.92E-07,-1.533299447,0.007,0.013,0.025006124,,,
DMC1,8.93E-07,-0.176597438,0.016,0.01,0.025022823,,,
NT5C3A,8.96E-07,-0.967227973,0.17,0.176,0.025107829,,,
LIMK1,8.96E-07,-1.564131532,0.019,0.028,0.0251101,,,
PHF6,9.06E-07,-0.526969295,0.087,0.07,0.025393068,,,
RASGEF1C,9.10E-07,-1.943889736,0.006,0.011,0.02549333,,,
TMX2,9.35E-07,-0.325751806,0.028,0.02,0.026209712,,,
SURF6,9.39E-07,-0.57940422,0.056,0.043,0.026317365,,,
IDUA,9.52E-07,-0.382622711,0.03,0.021,0.026669977,,,
SPCS2,9.53E-07,-0.56072192,0.153,0.125,0.026700482,,,
TMEM167B,9.53E-07,-0.445816397,0.048,0.037,0.026715453,,,
PLOD3,9.55E-07,-1.142132031,0.061,0.073,0.0267679,,,
AL356356.1,9.60E-07,-1.21531964,0.025,0.035,0.026911311,,,
STX8,9.60E-07,-0.459404129,0.404,0.317,0.026912966,,,
TSKS,9.63E-07,-0.270186579,0.018,0.012,0.026985187,,,
AXIN1,9.65E-07,-1.231860698,0.052,0.064,0.027056114,,,
MAFF,9.77E-07,-1.416848134,0.018,0.027,0.02737009,,,
SNAPC2,9.79E-07,-2.036301333,0.005,0.01,0.02742686,,,
EXOSC3,9.93E-07,-0.338987996,0.027,0.019,0.027819081,,,
AC244517.2,9.93E-07,-0.551816383,0.02,0.013,0.02782171,,,
SLC25A44,1.01E-06,-0.355046026,0.03,0.021,0.028292178,,,
LINC01422,1.01E-06,-0.34253013,0.022,0.015,0.028339445,,,
JAG2,1.02E-06,-2.212190263,0.005,0.011,0.028463468,,,
CAMSAP1,1.02E-06,-0.528273141,0.088,0.071,0.028647104,,,
TTC12,1.02E-06,-1.175265284,0.085,0.098,0.028702105,,,
SDHD,1.04E-06,-0.932904014,0.096,0.109,0.029011101,,,
DIABLO,1.05E-06,-0.266607255,0.014,0.008,0.029408187,,,
LIMK2,1.06E-06,-1.114582356,0.084,0.096,0.02968051,,,
CHST3,1.06E-06,-0.527387335,0.052,0.04,0.029687183,,,
ARG1,1.06E-06,-0.256310855,0.015,0.009,0.029691505,,,
CYP11A1,1.07E-06,-0.141491134,0.015,0.01,0.029952101,,,
ITGAL,1.07E-06,-1.069577153,0.044,0.033,0.02999961,,,
HOXB7,1.08E-06,-0.176789143,0.019,0.012,0.030354612,,,
GCC2,1.09E-06,-0.472164281,0.379,0.299,0.03044984,,,
KLHL18,1.09E-06,-0.614043308,0.072,0.057,0.030463561,,,
TFIP11,1.09E-06,-0.489712969,0.051,0.039,0.030502047,,,
KDELC1,1.09E-06,-1.631163196,0.006,0.012,0.030655247,,,
RNF149,1.11E-06,-0.886541737,0.312,0.29,0.031126912,,,
CARD16,1.11E-06,-1.778063363,0.006,0.012,0.031141923,,,
ANO9,1.12E-06,-2.316290916,0.005,0.011,0.031255922,,,
BAG6,1.13E-06,-0.38698409,0.061,0.048,0.031791663,,,
LINC00539,1.13E-06,-0.45528545,0.026,0.018,0.031805371,,,
RPF2,1.14E-06,-0.531543013,0.098,0.079,0.031831102,,,
NEDD1,1.14E-06,-1.247563289,0.056,0.068,0.031900234,,,
AL450003.2,1.14E-06,-0.425521619,0.027,0.019,0.031912872,,,
CFAP97,1.14E-06,-0.552180656,0.148,0.121,0.032031504,,,
TRAPPC9,1.15E-06,-0.829251196,0.355,0.32,0.032166849,,,
FANK1,1.15E-06,-1.175101746,0.037,0.049,0.032248964,,,
CCZ1,1.15E-06,-0.47872058,0.043,0.032,0.032269795,,,
ZNF883,1.16E-06,-0.232882025,0.042,0.031,0.032422085,,,
WDR76,1.17E-06,-1.570289002,0.009,0.015,0.032740038,,,
LACC1,1.17E-06,-1.454342159,0.018,0.026,0.03276141,,,
OGFR,1.17E-06,-1.077125194,0.085,0.098,0.032927036,,,
FIZ1,1.21E-06,-0.146522952,0.014,0.009,0.033784668,,,
C11orf57,1.21E-06,-0.449419993,0.059,0.046,0.033847911,,,
AC005070.3,1.21E-06,-0.507913067,0.023,0.015,0.033875785,,,
AC005056.1,1.21E-06,-0.372543685,0.01,0.006,0.033987998,,,
SERPINE2,1.22E-06,-1.982587014,0.007,0.013,0.03405877,,,
MTM1,1.22E-06,-1.050985217,0.114,0.126,0.034123894,,,
ANO1,1.22E-06,-1.053418389,0.076,0.088,0.034290043,,,
PLXNA1,1.23E-06,-1.384521651,0.028,0.038,0.034446657,,,
RAN,1.23E-06,-1.309992444,0.034,0.045,0.034590826,,,
AC005828.3,1.24E-06,-0.265984255,0.017,0.011,0.034614958,,,
SLC1A4,1.24E-06,-0.41368908,0.046,0.035,0.034826148,,,
EHD4-AS1,1.25E-06,-2.277587723,0.005,0.01,0.034974081,,,
SLC10A7,1.26E-06,-0.610043104,0.219,0.177,0.035343362,,,
RAE1,1.27E-06,-0.537225062,0.058,0.045,0.035524937,,,
TRIM2,1.27E-06,-0.567941972,0.19,0.155,0.035668099,,,
TMEM126B,1.28E-06,-0.500779401,0.075,0.059,0.035766041,,,
HTRA2,1.28E-06,-0.399393147,0.028,0.02,0.036006589,,,
HNRNPAB,1.29E-06,-0.573654613,0.084,0.067,0.036061789,,,
LCA5,1.30E-06,-0.538143529,0.071,0.056,0.036328582,,,
NOP16,1.30E-06,-0.308696165,0.019,0.013,0.036527411,,,
RANBP3,1.31E-06,-0.608421386,0.069,0.054,0.036766197,,,
ZDHHC12,1.32E-06,-1.475094525,0.011,0.018,0.036961399,,,
SYS1-DBNDD2,1.32E-06,-1.466809227,0.008,0.014,0.037003789,,,
AC010148.1,1.33E-06,-1.837425621,0.01,0.016,0.037168964,,,
GUCA1B,1.34E-06,-0.298215327,0.016,0.01,0.037686994,,,
ZSCAN18,1.36E-06,-0.52337853,0.109,0.088,0.038097849,,,
DRG2,1.36E-06,-0.36935946,0.044,0.033,0.038237999,,,
AC129507.1,1.37E-06,-2.347879404,0.004,0.01,0.038324253,,,
KLHDC3,1.37E-06,-0.500465285,0.075,0.06,0.038529839,,,
AC112719.2,1.38E-06,-0.163329854,0.014,0.009,0.038696036,,,
SMOX,1.41E-06,-1.751204295,0.006,0.011,0.039455443,,,
C1orf216,1.41E-06,-0.297698512,0.021,0.014,0.039495041,,,
MED17,1.41E-06,-0.50631309,0.051,0.039,0.039632855,,,
RRS1,1.42E-06,0.149974261,0.01,0.005,0.039804413,,,
SERTAD1,1.43E-06,-1.623465765,0.007,0.013,0.039997979,,,
RUFY3,1.43E-06,-0.766746513,0.356,0.324,0.039998992,,,
TFAP2E,1.45E-06,-1.633803896,0.01,0.017,0.040521259,,,
APAF1,1.45E-06,-1.071512272,0.081,0.093,0.040604111,,,
MIER2,1.45E-06,-0.463640832,0.044,0.033,0.040702694,,,
TTF1,1.46E-06,-0.545992609,0.139,0.113,0.041001308,,,
AC107871.1,1.46E-06,-0.523623301,0.053,0.04,0.041038198,,,
RALY,1.47E-06,-0.947876813,0.168,0.175,0.041131711,,,
AC008878.3,1.47E-06,-0.197361459,0.016,0.01,0.041257813,,,
AC007637.1,1.47E-06,-0.333854729,0.033,0.023,0.041334666,,,
TAOK3,1.48E-06,-0.860021111,0.349,0.317,0.041401168,,,
MAP2K2,1.48E-06,-0.599523182,0.074,0.059,0.041526784,,,
TXNRD3NB,1.49E-06,-0.542497915,0.049,0.037,0.041783876,,,
CNTNAP5,1.49E-06,-0.441526574,0.015,0.009,0.041801755,,,
TSNAXIP1,1.49E-06,-0.331315587,0.024,0.016,0.041828122,,,
DGUOK-AS1,1.50E-06,-0.563000729,0.041,0.03,0.042083906,,,
GIGYF1,1.53E-06,-0.562031784,0.089,0.071,0.04277854,,,
ARAP1-AS2,1.54E-06,-0.139382454,0.01,0.006,0.043051541,,,
RNF123,1.54E-06,-0.513804323,0.058,0.045,0.043118694,,,
RIC8B,1.54E-06,-0.561765884,0.164,0.134,0.043180926,,,
AL589666.1,1.55E-06,-0.389813715,0.035,0.026,0.043451376,,,
ARL5A,1.55E-06,-0.99207474,0.089,0.102,0.043459953,,,
TGOLN2,1.56E-06,-0.963857767,0.183,0.188,0.04375005,,,
FBL,1.56E-06,-1.353701296,0.021,0.03,0.043844359,,,
AP003469.4,1.57E-06,-0.353467152,0.028,0.02,0.043993439,,,
CTDSP1,1.58E-06,-0.529499801,0.099,0.08,0.044160808,,,
LMAN1,1.60E-06,-0.936390957,0.164,0.171,0.044977544,,,
EIF3B,1.62E-06,-0.557477877,0.136,0.111,0.045261486,,,
DLG2,1.62E-06,-0.566799929,0.667,0.546,0.0453283,,,
POLRMT,1.62E-06,-0.120727772,0.018,0.012,0.04541077,,,
LRIG3,1.63E-06,-0.623821599,0.158,0.128,0.045642137,,,
MYO3B,1.64E-06,-0.200817876,0.015,0.01,0.0459066,,,
UBALD2,1.66E-06,-0.460554796,0.029,0.02,0.046398987,,,
ARHGAP30,1.66E-06,-1.404119538,0.036,0.047,0.046528696,,,
ARHGEF1,1.66E-06,-1.151708758,0.102,0.114,0.046641718,,,
PUM2,1.67E-06,-0.357307183,0.529,0.404,0.046826687,,,
TYW3,1.67E-06,-0.516070878,0.084,0.068,0.0468728,,,
PAK1IP1,1.68E-06,-0.444867906,0.042,0.031,0.047095248,,,
TAF9B,1.68E-06,-0.461850848,0.034,0.025,0.047114212,,,
NLRP1,1.69E-06,-0.705143607,0.18,0.147,0.047228198,,,
SLC25A15,1.69E-06,-0.400405835,0.019,0.013,0.047273347,,,
CABIN1,1.70E-06,-0.590074814,0.174,0.142,0.047730276,,,
SZRD1,1.70E-06,-0.518520285,0.089,0.071,0.047760761,,,
C1orf147,1.71E-06,-2.078854675,0.004,0.01,0.048025096,,,
AC010809.1,1.72E-06,-0.34701773,0.024,0.017,0.048220707,,,
CCDC65,1.72E-06,-0.596262202,0.108,0.088,0.048301785,,,
GOLGA7,1.73E-06,-0.482149298,0.05,0.039,0.048457988,,,
CDC42EP1,1.73E-06,-1.063151192,0.031,0.042,0.048491585,,,
STKLD1,1.74E-06,-0.184974543,0.014,0.009,0.048638926,,,
WDR34,1.74E-06,-1.173147349,0.016,0.025,0.048837458,,,
IPO7,1.74E-06,-0.549169328,0.154,0.126,0.048837611,,,
NRAV,1.75E-06,0.137253041,0.01,0.006,0.048909496,,,
BBS10,1.77E-06,-0.115429407,0.023,0.016,0.04962861,,,
FAM104B,1.81E-06,-1.338595327,0.013,0.02,0.05073325,,,
PHF2,1.81E-06,-0.560154137,0.086,0.069,0.050774518,,,
TOGARAM2,1.82E-06,-0.263124518,0.025,0.017,0.050909445,,,
GMFB,1.83E-06,-0.472806982,0.098,0.079,0.051161653,,,
SPSB2,1.83E-06,-0.245736354,0.017,0.011,0.051391922,,,
HUNK,1.84E-06,-1.515791886,0.017,0.025,0.05143018,,,
TM2D3,1.84E-06,-0.53372646,0.098,0.079,0.05146761,,,
CASTOR2,1.84E-06,-0.381715645,0.028,0.02,0.051637847,,,
AC068533.4,1.88E-06,-0.256658132,0.022,0.015,0.052747397,,,
PRTG,1.89E-06,-0.456170196,0.058,0.045,0.053030517,,,
TMEM45A,1.90E-06,-0.409421901,0.074,0.059,0.053348854,,,
TSPAN12,1.91E-06,-1.856692571,0.007,0.012,0.053554738,,,
PCDHGB6,1.94E-06,-1.693447387,0.009,0.015,0.054384547,,,
TMEM150A,1.95E-06,-0.322778634,0.03,0.021,0.054773928,,,
PDIK1L,1.96E-06,-0.280822468,0.03,0.022,0.054818911,,,
RBM8A,1.98E-06,-0.392284848,0.044,0.033,0.055417772,,,
LRP12,1.98E-06,-0.547374368,0.066,0.052,0.055476905,,,
HAS2,1.98E-06,-2.253858476,0.008,0.014,0.055545509,,,
ZNF697,1.99E-06,-0.300154574,0.03,0.021,0.055755418,,,
ALKBH8,1.99E-06,-0.573235644,0.063,0.049,0.055893331,,,
LARGE1,2.01E-06,-0.789398677,0.289,0.278,0.056321627,,,
CDK19,2.03E-06,-0.475011362,0.283,0.231,0.056841252,,,
AC024257.1,2.04E-06,-0.178746951,0.012,0.007,0.057212554,,,
ILVBL,2.04E-06,-0.455936824,0.048,0.037,0.057214061,,,
VPS8,2.05E-06,-0.857855577,0.305,0.283,0.057375931,,,
NOMO1,2.05E-06,-0.294929875,0.022,0.015,0.057548012,,,
MED31,2.06E-06,-0.497189836,0.053,0.04,0.05760243,,,
KLF6,2.06E-06,-1.047828901,0.157,0.164,0.057689001,,,
POT1-AS1,2.09E-06,-1.405483953,0.026,0.036,0.058507106,,,
C1QTNF4,2.09E-06,-2.080138441,0.005,0.01,0.058592736,,,
AC025031.1,2.11E-06,-0.257680331,0.014,0.009,0.059025953,,,
DCUN1D2-AS,2.12E-06,-0.147378984,0.013,0.008,0.059513787,,,
FAR1,2.14E-06,-0.877730243,0.256,0.247,0.059864999,,,
LINC00970,2.16E-06,-1.846178517,0.008,0.014,0.060619638,,,
RBP7,2.17E-06,-1.515824345,0.04,0.051,0.06074339,,,
AC016722.2,2.17E-06,-0.362240927,0.033,0.024,0.060784404,,,
IRF2,2.18E-06,-0.530275081,0.188,0.155,0.06105389,,,
MED11,2.18E-06,-0.465907127,0.042,0.032,0.061115542,,,
SMCR8,2.18E-06,-0.124911421,0.028,0.019,0.06118593,,,
HIF3A,2.18E-06,-1.555520935,0.043,0.053,0.061207745,,,
ESS2,2.23E-06,-0.243097953,0.018,0.012,0.062549706,,,
WDFY3-AS1,2.25E-06,-0.517986521,0.05,0.038,0.062944348,,,
ZNF563,2.25E-06,-0.442684265,0.048,0.037,0.063186403,,,
ACP5,2.26E-06,-1.215908779,0.014,0.022,0.063465779,,,
RBP1,2.27E-06,-1.356142536,0.014,0.022,0.063745683,,,
ERICH6-AS1,2.30E-06,-1.646937286,0.011,0.018,0.064318073,,,
EXOSC7,2.31E-06,-0.512184996,0.088,0.071,0.064822501,,,
NUS1,2.38E-06,-0.634787211,0.1,0.081,0.06662253,,,
MBD4,2.38E-06,-0.529481631,0.124,0.101,0.066769445,,,
PKN3,2.39E-06,-0.582166155,0.041,0.031,0.066892801,,,
BBS2,2.42E-06,-0.962393146,0.125,0.135,0.067787856,,,
JUND,2.44E-06,-1.152360763,0.058,0.071,0.068444751,,,
ZNF419,2.46E-06,-0.240520049,0.016,0.01,0.068831876,,,
GNG5,2.46E-06,-1.096951103,0.069,0.082,0.069043141,,,
ANKS6,2.46E-06,-0.557986481,0.072,0.057,0.069080994,,,
HYOU1,2.47E-06,-1.406912748,0.015,0.023,0.069117523,,,
AC011603.2,2.49E-06,-0.491707371,0.037,0.027,0.0698322,,,
ITIH2,2.51E-06,-0.327541705,0.013,0.008,0.07046679,,,
RADIL,2.52E-06,-1.659606934,0.023,0.032,0.070598451,,,
PIK3C2A,2.56E-06,-0.444852844,0.419,0.329,0.071719737,,,
ACTN4,2.57E-06,-0.921212894,0.206,0.208,0.072039023,,,
RPL6,2.60E-06,-0.542869311,0.133,0.109,0.072933085,,,
SLC25A43,2.67E-06,-0.908265164,0.157,0.164,0.074700999,,,
RAPGEF1,2.71E-06,-0.750181109,0.266,0.212,0.075834683,,,
AC011452.1,2.72E-06,-1.676610128,0.006,0.011,0.076118369,,,
SNRPE,2.73E-06,-0.424864897,0.046,0.035,0.076462737,,,
DMAC2,2.74E-06,-0.459137058,0.042,0.032,0.07668498,,,
GAS5,2.74E-06,-0.582054788,0.159,0.131,0.076751992,,,
LOXL1-AS1,2.75E-06,-1.506979722,0.013,0.02,0.077081437,,,
AC022872.1,2.75E-06,-0.591786134,0.122,0.099,0.077120456,,,
PRMT3,2.87E-06,-0.97933685,0.133,0.142,0.080437078,,,
BMP1,2.89E-06,-0.510138836,0.112,0.091,0.081073796,,,
MPHOSPH6,2.94E-06,-1.082106227,0.069,0.081,0.082316679,,,
RFPL1S,2.95E-06,-1.731059051,0.005,0.01,0.082601932,,,
ENG,2.96E-06,-1.079118798,0.131,0.14,0.083088442,,,
AL031320.2,2.98E-06,-0.607015589,0.059,0.046,0.083615267,,,
NDUFA13,2.99E-06,-0.285112128,0.021,0.014,0.083888611,,,
SMARCB1,2.99E-06,-0.483042481,0.081,0.065,0.08392484,,,
AC006581.2,3.00E-06,-0.250970717,0.019,0.013,0.084092949,,,
PACSIN3,3.01E-06,-1.989885528,0.005,0.01,0.084264302,,,
NECAP2,3.04E-06,-1.071448066,0.08,0.092,0.08512439,,,
PLS1,3.06E-06,-1.499953,0.01,0.017,0.085648166,,,
IDH3G,3.06E-06,-0.384511632,0.037,0.028,0.085658816,,,
EPHA6,3.07E-06,-1.53956075,0.03,0.04,0.085916813,,,
TMEM8B,3.09E-06,-0.512257893,0.066,0.052,0.086571958,,,
PITHD1,3.13E-06,-0.495835389,0.064,0.05,0.087781967,,,
DNAH10,3.13E-06,-0.397924161,0.021,0.014,0.087847868,,,
SRSF12,3.17E-06,-1.227748176,0.042,0.053,0.088866371,,,
MT1M,3.19E-06,-1.447337825,0.022,0.031,0.089453495,,,
AFTPH,3.20E-06,-0.564996299,0.196,0.161,0.089564804,,,
AC009996.1,3.21E-06,-0.435220713,0.021,0.014,0.089959714,,,
PINK1-AS,3.25E-06,-0.297208847,0.023,0.015,0.091004383,,,
DAPL1,3.26E-06,-1.056112238,0.021,0.014,0.091227822,,,
PMF1,3.26E-06,-0.300109707,0.038,0.029,0.091304233,,,
F10,3.28E-06,-1.681777905,0.017,0.025,0.091933085,,,
NKRF,3.31E-06,-0.311253599,0.023,0.016,0.092861171,,,
AC097515.1,3.33E-06,-0.730424026,0.054,0.041,0.093440664,,,
DENND4B,3.37E-06,-1.339198744,0.06,0.072,0.094351393,,,
ZNF571,3.38E-06,-0.500878513,0.053,0.041,0.094674196,,,
ZNF385A,3.39E-06,-0.182305071,0.021,0.014,0.095010743,,,
JARID2,3.41E-06,-0.616677425,0.286,0.23,0.095464923,,,
CD37,3.44E-06,-1.340746257,0.027,0.036,0.096340391,,,
TMEM129,3.48E-06,-0.414269146,0.035,0.026,0.097451948,,,
ZNF32-AS3,3.49E-06,-0.129488159,0.011,0.006,0.097670465,,,
AC023157.3,3.50E-06,-1.698774466,0.01,0.016,0.098098475,,,
ING1,3.59E-06,-0.14584948,0.023,0.016,0.100557278,,,
MIS18A,3.67E-06,-0.308582629,0.019,0.013,0.10288865,,,
RARRES2,3.67E-06,-0.911629316,0.341,0.309,0.102928585,,,
C9orf41-AS1,3.68E-06,-0.652335967,0.07,0.055,0.103200848,,,
NAV1,3.69E-06,-0.83702335,0.278,0.22,0.103385285,,,
ZNF487,3.70E-06,-0.583047991,0.058,0.045,0.103765697,,,
AC079385.1,3.70E-06,-0.480033415,0.019,0.013,0.103828987,,,
SMAD5,3.71E-06,-0.55415866,0.209,0.171,0.104070705,,,
PRMT1,3.77E-06,-1.204068592,0.038,0.048,0.105582895,,,
BLVRA,3.79E-06,-1.014726801,0.082,0.094,0.106278093,,,
PIP4K2C,3.86E-06,-1.376476474,0.023,0.032,0.108244512,,,
ISM1,3.87E-06,-1.675383106,0.027,0.036,0.10834814,,,
ENPP4,3.87E-06,-1.157729371,0.032,0.042,0.108404569,,,
ZNF132,3.88E-06,-0.232170443,0.017,0.011,0.108780641,,,
DVL2,3.90E-06,-0.387242915,0.031,0.023,0.109298816,,,
LINC01290,3.93E-06,-0.419222697,0.03,0.022,0.110171891,,,
GP6,3.96E-06,-1.793480311,0.007,0.013,0.110966378,,,
PROX2,4.01E-06,-0.310537839,0.012,0.007,0.112321562,,,
KLHL28,4.04E-06,-0.487830853,0.307,0.25,0.113094558,,,
SEMA6A,4.06E-06,-0.817679456,0.2,0.163,0.113892732,,,
TOX2,4.09E-06,-1.925915535,0.009,0.015,0.114594941,,,
TSPYL4,4.09E-06,-1.357166438,0.023,0.032,0.114737323,,,
UQCC3,4.09E-06,-0.382257126,0.034,0.025,0.114751154,,,
SRR,4.10E-06,-0.2911072,0.035,0.026,0.114954236,,,
AC125613.1,4.10E-06,-0.246010161,0.021,0.014,0.114982003,,,
PLCE1-AS2,4.16E-06,-1.681246416,0.011,0.017,0.116634018,,,
CETN2,4.24E-06,-1.546692529,0.012,0.019,0.118885275,,,
DACH2,4.26E-06,-0.71586812,0.01,0.006,0.119433358,,,
AC004922.1,4.34E-06,-0.17290372,0.012,0.007,0.121649217,,,
ICA1L,4.36E-06,-0.578036344,0.152,0.124,0.122101245,,,
CPEB1-AS1,4.37E-06,-1.857976051,0.007,0.013,0.122516028,,,
AL355922.2,4.40E-06,-0.370969613,0.015,0.01,0.123294037,,,
CYB561D2,4.41E-06,-0.454678176,0.04,0.03,0.123575941,,,
AC092123.2,4.42E-06,-0.595444405,0.034,0.025,0.123887155,,,
GZMA,4.48E-06,-2.303877667,0.014,0.022,0.12548015,,,
STAT3,4.48E-06,-0.634805393,0.394,0.36,0.125508321,,,
TPO,4.48E-06,-2.561469223,0.016,0.024,0.125530412,,,
IL11RA,4.49E-06,-1.270142295,0.027,0.036,0.125851282,,,
CARD14,4.53E-06,-1.177269354,0.033,0.043,0.126939337,,,
RSRC1,4.56E-06,-0.445563786,0.437,0.34,0.127861409,,,
CELA2B,4.60E-06,-0.162923213,0.014,0.009,0.128860403,,,
AC016747.1,4.60E-06,-0.255347947,0.024,0.017,0.128879673,,,
AL022068.1,4.62E-06,-1.084697108,0.054,0.065,0.129451482,,,
ZNF512,4.63E-06,-0.321858156,0.035,0.026,0.129756832,,,
ATL3,4.63E-06,-0.908588325,0.166,0.173,0.129832311,,,
LAMA1,4.65E-06,-1.922972571,0.008,0.013,0.130341037,,,
RNF126,4.65E-06,-0.533833047,0.048,0.037,0.13044104,,,
ARPP19,4.66E-06,-0.539374404,0.114,0.094,0.130509519,,,
ILF3,4.67E-06,-1.023651063,0.124,0.134,0.130898073,,,
AL139294.1,4.70E-06,-1.33717724,0.017,0.025,0.13172207,,,
ZNF276,4.75E-06,-0.597527916,0.073,0.058,0.132998836,,,
RNPEP,4.80E-06,-1.12394321,0.063,0.075,0.134470643,,,
KCNH1,4.83E-06,-0.340108762,0.027,0.019,0.135227495,,,
DHX33,4.85E-06,-0.55872626,0.062,0.049,0.135935386,,,
LINC01435,4.85E-06,-0.188742995,0.015,0.01,0.135943777,,,
CYLD,4.86E-06,-1.039921051,0.123,0.133,0.136193849,,,
HMSD,4.87E-06,-1.72149644,0.005,0.01,0.136589191,,,
ZNF561,4.92E-06,-0.558596254,0.091,0.073,0.137979749,,,
MRPS30,5.02E-06,-0.523716653,0.051,0.04,0.140567426,,,
SLC35A3,5.02E-06,-0.568467835,0.076,0.061,0.140605564,,,
AC110760.1,5.03E-06,-0.546503082,0.016,0.011,0.140857352,,,
AC112206.2,5.05E-06,-1.50908701,0.045,0.056,0.141591398,,,
AC103794.1,5.11E-06,-0.258249728,0.017,0.011,0.143105437,,,
S100Z,5.12E-06,-2.017125696,0.005,0.01,0.143512035,,,
TFF3,5.20E-06,-2.142200801,0.012,0.018,0.145853075,,,
AC092142.1,5.23E-06,-1.941465107,0.008,0.014,0.146620986,,,
PMEL,5.25E-06,-1.772694146,0.007,0.012,0.147210734,,,
UBE2D3,5.29E-06,-0.383324375,0.496,0.383,0.148191937,,,
MLST8,5.29E-06,-0.113831816,0.019,0.013,0.148289713,,,
HDGFL2,5.30E-06,-0.450183365,0.063,0.05,0.148452742,,,
ITFG1,5.30E-06,-0.547822683,0.573,0.473,0.148457285,,,
CFAP61,5.34E-06,-1.605313868,0.007,0.012,0.149534894,,,
NGDN,5.34E-06,-0.461347133,0.083,0.068,0.14971343,,,
GRAMD4,5.36E-06,-0.454953686,0.086,0.07,0.150257871,,,
TFEB,5.62E-06,-1.181223009,0.051,0.062,0.157361358,,,
KDM8,5.62E-06,-0.411460804,0.024,0.017,0.157637132,,,
APRT,5.67E-06,-1.174811909,0.04,0.051,0.159026759,,,
POLR2F,5.69E-06,-0.410732792,0.019,0.013,0.159565201,,,
TIPRL,5.70E-06,-1.081047511,0.078,0.09,0.15976944,,,
DEPDC5,5.71E-06,-0.541092216,0.14,0.116,0.160114421,,,
MRPL13,5.80E-06,-0.56482223,0.076,0.061,0.162584719,,,
PAPLN,5.81E-06,-1.063578768,0.096,0.107,0.162955936,,,
SMS,5.84E-06,-1.081533996,0.076,0.088,0.163596593,,,
AC092295.1,5.90E-06,-0.138573977,0.011,0.006,0.165221699,,,
GPRASP1,5.90E-06,-1.31015615,0.024,0.033,0.165290216,,,
AC048341.3,5.94E-06,-0.452372912,0.024,0.017,0.166583915,,,
PLEKHF2,5.96E-06,-0.558791756,0.038,0.028,0.167081169,,,
TCN2,5.99E-06,-1.26330436,0.032,0.041,0.167872999,,,
WDR46,5.99E-06,-0.433261217,0.053,0.041,0.167920328,,,
C17orf58,6.02E-06,-1.647110228,0.012,0.019,0.168614887,,,
AC008507.2,6.08E-06,-0.282292882,0.011,0.007,0.170483495,,,
LPAR6,6.13E-06,-0.797321948,0.252,0.201,0.171696777,,,
ADGRE2,6.18E-06,-0.632000196,0.022,0.015,0.173063841,,,
AL691432.2,6.21E-06,-0.10154316,0.013,0.008,0.17395996,,,
MRPL50,6.23E-06,-0.383420156,0.031,0.023,0.174690873,,,
PRMT2,6.26E-06,-0.741435379,0.348,0.318,0.175433924,,,
GLO1,6.30E-06,-0.567984323,0.123,0.101,0.176480355,,,
UHRF2,6.31E-06,-0.889191324,0.225,0.221,0.176812694,,,
PPM1E,6.36E-06,-1.483853327,0.023,0.032,0.178339579,,,
KARS,6.45E-06,-0.563007001,0.062,0.049,0.180672998,,,
STX18,6.45E-06,-0.630039586,0.195,0.16,0.180894769,,,
AC073912.1,6.57E-06,-1.824901006,0.007,0.012,0.184089654,,,
ZNF90,6.61E-06,-1.303137354,0.021,0.03,0.18532311,,,
ZNF337,6.66E-06,-0.615732117,0.17,0.139,0.186573751,,,
PNMA2,6.72E-06,-1.09358102,0.007,0.013,0.188376592,,,
RNF19B,6.90E-06,-1.419389663,0.027,0.036,0.193496366,,,
AL512306.3,6.92E-06,-0.569707556,0.018,0.012,0.194031917,,,
ZNF219,6.94E-06,-0.356573291,0.039,0.029,0.194385597,,,
AC124319.2,6.95E-06,-0.920739265,0.171,0.176,0.194726094,,,
GPC1,7.02E-06,-1.247552491,0.015,0.023,0.196643489,,,
ARF1,7.08E-06,-1.072876782,0.102,0.113,0.198314223,,,
XYLT2,7.10E-06,-0.553760648,0.047,0.036,0.198983192,,,
OSBPL9,7.13E-06,-0.412950578,0.428,0.336,0.199750894,,,
ELOF1,7.15E-06,-0.443011491,0.024,0.017,0.200312008,,,
APPL1,7.22E-06,-0.908545701,0.169,0.175,0.202304599,,,
AC025034.1,7.27E-06,-1.179358399,0.043,0.054,0.203792255,,,
AC119396.1,7.36E-06,-0.631939769,0.045,0.035,0.206322109,,,
KBTBD3,7.37E-06,-0.445821287,0.037,0.028,0.2064605,,,
MARF1,7.41E-06,-0.582476678,0.162,0.134,0.207535497,,,
PRPS2,7.41E-06,-1.270528087,0.016,0.023,0.20758669,,,
PCSK4,7.43E-06,-0.128752701,0.013,0.008,0.208215717,,,
MCTS1,7.45E-06,-0.574068546,0.128,0.106,0.208672952,,,
ULK2,7.51E-06,-0.838802088,0.261,0.251,0.210354713,,,
MAP10,7.57E-06,-0.142000288,0.011,0.006,0.212230633,,,
SERF2,7.59E-06,-0.701754493,0.222,0.182,0.212577262,,,
COL5A1,7.60E-06,-1.101173005,0.134,0.141,0.212971204,,,
AC008569.1,7.64E-06,-1.870598314,0.011,0.017,0.214206947,,,
REPS1,7.70E-06,-0.588129867,0.23,0.189,0.215676058,,,
RBBP6,7.71E-06,-0.522952216,0.285,0.231,0.216027879,,,
ZCCHC7,7.88E-06,-0.331251255,0.599,0.462,0.220964871,,,
ZEB1,7.89E-06,-0.749656579,0.493,0.422,0.221084933,,,
ZFAS1,7.95E-06,-0.997677175,0.174,0.177,0.222753392,,,
IFT22,8.01E-06,-1.124135345,0.013,0.02,0.224537626,,,
POLE3,8.03E-06,-1.496939313,0.014,0.021,0.225016262,,,
DNAH14,8.05E-06,-0.654704144,0.148,0.122,0.225487912,,,
ZNF330,8.10E-06,-0.590138004,0.117,0.096,0.227120201,,,
SLC22A23,8.15E-06,-0.703623238,0.272,0.22,0.22837066,,,
ITGA10,8.16E-06,-0.319801373,0.012,0.007,0.228673907,,,
GTF3C1,8.20E-06,-0.610235767,0.131,0.108,0.229933503,,,
PREPL,8.24E-06,-0.545913484,0.224,0.184,0.231043141,,,
PAXIP1,8.24E-06,-0.607295135,0.105,0.086,0.231050425,,,
AC009961.1,8.33E-06,-1.330034369,0.023,0.032,0.233351921,,,
RFK,8.40E-06,-1.198996118,0.016,0.024,0.235447057,,,
L3MBTL4-AS1,8.41E-06,-1.86869333,0.005,0.01,0.235551049,,,
PCYOX1L,8.41E-06,-1.684381967,0.008,0.013,0.235762522,,,
PDP1,8.43E-06,-1.443897298,0.019,0.027,0.236357071,,,
ZADH2,8.48E-06,-0.63343767,0.104,0.085,0.237670285,,,
TBC1D7,8.56E-06,-0.467580683,0.043,0.033,0.239762951,,,
RBM19,8.56E-06,-0.611687075,0.12,0.099,0.239892856,,,
HECA,8.59E-06,-0.535598521,0.086,0.07,0.240720652,,,
SOX6,8.60E-06,-0.938679754,0.611,0.461,0.240903477,,,
C6orf48,8.61E-06,-1.20623604,0.034,0.043,0.24126639,,,
SPATA12,8.66E-06,-2.099361952,0.006,0.011,0.24262716,,,
CXXC4-AS1,8.66E-06,-0.449504776,0.013,0.008,0.242775414,,,
MYO5A,8.68E-06,-1.131917675,0.337,0.299,0.243361478,,,
PRPF18,8.74E-06,-0.602634148,0.117,0.095,0.244895887,,,
AC012363.1,8.75E-06,-0.277624567,0.02,0.014,0.245180082,,,
HM13-AS1,8.84E-06,-0.114546829,0.016,0.011,0.247720986,,,
ISG15,8.84E-06,-1.638517553,0.011,0.018,0.247800624,,,
ABI1,8.85E-06,-0.906442626,0.251,0.241,0.247888182,,,
RAP1A,8.87E-06,-0.861940472,0.29,0.271,0.248618104,,,
CIC,8.88E-06,-1.187866609,0.023,0.031,0.248901073,,,
LINC02482,8.91E-06,-0.332075229,0.017,0.012,0.249784458,,,
PPP1R12A-AS1,8.91E-06,-0.383145896,0.027,0.019,0.249801805,,,
KCTD13,8.94E-06,-1.202267864,0.056,0.067,0.250414859,,,
PINX1,8.95E-06,-0.408431718,0.012,0.007,0.250894347,,,
ZNF503-AS2,8.96E-06,-0.356480735,0.021,0.015,0.2510045,,,
NAGA,8.99E-06,-1.113513611,0.017,0.025,0.251861983,,,
CCDC9,8.99E-06,-0.517082698,0.03,0.022,0.252084825,,,
LSM10,9.03E-06,-0.363701279,0.028,0.02,0.253035259,,,
UTP11,9.08E-06,-0.416615998,0.033,0.024,0.25448663,,,
ZNF461,9.10E-06,-0.426032801,0.054,0.043,0.255026741,,,
B4GALT7,9.12E-06,-0.478227774,0.025,0.017,0.255475609,,,
REC114,9.25E-06,-0.498819356,0.049,0.038,0.259358746,,,
CHM,9.37E-06,-0.540812617,0.241,0.197,0.262627183,,,
TMEM55B,9.46E-06,-0.347605622,0.03,0.022,0.26501952,,,
TNRC6C-AS1,9.49E-06,-1.851985375,0.011,0.017,0.26603532,,,
QSER1,9.50E-06,-0.97670463,0.158,0.164,0.266155186,,,
TACR1,9.60E-06,-0.790749444,0.126,0.103,0.269031769,,,
FGFBP2,9.73E-06,-0.487975796,0.01,0.006,0.272562877,,,
XPO6,9.75E-06,-1.040631237,0.129,0.137,0.27329864,,,
CDIP1,9.82E-06,-1.271823594,0.033,0.042,0.275314853,,,
AP000787.1,9.97E-06,-0.454434901,0.181,0.151,0.279304129,,,
ZNF732,1.00E-05,-0.353401959,0.01,0.006,0.281305124,,,
ZSCAN26,1.01E-05,-0.519310208,0.03,0.022,0.281796961,,,
PTOV1-AS1,1.01E-05,-0.543993136,0.031,0.023,0.282118047,,,
SLC10A3,1.01E-05,-1.226207581,0.007,0.012,0.282343935,,,
AC002553.1,1.02E-05,-0.369771756,0.018,0.012,0.286976051,,,
KDELR1,1.03E-05,-1.06206898,0.059,0.07,0.288953887,,,
KYAT1,1.04E-05,-0.491758763,0.053,0.041,0.291671179,,,
CORO1B,1.04E-05,-1.172405701,0.018,0.026,0.292135669,,,
AC008649.2,1.04E-05,-0.426828339,0.02,0.013,0.292453874,,,
RNF121,1.04E-05,-0.570770344,0.119,0.099,0.292734421,,,
AC240274.1,1.05E-05,-1.311916897,0.012,0.019,0.293346682,,,
MAPK7,1.05E-05,-1.499666766,0.009,0.015,0.294684202,,,
PPP5C,1.06E-05,-0.607758285,0.086,0.07,0.29768306,,,
PBX4,1.07E-05,-1.613636877,0.022,0.03,0.2984777,,,
MYOCD,1.07E-05,-2.929095936,0.005,0.01,0.300514235,,,
RAP2C,1.08E-05,-1.258583871,0.057,0.067,0.302198734,,,
TMEM183A,1.08E-05,-0.38009206,0.032,0.024,0.302327962,,,
DCTN3,1.08E-05,-1.216036684,0.023,0.032,0.302820816,,,
AC008079.2,1.08E-05,-0.123187832,0.016,0.01,0.302989382,,,
DCLRE1A,1.08E-05,-0.193786199,0.016,0.01,0.303435316,,,
AC130650.2,1.08E-05,-0.296390483,0.011,0.006,0.303988646,,,
CHCHD5,1.09E-05,-0.152536895,0.022,0.015,0.304439158,,,
LBR,1.10E-05,-0.692205373,0.084,0.068,0.307525459,,,
AL355315.1,1.10E-05,-0.339481057,0.04,0.03,0.308417132,,,
STK31,1.10E-05,-1.250948619,0.014,0.021,0.308445489,,,
TECPR1,1.11E-05,-0.661865554,0.077,0.062,0.310331194,,,
ARPC5L,1.11E-05,-0.407331471,0.03,0.022,0.310508459,,,
CENPU,1.11E-05,-0.158399559,0.015,0.01,0.31061391,,,
NPM1,1.11E-05,-1.064811087,0.07,0.082,0.310905343,,,
AL390774.2,1.12E-05,-0.682339945,0.111,0.091,0.313567298,,,
AL354732.1,1.13E-05,-2.038819742,0.005,0.01,0.315597772,,,
ARL8A,1.13E-05,-1.181774096,0.041,0.051,0.315679072,,,
DUS3L,1.13E-05,-0.552417655,0.032,0.024,0.316059839,,,
AC092100.1,1.14E-05,-0.241567742,0.01,0.006,0.319857177,,,
LRRC4,1.16E-05,-0.556345412,0.033,0.024,0.324610614,,,
B4GALT4-AS1,1.17E-05,-1.231372345,0.039,0.049,0.327548774,,,
SLC36A1,1.18E-05,-0.536031807,0.069,0.056,0.329523805,,,
GRID2IP,1.18E-05,-1.552215702,0.014,0.021,0.330646933,,,
CRYZ,1.19E-05,-0.51096898,0.064,0.051,0.332307842,,,
GLIDR,1.19E-05,-0.101472796,0.01,0.006,0.334316576,,,
EYA4,1.20E-05,-0.425961553,0.044,0.034,0.335157977,,,
EEF2K,1.22E-05,-0.956670454,0.226,0.221,0.340523832,,,
AL391863.1,1.22E-05,-0.292473861,0.01,0.006,0.342588916,,,
MRPL3,1.22E-05,-0.60817563,0.117,0.096,0.343081714,,,
AP2M1,1.23E-05,-0.991865943,0.07,0.081,0.344582838,,,
SCAMP3,1.23E-05,-0.617814171,0.087,0.07,0.345457495,,,
C1orf159,1.24E-05,-0.592373057,0.08,0.065,0.347615945,,,
POLR2D,1.24E-05,-0.452633788,0.041,0.031,0.348015811,,,
ANKRD50,1.25E-05,-1.119625409,0.059,0.07,0.349591141,,,
MIF,1.25E-05,-1.270997358,0.005,0.01,0.349829015,,,
TMC6,1.25E-05,-1.518785581,0.029,0.038,0.350763778,,,
MAP4K1,1.27E-05,-2.245556447,0.005,0.01,0.355380563,,,
PTGES2,1.27E-05,-0.442513859,0.039,0.03,0.355608936,,,
SLC39A1,1.27E-05,-1.051473947,0.044,0.055,0.356716789,,,
PLBD2,1.29E-05,-0.449742766,0.06,0.048,0.360835583,,,
AC060809.1,1.29E-05,-1.412125659,0.012,0.019,0.361910315,,,
C20orf96,1.29E-05,-0.444947848,0.041,0.032,0.362598276,,,
TMEM63B,1.30E-05,-0.641846837,0.065,0.052,0.363971546,,,
NSUN2,1.31E-05,-0.584306319,0.116,0.096,0.366702674,,,
FEM1C,1.32E-05,-0.510424648,0.056,0.044,0.369947441,,,
RAP1GAP2,1.32E-05,-1.471899097,0.054,0.064,0.37124172,,,
WDR75,1.34E-05,-0.591222346,0.136,0.112,0.375462897,,,
FDXR,1.34E-05,-1.440604663,0.007,0.012,0.37668791,,,
YEATS4,1.35E-05,-0.489598054,0.035,0.026,0.378653847,,,
MEIS1-AS2,1.36E-05,-1.047554063,0.105,0.114,0.380868557,,,
RPAP3,1.36E-05,-1.146464684,0.055,0.065,0.381170677,,,
LMAN2,1.36E-05,-1.07192796,0.081,0.093,0.382416242,,,
STRN,1.37E-05,-0.878102055,0.214,0.212,0.383932288,,,
AL031282.2,1.42E-05,-0.355772458,0.033,0.025,0.398439472,,,
AC231533.1,1.43E-05,-0.347144219,0.031,0.023,0.399615367,,,
NELFB,1.43E-05,-0.450554977,0.051,0.04,0.401249081,,,
PTPN14,1.44E-05,-0.873468291,0.349,0.312,0.402705525,,,
CHD1,1.44E-05,-0.550046729,0.266,0.217,0.404155459,,,
DCST2,1.45E-05,-0.17269535,0.012,0.008,0.405833569,,,
AL162231.2,1.46E-05,-0.314621799,0.022,0.015,0.40943161,,,
AP001107.9,1.48E-05,-0.138753198,0.016,0.011,0.415968793,,,
NDUFA2,1.50E-05,-0.520913804,0.069,0.056,0.419861198,,,
PSME2,1.50E-05,-1.195567363,0.028,0.037,0.421396515,,,
TRIM52-AS1,1.51E-05,-0.321193899,0.018,0.012,0.424058983,,,
PRMT5-AS1,1.52E-05,-0.180638754,0.012,0.007,0.425246259,,,
WRAP73,1.52E-05,-0.450231033,0.036,0.027,0.425672945,,,
TESC,1.52E-05,-1.914670719,0.005,0.01,0.427089467,,,
OFCC1,1.53E-05,-0.34349216,0.012,0.007,0.427743985,,,
AC002310.4,1.54E-05,-0.311554451,0.017,0.011,0.430509985,,,
SH3BP5L,1.55E-05,-0.285747143,0.027,0.019,0.433641485,,,
ARPC1A,1.55E-05,-0.949120732,0.019,0.026,0.434878014,,,
ZNF268,1.56E-05,-0.217298275,0.031,0.023,0.438372321,,,
LINC00116,1.58E-05,-0.464415334,0.044,0.034,0.442323051,,,
AC004596.1,1.59E-05,-0.349806105,0.018,0.012,0.445596209,,,
NOP58,1.62E-05,-0.607427403,0.2,0.165,0.455074131,,,
MED26,1.63E-05,-0.288262033,0.015,0.01,0.455924254,,,
PSMD2,1.64E-05,-0.456212163,0.063,0.051,0.459375636,,,
LRRC17,1.66E-05,-1.338005059,0.028,0.037,0.464690171,,,
SLC35F6,1.67E-05,-1.290565907,0.019,0.027,0.46744175,,,
SMARCE1,1.67E-05,-0.641754259,0.099,0.081,0.467665093,,,
AC118553.2,1.67E-05,-0.47566008,0.013,0.008,0.467852998,,,
CD247,1.67E-05,-2.344268088,0.032,0.04,0.468842137,,,
LINC01791,1.67E-05,-2.008485941,0.005,0.01,0.469096549,,,
FAM216A,1.70E-05,-0.591072968,0.088,0.072,0.476640505,,,
CHCHD1,1.71E-05,-0.479360411,0.045,0.035,0.478954549,,,
MEI1,1.72E-05,-0.499017255,0.017,0.011,0.480632193,,,
SLK,1.77E-05,-0.906339147,0.177,0.181,0.496816976,,,
RAPGEF2,1.78E-05,-0.577561854,0.37,0.294,0.499248041,,,
NFIB,1.78E-05,-0.342717071,0.804,0.647,0.499390511,,,
ZNF239,1.79E-05,-0.211829491,0.017,0.011,0.500756866,,,
LINC01603,1.80E-05,-1.842700809,0.005,0.01,0.504968997,,,
TUBA8,1.81E-05,-0.442465328,0.021,0.015,0.506928839,,,
TMEM8A,1.81E-05,-0.371206988,0.033,0.025,0.507253589,,,
ZNF200,1.82E-05,-0.474414841,0.025,0.018,0.509287326,,,
ECE2,1.83E-05,-0.150738002,0.01,0.006,0.511575308,,,
ZNF28,1.84E-05,-0.546132781,0.043,0.034,0.516900812,,,
MMS19,1.85E-05,-0.569471577,0.212,0.175,0.517983592,,,
AC004951.4,1.85E-05,-0.185906415,0.01,0.006,0.519818261,,,
FAM207A,1.86E-05,-0.402496853,0.028,0.021,0.520693895,,,
ZNF805,1.86E-05,-0.374134643,0.029,0.021,0.521252537,,,
RPL4,1.87E-05,-1.056602129,0.079,0.09,0.525133592,,,
TPR,1.90E-05,-0.712614486,0.342,0.313,0.532671332,,,
RNF40,1.91E-05,-0.432086716,0.064,0.051,0.534168548,,,
CYFIP1,1.92E-05,-0.876960806,0.24,0.232,0.53764004,,,
LINC00963,1.92E-05,-0.533859059,0.075,0.061,0.539480257,,,
RSAD1,1.93E-05,-0.438469061,0.036,0.027,0.540641344,,,
GRIK1,1.94E-05,-0.68352226,0.074,0.06,0.543439489,,,
SPACA9,1.95E-05,-0.19702527,0.018,0.012,0.545642064,,,
FGFRL1,1.96E-05,-1.145791,0.023,0.031,0.548252474,,,
SUPT4H1,1.96E-05,-1.284357925,0.02,0.028,0.549322278,,,
AP003086.1,1.96E-05,-0.322065559,0.012,0.007,0.549474127,,,
ZNF460,1.96E-05,-0.577729145,0.037,0.028,0.54966522,,,
RND3,1.98E-05,-1.347828078,0.042,0.052,0.553619697,,,
SEMA4A,1.98E-05,-1.344516531,0.006,0.011,0.553817172,,,
AL161891.1,2.01E-05,-0.151794826,0.012,0.007,0.562285924,,,
SRSF7,2.01E-05,-0.360735525,0.519,0.403,0.564170339,,,
ELOB,2.01E-05,-1.052184426,0.055,0.066,0.564247198,,,
PDCD2L,2.01E-05,-0.402281452,0.012,0.008,0.564631421,,,
NECTIN3,2.05E-05,-0.574465082,0.221,0.181,0.57532839,,,
CREG1,2.06E-05,-0.735455521,0.152,0.126,0.576431737,,,
EIF2S2,2.07E-05,-0.58667742,0.138,0.115,0.579918558,,,
SEC62,2.07E-05,-0.564254613,0.322,0.259,0.581118399,,,
DYNLL1,2.08E-05,-0.975312934,0.126,0.135,0.582765248,,,
MZT2B,2.08E-05,-1.125378996,0.05,0.061,0.583511368,,,
TUSC2,2.10E-05,-0.317812336,0.022,0.015,0.587729506,,,
CD27-AS1,2.10E-05,-0.496823318,0.052,0.041,0.589511712,,,
EAF2,2.12E-05,-1.214585247,0.045,0.055,0.593673519,,,
LINC01829,2.14E-05,-1.172732043,0.022,0.03,0.599185971,,,
GOPC,2.15E-05,-0.596093624,0.218,0.18,0.602459976,,,
PIGT,2.19E-05,-1.066394796,0.048,0.058,0.614387828,,,
N4BP2L2-IT2,2.21E-05,-0.452420899,0.032,0.024,0.619395252,,,
ZNF354C,2.22E-05,-0.576596856,0.067,0.054,0.622478233,,,
GRIN2A,2.23E-05,-2.020073317,0.011,0.018,0.625853386,,,
HSDL1,2.25E-05,-0.504461519,0.036,0.027,0.629434993,,,
PWAR6,2.25E-05,-0.577264433,0.044,0.034,0.630996113,,,
PET100,2.27E-05,-0.493634631,0.036,0.028,0.634810068,,,
HSBP1L1,2.27E-05,-1.07506104,0.035,0.044,0.635816755,,,
AC116366.2,2.29E-05,-0.563041364,0.024,0.017,0.641286865,,,
SLC39A6,2.29E-05,-0.524049502,0.049,0.039,0.641585246,,,
EDEM1,2.30E-05,-0.533350335,0.062,0.05,0.644982822,,,
GSTO1,2.30E-05,-0.929176777,0.065,0.076,0.64535367,,,
AL445472.1,2.31E-05,-0.675133964,0.126,0.104,0.646072194,,,
CBR3-AS1,2.32E-05,-0.573078639,0.072,0.058,0.650649658,,,
ERGIC2,2.33E-05,-0.568585279,0.169,0.14,0.653991939,,,
UBE2V1,2.34E-05,-0.446113981,0.031,0.023,0.65472964,,,
NOL11,2.35E-05,-0.526947023,0.071,0.058,0.65876081,,,
KAT2B,2.35E-05,-0.956471455,0.195,0.195,0.659475775,,,
SPAG9,2.37E-05,-0.40755982,0.457,0.36,0.664070054,,,
CCDC191,2.38E-05,-0.966269743,0.127,0.135,0.665810362,,,
DSCAM,2.38E-05,-0.224691133,0.013,0.009,0.666124785,,,
SERPINA1,2.39E-05,-1.417386331,0.006,0.011,0.669563454,,,
ZNF527,2.42E-05,-0.472195429,0.025,0.018,0.677223298,,,
SCFD2,2.43E-05,-0.556091945,0.352,0.28,0.682103384,,,
METRN,2.44E-05,-1.122299736,0.042,0.051,0.68351857,,,
AC079907.1,2.50E-05,-0.399075962,0.025,0.018,0.701881194,,,
SRSF2,2.52E-05,-0.950716387,0.169,0.173,0.705920397,,,
LYRM2,2.53E-05,-0.662154698,0.133,0.11,0.707863147,,,
C10orf67,2.54E-05,-1.73105607,0.008,0.014,0.712744824,,,
BRIX1,2.55E-05,-0.528835014,0.051,0.04,0.713271465,,,
TUFM,2.57E-05,-0.593002739,0.065,0.053,0.720440827,,,
PAXBP1,2.60E-05,-0.731227388,0.353,0.318,0.727810016,,,
NABP1,2.62E-05,-0.616610464,0.316,0.254,0.734207283,,,
LHX4,2.62E-05,-0.555907735,0.043,0.033,0.734921196,,,
CCDC40,2.64E-05,-1.038618612,0.084,0.095,0.74047949,,,
ELP1,2.66E-05,-0.608033115,0.108,0.089,0.744132149,,,
ZDHHC5,2.69E-05,-0.600061114,0.085,0.07,0.754087591,,,
DUSP11,2.72E-05,-0.540509469,0.089,0.073,0.761370224,,,
SARS2,2.72E-05,-0.333593024,0.012,0.008,0.76143215,,,
PATL1,2.73E-05,-0.611691676,0.103,0.085,0.765318248,,,
LLPH,2.76E-05,-0.397453916,0.042,0.032,0.774695313,,,
PPIC,2.77E-05,-1.256398364,0.039,0.048,0.776415604,,,
PHLDA1,2.79E-05,-1.717457152,0.007,0.012,0.781136528,,,
ANGEL1,2.82E-05,-0.582475338,0.052,0.041,0.788981791,,,
ZNF621,2.82E-05,-0.619512954,0.09,0.074,0.791109349,,,
CASP2,2.87E-05,-1.215647734,0.034,0.043,0.804102898,,,
CLPP,2.88E-05,-0.511556304,0.036,0.027,0.807633842,,,
LPP-AS1,2.90E-05,-0.459848139,0.024,0.017,0.812734506,,,
STARD8,2.91E-05,-1.350215415,0.025,0.033,0.815792824,,,
RRN3P2,2.94E-05,-0.544016224,0.051,0.04,0.823360446,,,
C1QTNF3,2.97E-05,-1.564466404,0.011,0.017,0.831730763,,,
OGFOD1,2.97E-05,-0.567541283,0.085,0.07,0.832498968,,,
AC012146.1,2.98E-05,-0.416798872,0.012,0.007,0.834398043,,,
CIB1,2.99E-05,-0.454474151,0.041,0.032,0.839296357,,,
GUK1,3.00E-05,-1.02082373,0.072,0.083,0.839435608,,,
SPICE1,3.05E-05,-0.969905833,0.131,0.139,0.855430541,,,
AC244093.5,3.05E-05,-0.305890587,0.011,0.007,0.855739834,,,
RBBP7,3.08E-05,-0.534798168,0.116,0.097,0.861811203,,,
FRRS1,3.08E-05,-0.494193236,0.076,0.062,0.864023135,,,
AL354989.1,3.14E-05,-0.484482307,0.028,0.021,0.878632051,,,
TAOK2,3.14E-05,-1.270980478,0.023,0.031,0.878873563,,,
KBTBD11-OT1,3.17E-05,-1.483146626,0.009,0.014,0.88773315,,,
PKD1,3.17E-05,-0.559590083,0.106,0.088,0.887964069,,,
B9D1,3.18E-05,-1.006877214,0.056,0.067,0.891475977,,,
FANCF,3.19E-05,-1.49992386,0.01,0.016,0.8940225,,,
ZNHIT6,3.19E-05,-0.543494003,0.211,0.175,0.894080495,,,
SF3B5,3.24E-05,-1.032736435,0.028,0.036,0.90750145,,,
KCNJ14,3.24E-05,-0.172182653,0.016,0.011,0.909244686,,,
OPCML,3.30E-05,-0.613219104,0.017,0.011,0.923662632,,,
ZNF324B,3.32E-05,-0.399248629,0.019,0.013,0.93129194,,,
ARNTL,3.33E-05,-0.642238597,0.068,0.055,0.931985235,,,
EGFL8,3.35E-05,-0.303019713,0.011,0.006,0.937575913,,,
PTPRU,3.35E-05,-0.50231292,0.027,0.02,0.939764814,,,
04-Sep,3.38E-05,-0.579533158,0.02,0.014,0.946048093,,,
SDSL,3.39E-05,-1.714566293,0.005,0.01,0.949045408,,,
SHC4,3.39E-05,-1.728213374,0.009,0.015,0.949493029,,,
SUMO3,3.39E-05,-1.02957873,0.02,0.027,0.95107639,,,
DENND6A-AS1,3.47E-05,-0.641841248,0.215,0.177,0.973599031,,,
LAMTOR3,3.49E-05,-0.432825842,0.05,0.04,0.978245294,,,
CTSC,3.52E-05,-1.236811485,0.18,0.18,0.985545993,,,
AAGAB,3.54E-05,-0.646569187,0.113,0.093,0.993099141,,,
SLC45A4,3.57E-05,-1.183525461,0.059,0.069,1,,,
AL137782.1,3.57E-05,-0.431440278,0.03,0.022,1,,,
TSR1,3.57E-05,-0.550676551,0.047,0.037,1,,,
AC096887.1,3.65E-05,-0.338466794,0.036,0.028,1,,,
CCDC57,3.66E-05,-0.970296615,0.167,0.17,1,,,
AC127024.5,3.67E-05,-0.362463681,0.013,0.008,1,,,
DNAJC4,3.68E-05,-0.445879876,0.027,0.02,1,,,
SF3A2,3.69E-05,-0.596814725,0.049,0.039,1,,,
KIF26B,3.74E-05,-0.880531163,0.052,0.041,1,,,
AC097634.2,3.74E-05,-0.414055759,0.02,0.014,1,,,
ART4,3.75E-05,-0.729425913,0.031,0.023,1,,,
UMAD1,3.87E-05,-0.359264686,0.02,0.014,1,,,
FBRS,3.95E-05,-0.529787663,0.059,0.048,1,,,
AC007285.2,3.96E-05,-0.413312743,0.021,0.015,1,,,
MED23,3.97E-05,-0.596933476,0.188,0.156,1,,,
AC106707.1,4.00E-05,-0.298593025,0.015,0.01,1,,,
BBS5,4.05E-05,-0.249061914,0.021,0.015,1,,,
ZNF79,4.06E-05,-0.319143474,0.02,0.014,1,,,
YWHAB,4.07E-05,-1.056963247,0.148,0.154,1,,,
GNB2,4.08E-05,-1.114200269,0.038,0.047,1,,,
RBMXL1,4.11E-05,-0.508547562,0.026,0.019,1,,,
MAP1B,4.14E-05,-0.831090102,0.202,0.203,1,,,
AC009084.1,4.14E-05,-0.340593751,0.01,0.006,1,,,
C3orf38,4.16E-05,-0.542289934,0.078,0.064,1,,,
UBE2N,4.20E-05,-0.583074678,0.111,0.093,1,,,
TUBA4A,4.21E-05,-1.868571932,0.006,0.01,1,,,
TMEM161B,4.21E-05,-0.567143194,0.145,0.121,1,,,
AC018878.1,4.22E-05,-1.703809855,0.007,0.012,1,,,
PSMD10,4.28E-05,-0.190154502,0.016,0.011,1,,,
SLC2A13,4.34E-05,-1.180724873,0.117,0.125,1,,,
UBXN4,4.35E-05,-0.742708199,0.328,0.301,1,,,
PFDN5,4.39E-05,-0.987017479,0.163,0.167,1,,,
SLC39A7,4.47E-05,-0.533731001,0.044,0.034,1,,,
ZNF77,4.48E-05,-0.47556138,0.019,0.014,1,,,
MAPK13,4.50E-05,-1.69155287,0.007,0.012,1,,,
XKR6,4.55E-05,-0.849460441,0.217,0.215,1,,,
ZDBF2,4.55E-05,-0.599524302,0.088,0.072,1,,,
ETAA1,4.57E-05,-0.606888379,0.101,0.084,1,,,
TCEAL8,4.58E-05,-1.321874038,0.02,0.027,1,,,
LINC02224,4.62E-05,-0.701500452,0.024,0.017,1,,,
ASIP,4.65E-05,-0.390502676,0.019,0.013,1,,,
NDUFA3,4.67E-05,-0.477460486,0.047,0.037,1,,,
FAM208A,4.70E-05,-0.562686854,0.272,0.223,1,,,
POLA2,4.70E-05,-0.547674636,0.064,0.052,1,,,
AC008764.7,4.71E-05,-0.199465126,0.01,0.006,1,,,
JADE2,4.73E-05,-0.621839041,0.084,0.069,1,,,
SNAP47,4.75E-05,-0.542517781,0.068,0.055,1,,,
RFC4,4.76E-05,-1.221537595,0.017,0.024,1,,,
LINC02307,4.83E-05,-0.353141016,0.019,0.014,1,,,
NXF1,4.84E-05,-0.51745252,0.066,0.054,1,,,
KCNQ5,4.88E-05,-2.504494821,0.013,0.019,1,,,
AC005759.1,4.89E-05,-1.603533349,0.008,0.013,1,,,
C4orf3,4.93E-05,-0.603455346,0.1,0.083,1,,,
NOL4L,4.94E-05,-1.37928676,0.048,0.057,1,,,
TDP1,4.96E-05,-0.616905857,0.063,0.051,1,,,
RSBN1L,4.97E-05,-0.545612218,0.301,0.245,1,,,
MRPL54,4.97E-05,-0.472827486,0.042,0.033,1,,,
TRAPPC4,4.97E-05,-0.476025814,0.05,0.04,1,,,
UBE2D1,4.98E-05,-0.572238973,0.067,0.055,1,,,
DCTN1,5.00E-05,-1.165088479,0.046,0.055,1,,,
CLEC3B,5.01E-05,-1.748226796,0.007,0.012,1,,,
SMC3,5.01E-05,-0.597121882,0.169,0.141,1,,,
NDFIP2,5.04E-05,-0.611884155,0.147,0.123,1,,,
INSIG2,5.06E-05,-1.084335518,0.047,0.056,1,,,
MLF2,5.11E-05,-0.528755991,0.08,0.066,1,,,
PRDM11,5.14E-05,-1.21493313,0.04,0.049,1,,,
HENMT1,5.21E-05,-0.272285341,0.013,0.009,1,,,
POLR3K,5.22E-05,-0.386636095,0.015,0.01,1,,,
FAM66D,5.26E-05,-0.571261898,0.029,0.022,1,,,
PKD1L3,5.26E-05,-0.511326511,0.081,0.067,1,,,
MRTO4,5.26E-05,-0.516649813,0.039,0.03,1,,,
PLPBP,5.34E-05,-0.526204775,0.065,0.052,1,,,
DYRK1A,5.36E-05,-0.650069321,0.428,0.373,1,,,
CACNA1A,5.36E-05,-0.914234843,0.035,0.027,1,,,
RALGAPA1,5.37E-05,-0.559745862,0.49,0.419,1,,,
DBP,5.41E-05,-0.383605017,0.036,0.027,1,,,
FBXL8,5.42E-05,-0.382667084,0.028,0.021,1,,,
PKIA,5.45E-05,-1.193977911,0.03,0.039,1,,,
AP4S1,5.46E-05,-0.65260332,0.063,0.051,1,,,
RDH11,5.46E-05,-0.560726604,0.079,0.065,1,,,
AC084816.1,5.46E-05,-0.215061246,0.01,0.006,1,,,
MRFAP1L1,5.47E-05,-0.468218698,0.034,0.026,1,,,
FIBP,5.48E-05,-1.303884094,0.013,0.02,1,,,
ALG2,5.49E-05,-0.486143968,0.039,0.03,1,,,
DNMBP,5.49E-05,-1.00716229,0.126,0.134,1,,,
RFC2,5.54E-05,-1.447866678,0.017,0.024,1,,,
SLC5A11,5.60E-05,-0.352967755,0.023,0.016,1,,,
PLPPR2,5.67E-05,-1.355830714,0.014,0.02,1,,,
TBX2,5.68E-05,-2.329933968,0.008,0.013,1,,,
RCBTB1,5.76E-05,-1.173840038,0.042,0.051,1,,,
AL590705.5,5.84E-05,-0.424238502,0.011,0.007,1,,,
AC008080.3,5.85E-05,-0.183154008,0.013,0.008,1,,,
UBE2J1,5.86E-05,-0.68056857,0.114,0.095,1,,,
SMARCA4,5.88E-05,-1.018056296,0.114,0.123,1,,,
U2AF2,5.88E-05,-0.537166835,0.061,0.049,1,,,
APOL2,5.90E-05,-1.062560892,0.051,0.061,1,,,
CCDC134,5.93E-05,-0.426686329,0.027,0.02,1,,,
SBDS,5.94E-05,-0.517411923,0.058,0.046,1,,,
PPP1CA,6.01E-05,-1.143605071,0.051,0.06,1,,,
ZNF141,6.02E-05,-0.577967252,0.184,0.154,1,,,
EMC6,6.05E-05,-0.430557266,0.035,0.027,1,,,
AC020663.1,6.08E-05,-0.166344262,0.01,0.006,1,,,
OXR1,6.14E-05,-0.452769013,0.488,0.381,1,,,
ISG20,6.19E-05,-2.269007029,0.006,0.01,1,,,
GAB1,6.30E-05,-0.449149606,0.455,0.362,1,,,
STAM2,6.35E-05,-0.566009414,0.215,0.179,1,,,
CACNG4,6.38E-05,-1.357350531,0.006,0.01,1,,,
FAM110A,6.39E-05,-1.517240832,0.009,0.014,1,,,
C4orf48,6.41E-05,-1.039419965,0.018,0.025,1,,,
PCDHGA10,6.48E-05,-1.285440195,0.028,0.036,1,,,
APOE,6.50E-05,-0.69053982,0.218,0.18,1,,,
KRI1,6.50E-05,-0.472214965,0.043,0.034,1,,,
COX6C,6.51E-05,-0.68655476,0.142,0.118,1,,,
TLR8,6.54E-05,-1.707618894,0.005,0.01,1,,,
ALKBH7,6.58E-05,-1.057456603,0.025,0.033,1,,,
ERG28,6.59E-05,-0.417660752,0.038,0.03,1,,,
TMEM64,6.61E-05,-0.632076239,0.085,0.07,1,,,
AL512625.1,6.75E-05,0.151038838,0.01,0.006,1,,,
ACYP1,6.77E-05,-1.093792712,0.054,0.063,1,,,
GSEC,6.79E-05,-0.306769523,0.012,0.008,1,,,
SDAD1,6.82E-05,-0.575800532,0.113,0.094,1,,,
CENPB,6.84E-05,-1.496398442,0.007,0.012,1,,,
PTDSS2,6.88E-05,-0.533389951,0.068,0.056,1,,,
EDNRA,6.88E-05,-0.591825467,0.072,0.059,1,,,
DNAJC15,6.95E-05,-0.563844665,0.117,0.098,1,,,
BRCC3,7.03E-05,-0.553154848,0.089,0.074,1,,,
AC040160.1,7.03E-05,-1.594600631,0.006,0.01,1,,,
FES,7.04E-05,-1.209752519,0.031,0.039,1,,,
HAS3,7.05E-05,-0.494400965,0.01,0.006,1,,,
SLC22A15,7.14E-05,-1.18865553,0.041,0.05,1,,,
PDZD8,7.17E-05,-0.612309745,0.154,0.129,1,,,
ADAMTS18,7.19E-05,-2.083059111,0.013,0.019,1,,,
NARFL,7.21E-05,-0.36478524,0.04,0.032,1,,,
GLB1L,7.23E-05,-0.38975484,0.041,0.032,1,,,
AC002985.1,7.24E-05,-0.381953456,0.011,0.007,1,,,
TMED10,7.26E-05,-0.636199933,0.199,0.166,1,,,
LIPA,7.27E-05,-1.031375047,0.156,0.16,1,,,
AL449983.1,7.33E-05,-0.480862315,0.069,0.056,1,,,
AC091180.5,7.37E-05,-0.531475898,0.011,0.007,1,,,
TMEM99,7.38E-05,-0.33757357,0.024,0.017,1,,,
CYP8B1,7.41E-05,-0.408731082,0.016,0.011,1,,,
PTPN23,7.45E-05,-0.550219102,0.052,0.042,1,,,
LRP6,7.46E-05,-1.007202972,0.174,0.174,1,,,
NUSAP1,7.47E-05,-0.515580253,0.012,0.008,1,,,
RPA2,7.47E-05,-0.524386054,0.071,0.059,1,,,
AC078909.1,7.58E-05,-1.326812857,0.017,0.024,1,,,
NONO,7.60E-05,-0.522787703,0.1,0.084,1,,,
HIST1H1E,7.62E-05,-1.234879636,0.018,0.024,1,,,
ISG20L2,7.83E-05,-0.429639158,0.032,0.025,1,,,
KIAA0100,7.84E-05,-0.616308335,0.099,0.082,1,,,
ARHGAP19,7.98E-05,-1.44479753,0.005,0.01,1,,,
GJA4,8.05E-05,-1.976813938,0.005,0.01,1,,,
CLIP1-AS1,8.10E-05,-0.451354617,0.017,0.012,1,,,
AL356481.1,8.17E-05,-0.526650405,0.033,0.025,1,,,
AC092069.1,8.17E-05,-1.167125284,0.02,0.027,1,,,
LRCH4,8.20E-05,-1.760741296,0.005,0.01,1,,,
DDX20,8.22E-05,-0.546599634,0.036,0.028,1,,,
AL158055.1,8.25E-05,-1.499541801,0.01,0.015,1,,,
VPS41,8.26E-05,-0.540679578,0.276,0.227,1,,,
ZBTB20-AS3,8.26E-05,-0.257540163,0.014,0.01,1,,,
AC007292.3,8.35E-05,-0.204593966,0.012,0.008,1,,,
FP565260.6,8.42E-05,-0.146189399,0.01,0.006,1,,,
RAB4A,8.54E-05,-0.60600606,0.079,0.065,1,,,
NDUFAF3,8.57E-05,-0.491945223,0.036,0.028,1,,,
EEF1B2,8.58E-05,-0.989514428,0.066,0.076,1,,,
TMEM178B,8.59E-05,-1.280924579,0.043,0.052,1,,,
STAU1,8.60E-05,-0.566980178,0.2,0.168,1,,,
IFT88,8.65E-05,-0.509232096,0.274,0.227,1,,,
CCHCR1,8.83E-05,-0.431446966,0.03,0.023,1,,,
AL035701.1,8.84E-05,-1.850315759,0.008,0.013,1,,,
PON2,8.85E-05,-0.601553603,0.192,0.161,1,,,
SCNN1D,8.86E-05,-0.425692012,0.012,0.008,1,,,
BCAS4,8.90E-05,-1.147054739,0.03,0.038,1,,,
GZMK,8.94E-05,-2.285300078,0.006,0.01,1,,,
GALNT8,8.95E-05,-0.416786493,0.017,0.012,1,,,
ZNF317,9.11E-05,-0.462875613,0.046,0.036,1,,,
SLC26A6,9.20E-05,-0.30759438,0.012,0.008,1,,,
GGH,9.26E-05,-0.186055796,0.016,0.011,1,,,
IL1RAPL2,9.26E-05,-1.907377917,0.017,0.024,1,,,
NDRG1,9.28E-05,-0.739451456,0.194,0.196,1,,,
BEND5,9.32E-05,-1.314621427,0.006,0.01,1,,,
AC104794.2,9.63E-05,-1.545628882,0.012,0.017,1,,,
MCUR1,9.71E-05,-0.616414789,0.06,0.049,1,,,
AL590542.1,9.73E-05,-0.251807939,0.015,0.011,1,,,
ABCG5,9.76E-05,-0.48513031,0.019,0.013,1,,,
TMEM208,9.85E-05,-0.629800787,0.071,0.058,1,,,
NDUFA4L2,9.88E-05,-1.814101499,0.005,0.01,1,,,
SON,0.000102077,-0.353842504,0.712,0.58,1,,,
LINC02486,0.000103378,-0.483571229,0.02,0.014,1,,,
ZNF433,0.000103764,-0.519813324,0.015,0.01,1,,,
MIAT,0.000103832,-1.660709025,0.011,0.016,1,,,
GRIN2C,0.00010399,-0.272742308,0.017,0.011,1,,,
WDR89,0.000105063,-0.535751343,0.046,0.037,1,,,
WDR90,0.000105113,-1.191066833,0.024,0.032,1,,,
FAAP100,0.000105686,-0.432121127,0.022,0.016,1,,,
DDOST,0.000105968,-1.053955456,0.071,0.081,1,,,
OSTM1,0.000106047,-0.567689864,0.096,0.08,1,,,
ATF7IP2,0.000106176,-0.880419209,0.27,0.254,1,,,
ZNF444,0.000106989,-0.528078109,0.051,0.041,1,,,
GAA,0.000107436,-1.153271969,0.05,0.06,1,,,
BORCS7-ASMT,0.000107659,-0.462504343,0.03,0.023,1,,,
ANKHD1,0.000108163,-0.4828912,0.032,0.025,1,,,
BCL10,0.000108481,-1.076064111,0.028,0.035,1,,,
VLDLR,0.000108687,-0.564618002,0.128,0.107,1,,,
KDELC2,0.000109528,-1.168303324,0.033,0.041,1,,,
PAK2,0.000109966,-0.60803505,0.281,0.23,1,,,
PRPF38A,0.000110911,-0.631685671,0.066,0.054,1,,,
CHODL,0.000111461,-1.725995981,0.013,0.019,1,,,
BNIP2,0.000111813,-0.674139021,0.135,0.113,1,,,
IRAK3,0.000111939,-0.559200415,0.377,0.347,1,,,
ANKRD10,0.000111971,-0.476384221,0.411,0.326,1,,,
PPHLN1,0.00011227,-0.506536157,0.339,0.275,1,,,
PPM1H,0.000112598,-0.938629674,0.045,0.036,1,,,
ZNF354B,0.000113577,-0.640136836,0.068,0.056,1,,,
ZNF224,0.000113605,-0.622625711,0.115,0.096,1,,,
SRD5A1,0.000114188,-1.289291226,0.032,0.04,1,,,
HCST,0.000114532,-1.341545651,0.024,0.031,1,,,
CRAMP1,0.000114669,-0.58648164,0.056,0.045,1,,,
PPP1R14B,0.000115847,-1.330414133,0.015,0.021,1,,,
LUC7L3,0.000116311,-0.124781806,0.849,0.675,1,,,
BCAR1,0.000116577,-1.240839457,0.04,0.049,1,,,
COL4A4,0.000116996,-0.509888662,0.016,0.011,1,,,
ICK,0.000118029,-0.635570942,0.087,0.072,1,,,
WDR49,0.000118955,-0.52408574,0.032,0.025,1,,,
SPATA20,0.000119695,-0.539454732,0.037,0.029,1,,,
CDK4,0.000120004,-0.443232343,0.051,0.041,1,,,
AC008277.1,0.000120691,-0.449986396,0.036,0.028,1,,,
FAM117A,0.000122045,-1.145500813,0.052,0.061,1,,,
COA4,0.000123218,-0.431387184,0.045,0.036,1,,,
BBS12,0.00012394,-1.367922355,0.014,0.02,1,,,
TMA7,0.000124159,-0.553335866,0.074,0.061,1,,,
MAPK14,0.000124576,-0.510156861,0.322,0.263,1,,,
KPNA3,0.000125128,-0.647788746,0.177,0.148,1,,,
CYP4Z1,0.00012595,-1.374565679,0.01,0.015,1,,,
LMO2,0.000126168,-0.555456398,0.045,0.036,1,,,
RANBP1,0.000127375,-0.658762777,0.048,0.039,1,,,
PCM1,0.000127746,-0.25197789,0.627,0.487,1,,,
TLN1,0.00012802,-0.898057932,0.178,0.18,1,,,
SEPT4-AS1,0.000129133,-0.460720621,0.013,0.009,1,,,
AC009061.2,0.000130253,-0.614104802,0.083,0.069,1,,,
BRD7,0.000131828,-0.646083404,0.151,0.127,1,,,
AC004771.4,0.000132746,-0.242872316,0.01,0.006,1,,,
SUFU,0.000134085,-1.007858362,0.133,0.139,1,,,
TMEM2,0.000134316,-0.954729433,0.213,0.209,1,,,
TCTN2,0.000134817,-1.004529264,0.039,0.047,1,,,
STAT6,0.000134881,-0.841875958,0.17,0.174,1,,,
IPO8,0.000135509,-0.591799331,0.132,0.111,1,,,
CELF4,0.000136006,-0.690161882,0.026,0.019,1,,,
METTL21A,0.000136194,-0.661047476,0.155,0.13,1,,,
NDRG3,0.000136897,-1.126515409,0.064,0.073,1,,,
DPCD,0.00013748,-0.567610353,0.05,0.04,1,,,
AC098484.3,0.000138308,-0.476124192,0.013,0.008,1,,,
LRRC57,0.000139387,-0.462838082,0.05,0.041,1,,,
RFX5,0.000139581,-0.391823906,0.02,0.015,1,,,
BISPR,0.000140466,-2.083524327,0.006,0.01,1,,,
FNDC5,0.000140536,-1.567248879,0.007,0.011,1,,,
KHDC1,0.000140897,-0.975899657,0.06,0.069,1,,,
AC018816.1,0.000141786,-1.378331001,0.05,0.059,1,,,
ITGAV,0.000141975,-0.858396287,0.194,0.193,1,,,
FLYWCH2,0.000142356,-0.536422508,0.041,0.032,1,,,
LINC01344,0.00014304,-1.678007427,0.01,0.015,1,,,
IGKC,0.000143176,-1.712847518,0.038,0.029,1,,,
ZNF557,0.000143399,-0.55091731,0.051,0.041,1,,,
KDELR3,0.000144112,-0.424260838,0.035,0.027,1,,,
TMEM199,0.000144653,-0.469554282,0.016,0.011,1,,,
ZBTB45,0.00014546,-0.395261288,0.013,0.009,1,,,
CPSF1,0.000145798,-0.487788551,0.038,0.03,1,,,
KCNAB1,0.000145993,-1.732075928,0.103,0.085,1,,,
MAP2K4,0.000146024,-0.519420003,0.313,0.256,1,,,
TRPM2,0.000146411,-1.641951888,0.029,0.037,1,,,
LINC02021,0.000146809,-1.578312181,0.007,0.012,1,,,
AL080317.2,0.000146878,-0.311246323,0.012,0.008,1,,,
TPGS2,0.000149653,-0.584405823,0.099,0.083,1,,,
GRID2,0.000150549,-1.390392001,0.025,0.018,1,,,
EXOG,0.000151063,-0.582512248,0.107,0.09,1,,,
AHCY,0.000151569,-0.483437953,0.03,0.023,1,,,
TAF3,0.000153427,-0.619309008,0.257,0.212,1,,,
RPL18A,0.000153518,-1.224057596,0.017,0.023,1,,,
PSMA2,0.000154411,-0.486997559,0.034,0.027,1,,,
CYP4V2,0.00015469,-1.047398585,0.075,0.084,1,,,
AC015795.2,0.000157229,-1.724992909,0.01,0.015,1,,,
NAA16,0.000157468,-0.636840258,0.199,0.166,1,,,
AC004551.1,0.000157856,-0.651531368,0.069,0.057,1,,,
SLC7A8,0.000158226,-0.693058196,0.106,0.088,1,,,
SERBP1,0.000159353,-0.626529459,0.164,0.138,1,,,
SYCP2,0.000159474,-1.689553714,0.01,0.015,1,,,
CENPO,0.000159618,-1.466872002,0.018,0.025,1,,,
PGAM2,0.000159767,-0.394142284,0.017,0.012,1,,,
AC018647.1,0.000160432,-0.223035379,0.015,0.011,1,,,
LINC02306,0.000161017,-0.630208901,0.012,0.008,1,,,
POMT1,0.000161841,-0.636695276,0.054,0.043,1,,,
LRRN1,0.000162414,-0.55183562,0.083,0.069,1,,,
CD3D,0.000162556,-1.885102996,0.007,0.011,1,,,
ATP5D,0.000162888,-0.60798996,0.074,0.062,1,,,
SSPN,0.000166556,-0.636177071,0.112,0.094,1,,,
LLGL2,0.000167603,-1.26341334,0.036,0.044,1,,,
TMEM67,0.000169139,-1.003739016,0.098,0.107,1,,,
BZW1,0.000169146,-0.531898606,0.07,0.058,1,,,
TOR3A,0.000169635,-0.467330421,0.039,0.031,1,,,
PPM1M,0.000170157,-1.13806294,0.016,0.023,1,,,
MRGPRF,0.000170958,-1.271421106,0.035,0.043,1,,,
GCC1,0.000171257,-0.473553636,0.016,0.011,1,,,
STN1,0.000171674,-0.599213448,0.063,0.052,1,,,
SNRNP25,0.000173102,-0.384839181,0.016,0.012,1,,,
ZNF599,0.00017491,-0.438059617,0.022,0.017,1,,,
LRP8,0.000175707,-1.688512113,0.007,0.012,1,,,
KDM5D,0.000175908,-0.632655123,0.102,0.084,1,,,
KIAA0513,0.000176064,-0.536644342,0.037,0.029,1,,,
RAB13,0.000177605,-0.962814498,0.028,0.035,1,,,
ZNF274,0.000177837,-0.624994133,0.093,0.078,1,,,
RBM39,0.000178341,-0.302477762,0.745,0.602,1,,,
MAP3K4,0.000179605,-0.606753773,0.211,0.176,1,,,
AP000692.1,0.000182512,-0.185505343,0.013,0.009,1,,,
TRRAP,0.000182658,-0.597405737,0.212,0.177,1,,,
S100A8,0.000183077,-1.133173502,0.031,0.039,1,,,
TREM2,0.000183274,-1.124648105,0.011,0.016,1,,,
C15orf39,0.000183331,-0.146291987,0.01,0.006,1,,,
RAB36,0.000183983,-1.448481869,0.008,0.012,1,,,
10-Sep,0.000184566,-0.904395529,0.139,0.145,1,,,
RSPO4,0.000184828,-0.148053876,0.01,0.007,1,,,
RABGGTA,0.000186362,-1.378960102,0.01,0.015,1,,,
ZSWIM4,0.000190061,-1.31284069,0.024,0.031,1,,,
CASP6,0.000191499,-1.121193701,0.066,0.075,1,,,
GHDC,0.000191558,-1.324565445,0.015,0.021,1,,,
ZC3HAV1L,0.000191571,-1.366652159,0.015,0.02,1,,,
THAP11,0.000193042,-1.259669686,0.006,0.011,1,,,
SETDB2,0.000193612,-0.979557653,0.097,0.105,1,,,
ZNF12,0.000194341,-0.558663565,0.061,0.05,1,,,
SCARNA15,0.000195989,-0.384610891,0.012,0.008,1,,,
RPL21,0.000197272,-0.639504477,0.054,0.044,1,,,
DXO,0.000198026,-0.412826949,0.019,0.014,1,,,
HMGCR,0.00019929,-0.491791149,0.041,0.033,1,,,
CXCR4,0.000201528,-1.787571277,0.008,0.013,1,,,
RAB3D,0.000201628,-1.315035752,0.021,0.027,1,,,
AL031595.3,0.000202121,-0.470872016,0.024,0.018,1,,,
ILF2,0.000202719,-0.578802788,0.052,0.042,1,,,
AL133338.1,0.000204259,-0.331428117,0.013,0.008,1,,,
FANCE,0.000204663,-0.347103418,0.014,0.009,1,,,
ASNSD1,0.000205287,-0.562070092,0.071,0.059,1,,,
NFKBIB,0.000206059,-0.332477822,0.018,0.013,1,,,
NBPF1,0.000206682,-1.126226751,0.048,0.057,1,,,
STK19,0.000206882,-1.143622424,0.039,0.048,1,,,
MR1,0.00020781,-0.622960793,0.095,0.08,1,,,
DPAGT1,0.000208416,-0.487658858,0.03,0.023,1,,,
TRAC,0.000210243,-2.041356763,0.006,0.01,1,,,
PGBD4,0.000211557,-0.134757709,0.011,0.007,1,,,
PAX8,0.000212894,-1.090987995,0.114,0.121,1,,,
ARL17A,0.000214374,-0.591751312,0.044,0.035,1,,,
FAM89B,0.000214631,-1.31112181,0.014,0.02,1,,,
ZNF304,0.000214668,-0.453263486,0.017,0.012,1,,,
ENTPD4,0.000217409,-0.623263903,0.09,0.075,1,,,
RPN1,0.000219154,-1.029776563,0.077,0.086,1,,,
MYOC,0.000219822,-1.922193453,0.013,0.018,1,,,
JTB,0.00022184,-0.566049908,0.083,0.07,1,,,
CNOT7,0.000222057,-0.62066992,0.094,0.079,1,,,
AP002892.1,0.000222951,-0.445303262,0.017,0.012,1,,,
ZNF365,0.000223332,-0.55650115,0.01,0.007,1,,,
RC3H2,0.000223356,-0.869790183,0.195,0.193,1,,,
AC108134.2,0.000223439,-0.350790367,0.011,0.007,1,,,
DNAJC25,0.000224363,-0.356065,0.036,0.028,1,,,
VWA1,0.000224792,-0.501142058,0.01,0.006,1,,,
AC114763.1,0.000228516,-0.660382962,0.11,0.092,1,,,
AUP1,0.000230626,-0.586395746,0.074,0.062,1,,,
SELENOK,0.000230757,-1.095790824,0.029,0.036,1,,,
SLC35B4,0.000230931,-0.551748418,0.064,0.053,1,,,
FAM69B,0.000234677,-1.680208248,0.006,0.01,1,,,
MYL6B,0.000235198,-0.467111741,0.047,0.038,1,,,
LINC01909,0.000235731,-0.172185365,0.013,0.009,1,,,
BAZ1A,0.000235981,-0.64216738,0.252,0.208,1,,,
AC009779.2,0.000237922,-0.413368579,0.011,0.007,1,,,
CWC27,0.000238706,-0.594051565,0.265,0.218,1,,,
GNL2,0.000239466,-0.649240427,0.062,0.051,1,,,
KLHL11,0.000240593,-0.446127915,0.017,0.012,1,,,
SGMS2,0.000243149,-0.805038248,0.126,0.134,1,,,
NECTIN1,0.000244832,-1.537053639,0.007,0.011,1,,,
KIF3B,0.000244991,-1.078198985,0.06,0.069,1,,,
PTCH2,0.000245273,-0.7679563,0.023,0.017,1,,,
TLR5,0.000245349,-1.100050349,0.053,0.061,1,,,
ANKRD55,0.000245395,-1.592222666,0.006,0.01,1,,,
SAAL1,0.000249719,-0.523201391,0.04,0.032,1,,,
HVCN1,0.000249842,-0.990442033,0.084,0.093,1,,,
AC244517.10,0.000250673,-1.688578535,0.007,0.012,1,,,
PIAS3,0.000252319,-0.627106456,0.033,0.026,1,,,
NME6,0.000252548,-0.346626122,0.019,0.014,1,,,
WRB,0.000253252,-0.605845761,0.073,0.061,1,,,
DVL3,0.00025376,-0.581917751,0.085,0.071,1,,,
C10orf105,0.000255134,-1.629060704,0.007,0.011,1,,,
KDM5B,0.000255584,-0.819018561,0.198,0.196,1,,,
IMMP1L,0.000255693,-0.641307981,0.154,0.13,1,,,
AL049840.4,0.000256266,-0.293789822,0.018,0.013,1,,,
PROSER3,0.000256375,-1.256357577,0.028,0.036,1,,,
GALNT1,0.00025704,-0.891052298,0.203,0.2,1,,,
STAG3,0.000259998,-0.6731837,0.053,0.043,1,,,
B3GLCT,0.000260632,-1.192682128,0.046,0.054,1,,,
CCDC149,0.000264127,-1.039424829,0.082,0.091,1,,,
ZNF182,0.000265461,-0.165198945,0.023,0.017,1,,,
ZNF718,0.000265491,-0.682875456,0.15,0.126,1,,,
EHD1,0.000266416,-1.087911031,0.04,0.048,1,,,
C10orf95,0.000266582,-1.453946997,0.008,0.013,1,,,
LINC01273,0.000266597,-0.161364162,0.011,0.007,1,,,
PCDH15,0.000271777,-0.722832465,0.019,0.014,1,,,
ZNF687,0.000274512,-0.389606518,0.014,0.01,1,,,
PRICKLE3,0.000276588,-0.352662236,0.014,0.01,1,,,
ZNF620,0.000276625,-0.148305035,0.015,0.011,1,,,
LTB,0.000276989,-2.051445903,0.007,0.011,1,,,
ZNF672,0.000277213,-0.281305506,0.017,0.012,1,,,
ZNF616,0.00027801,-0.479619209,0.032,0.025,1,,,
UPP1,0.000280026,-1.364088587,0.016,0.022,1,,,
CMTM7,0.000281625,-1.141981177,0.121,0.126,1,,,
SLC38A7,0.000282402,-0.458372501,0.04,0.032,1,,,
KRT10,0.000282779,-0.664937108,0.074,0.062,1,,,
GUF1,0.000283591,-0.659340678,0.091,0.076,1,,,
NDUFAF8,0.000285227,-0.591609687,0.088,0.074,1,,,
CD302,0.000285827,-0.690357031,0.075,0.062,1,,,
AC013643.2,0.000285918,-0.5375853,0.047,0.038,1,,,
AP001469.3,0.000286842,-0.172477229,0.011,0.007,1,,,
CLCC1,0.000290355,-0.539451528,0.065,0.053,1,,,
GRM8,0.000291443,-0.503050857,0.015,0.011,1,,,
SH3BGRL2,0.000293658,-0.957101771,0.066,0.055,1,,,
USP1,0.000293764,-1.073442561,0.051,0.06,1,,,
FIP1L1,0.000295045,-0.554618368,0.063,0.052,1,,,
RNF220,0.000296634,-1.609243324,0.039,0.047,1,,,
ZFP91,0.000298584,-0.52526298,0.032,0.025,1,,,
Z95331.1,0.000299422,-0.586999598,0.046,0.037,1,,,
C12orf60,0.000299947,-1.435597684,0.042,0.049,1,,,
ADAMTS16,0.000301686,-1.46392313,0.072,0.059,1,,,
DGKB,0.00030199,-1.075933804,0.023,0.017,1,,,
ROM1,0.000302033,-1.189464754,0.009,0.014,1,,,
TRIT1,0.000302991,-0.595258669,0.107,0.09,1,,,
ZNF582-AS1,0.000305699,-0.289181238,0.015,0.011,1,,,
SLC45A1,0.000306318,-0.353995646,0.013,0.009,1,,,
PCDHB16,0.000308552,-1.102094457,0.006,0.01,1,,,
CCP110,0.000309158,-0.987456408,0.07,0.079,1,,,
NOM1,0.000310323,-0.628482201,0.087,0.073,1,,,
AC127526.4,0.00031069,-1.608506177,0.006,0.01,1,,,
CLDN4,0.000312637,-1.634343771,0.006,0.01,1,,,
AC114760.2,0.000313079,-0.84587927,0.057,0.046,1,,,
PRKCSH,0.00031312,-1.056194275,0.041,0.049,1,,,
FRS3,0.000314504,-0.600991163,0.042,0.033,1,,,
ALG1L9P,0.000316082,-0.329445875,0.012,0.008,1,,,
LRRC19,0.000316091,-0.498652468,0.037,0.029,1,,,
CA8,0.000316249,-2.30340429,0.006,0.01,1,,,
FGF10-AS1,0.000316953,-1.009464843,0.055,0.044,1,,,
LINC00342,0.000320504,-1.400161481,0.013,0.018,1,,,
ZNF763,0.000324079,-0.467028716,0.01,0.006,1,,,
FO393401.1,0.000327078,-0.619353206,0.055,0.045,1,,,
AC004158.1,0.000329823,-0.486711943,0.021,0.016,1,,,
NFE2L2,0.000330743,-0.630256086,0.4,0.353,1,,,
AC242426.4,0.00033129,-1.150498201,0.016,0.022,1,,,
OTUD4,0.000336623,-0.612036001,0.17,0.144,1,,,
THADA,0.000336729,-0.658538018,0.408,0.357,1,,,
CISD1,0.000341188,-0.487360454,0.064,0.053,1,,,
AC097634.1,0.000341237,-1.319888172,0.012,0.018,1,,,
PCP4,0.000341563,-1.443607076,0.011,0.016,1,,,
CD151,0.000341657,-0.907052617,0.17,0.171,1,,,
AC007879.1,0.000342643,-0.499742078,0.021,0.016,1,,,
FBXL13,0.000342817,-0.808199455,0.212,0.208,1,,,
NCOA7-AS1,0.000342957,-0.680964565,0.093,0.078,1,,,
TMEM205,0.000344944,-1.003048886,0.061,0.069,1,,,
TLDC1,0.000345642,-0.631016812,0.066,0.054,1,,,
AP000763.3,0.000345686,-1.197818025,0.014,0.019,1,,,
KRR1,0.000345776,-0.655648771,0.128,0.108,1,,,
PTBP1,0.000347544,-1.008613019,0.083,0.091,1,,,
ANG,0.000349046,-0.567638896,0.039,0.031,1,,,
COPE,0.000349392,-1.083789239,0.042,0.05,1,,,
CSNK1G1,0.00035374,-0.512258798,0.042,0.034,1,,,
AC091982.2,0.000355056,-0.196695465,0.01,0.006,1,,,
ACTR8,0.00035733,-0.495184476,0.043,0.035,1,,,
MLLT1,0.000357834,-1.123674683,0.048,0.057,1,,,
POLR3G,0.000358423,-0.520256962,0.038,0.03,1,,,
ZNF283,0.000358644,-0.55965865,0.063,0.052,1,,,
NSA2,0.00036348,-0.58896023,0.089,0.075,1,,,
COX17,0.000367722,-1.083896656,0.034,0.041,1,,,
MGAT2,0.000367737,-1.122899577,0.014,0.019,1,,,
CASD1,0.000368896,-0.55686099,0.208,0.175,1,,,
APEH,0.000369737,-1.359534479,0.013,0.019,1,,,
UBE2F,0.000370897,-0.361043891,0.019,0.014,1,,,
TMEM132D,0.000372609,-0.665693598,0.017,0.012,1,,,
FRAT2,0.000373067,-1.324193278,0.008,0.012,1,,,
OAS3,0.000373867,-1.384646277,0.014,0.02,1,,,
ZNF486,0.000373941,-0.596111229,0.038,0.03,1,,,
AC023790.2,0.000373994,-1.102303204,0.011,0.016,1,,,
CNTNAP3B,0.00037477,-1.256795931,0.03,0.037,1,,,
TRA2A,0.000376207,-0.524652222,0.517,0.434,1,,,
IMPDH2,0.00038137,-1.063238191,0.031,0.038,1,,,
AMMECR1,0.000383117,-0.410731167,0.229,0.196,1,,,
SMYD2,0.000385208,-1.311333316,0.05,0.058,1,,,
TMEM246,0.00038595,-1.373285953,0.019,0.025,1,,,
ZBTB18,0.000385984,-1.097669217,0.009,0.014,1,,,
AATF,0.000385991,-0.684965249,0.136,0.115,1,,,
PCDH7,0.0003862,-1.782180514,0.032,0.039,1,,,
CHD8,0.000389714,-0.634158334,0.199,0.167,1,,,
OAZ1,0.000390016,-0.649673204,0.182,0.153,1,,,
AC020559.1,0.000391119,-1.050066891,0.036,0.044,1,,,
AC011365.1,0.000391458,-0.674273069,0.038,0.03,1,,,
USP12-AS1,0.000394523,-1.191369222,0.033,0.041,1,,,
ARHGAP27,0.000396183,-1.179579932,0.032,0.04,1,,,
TET2,0.00039825,-0.493914565,0.369,0.298,1,,,
TBX2-AS1,0.000400175,-0.851527008,0.014,0.01,1,,,
FAM177A1,0.000400918,-0.649699646,0.16,0.135,1,,,
PLEKHG5,0.000402712,-1.010497203,0.077,0.064,1,,,
LARGE-AS1,0.000403212,-0.702373928,0.045,0.036,1,,,
TMEM25,0.000403596,-1.208352782,0.02,0.026,1,,,
CSGALNACT2,0.000404838,-0.976674691,0.116,0.122,1,,,
ZMYND11,0.000405329,-0.544791398,0.341,0.276,1,,,
AC092376.1,0.000405405,-0.242207497,0.01,0.006,1,,,
SLC16A8,0.000408939,-0.142014541,0.011,0.007,1,,,
PCBP4,0.000409906,-0.394734097,0.018,0.013,1,,,
BOD1L1,0.000411996,-0.852198765,0.226,0.218,1,,,
AMN1,0.000412096,-1.016086515,0.076,0.084,1,,,
PHC1,0.000413518,-1.186311172,0.02,0.026,1,,,
CCDC25,0.000418811,-0.587357171,0.079,0.067,1,,,
AC116667.1,0.000420302,-1.822277923,0.006,0.01,1,,,
AL136531.1,0.000420944,-0.505297874,0.013,0.009,1,,,
COMTD1,0.000422019,-1.142702803,0.015,0.02,1,,,
DCAF4,0.000428036,-0.542995868,0.03,0.023,1,,,
CBR3,0.000430406,-0.573992989,0.076,0.063,1,,,
NANP,0.000433115,-0.29140198,0.016,0.011,1,,,
AMIGO2,0.000434188,-0.5471582,0.044,0.036,1,,,
EPHB2,0.000435939,-0.609597068,0.042,0.034,1,,,
WDHD1,0.000436985,-1.314412872,0.021,0.027,1,,,
AC063944.1,0.00044366,-1.209739187,0.026,0.033,1,,,
FBXO5,0.000446838,-1.110639083,0.007,0.011,1,,,
AC012593.1,0.000448301,-0.784316914,0.016,0.011,1,,,
SUMO4,0.000448908,-0.443955353,0.022,0.017,1,,,
PDCD11,0.000449528,-0.64367536,0.075,0.063,1,,,
PAM16,0.000451496,-1.508306439,0.017,0.022,1,,,
NEURL1,0.000452181,-1.546330859,0.018,0.024,1,,,
FBLN7,0.000453728,-0.572284561,0.024,0.018,1,,,
GTF3C6,0.000454725,-0.520127341,0.048,0.039,1,,,
MLEC,0.000454969,-0.989123192,0.101,0.108,1,,,
HIPK1,0.000456515,-0.658810864,0.099,0.083,1,,,
C14orf79,0.000461089,-1.214757389,0.025,0.031,1,,,
ATP11C,0.000466712,-0.617489376,0.152,0.129,1,,,
EDNRB,0.000473851,-0.900658457,0.052,0.043,1,,,
AC024896.1,0.000474684,-0.507701726,0.013,0.009,1,,,
NTHL1,0.000475707,-1.260497882,0.011,0.016,1,,,
EBNA1BP2,0.000477245,-1.008175412,0.048,0.056,1,,,
GGA3,0.000477868,-1.01607303,0.089,0.097,1,,,
THNSL1,0.00047911,-0.571278267,0.019,0.014,1,,,
CEP128,0.000481029,-0.647230264,0.174,0.147,1,,,
NLE1,0.000481853,-0.191029264,0.011,0.007,1,,,
GMPPB,0.000482536,-0.3120891,0.014,0.01,1,,,
ORAI3,0.000485254,-1.024025324,0.011,0.016,1,,,
AC011466.3,0.000499694,-1.484214876,0.013,0.019,1,,,
GLG1,0.000502356,-0.717950803,0.356,0.32,1,,,
C22orf39,0.000503764,-0.50091383,0.022,0.017,1,,,
AC012184.1,0.000503946,-0.633071375,0.029,0.022,1,,,
AL513327.1,0.000506668,-0.735245722,0.13,0.109,1,,,
LINC01772,0.000510601,-0.513625526,0.027,0.021,1,,,
CDC42SE1,0.000511239,-1.024881148,0.083,0.091,1,,,
OTX2-AS1,0.000513483,-0.213344472,0.01,0.007,1,,,
MTMR8,0.000517028,-0.432657716,0.054,0.044,1,,,
MTPN,0.000517095,-0.948397951,0.097,0.105,1,,,
NUDC,0.000521501,-0.61534003,0.087,0.074,1,,,
AP001486.2,0.000530792,-0.282630858,0.012,0.008,1,,,
FSD1L,0.000533142,-1.00321445,0.084,0.092,1,,,
BAALC-AS1,0.000540495,-1.360284872,0.045,0.052,1,,,
RBCK1,0.000544202,-0.61278718,0.097,0.082,1,,,
KIF7,0.000544584,-0.962533571,0.041,0.049,1,,,
ZNF559,0.000546877,-0.615187722,0.039,0.031,1,,,
IL20RB,0.000547926,-0.426940534,0.027,0.021,1,,,
TPI1,0.0005487,-1.066265493,0.038,0.046,1,,,
CD27,0.000555809,-0.636394995,0.013,0.009,1,,,
PHKB,0.00055879,-0.478340167,0.432,0.342,1,,,
FECH,0.000559885,-0.636411825,0.047,0.038,1,,,
AAR2,0.000563628,-0.543019409,0.039,0.031,1,,,
GRIK4,0.000565533,-0.479238845,0.011,0.008,1,,,
AC109454.2,0.000567047,-0.321886801,0.016,0.012,1,,,
UTY,0.000570434,-0.695696028,0.247,0.237,1,,,
SPOPL,0.000570764,-0.636877161,0.171,0.144,1,,,
AC068768.1,0.000577048,-0.362527711,0.014,0.01,1,,,
AP3B1,0.00057762,-0.710958744,0.406,0.35,1,,,
TINF2,0.000580895,-0.546730623,0.028,0.022,1,,,
H1F0,0.000583,-1.234132783,0.014,0.019,1,,,
CEBPD,0.000586482,-0.92565768,0.112,0.119,1,,,
PUS3,0.000592675,-0.354772237,0.023,0.017,1,,,
HNRNPLL,0.000599613,-0.621037405,0.158,0.134,1,,,
PRLR,0.000600536,-1.322965772,0.011,0.016,1,,,
NEMP2,0.000603645,-0.688798583,0.037,0.029,1,,,
COPS9,0.000608729,-1.211629309,0.028,0.035,1,,,
AC079848.1,0.000610361,-0.25034528,0.01,0.007,1,,,
IRF3,0.000614679,-0.579917705,0.115,0.098,1,,,
N4BP1,0.00061679,-0.6565559,0.221,0.184,1,,,
HPS5,0.000618328,-0.490758386,0.109,0.094,1,,,
CNBD1,0.000622912,-0.686168321,0.021,0.015,1,,,
CCDC106,0.000626788,-0.37408768,0.015,0.01,1,,,
FAM107A,0.000628627,-1.456746292,0.007,0.01,1,,,
RAP1B,0.000630609,-0.510094812,0.44,0.346,1,,,
ECH1,0.000647973,-0.573066896,0.059,0.049,1,,,
SLC25A14,0.000649243,-1.281485896,0.021,0.027,1,,,
ZNF148,0.000649432,-0.3542448,0.489,0.388,1,,,
RNF187,0.000649756,-1.266174942,0.017,0.022,1,,,
DHODH,0.000650499,-0.567220804,0.082,0.069,1,,,
ZNF275,0.000651635,-0.392405345,0.016,0.012,1,,,
ZFYVE16,0.000654509,-0.633629745,0.277,0.228,1,,,
CHERP,0.000662945,-0.62322438,0.036,0.029,1,,,
USP28,0.000669911,-0.69642489,0.066,0.055,1,,,
PLPP3,0.000672206,-0.81442296,0.179,0.15,1,,,
MAPK1,0.000672437,-0.90850894,0.234,0.223,1,,,
TMC4,0.00067312,-0.506613851,0.029,0.023,1,,,
HEATR5A,0.000674539,-0.589432623,0.152,0.129,1,,,
RRP7A,0.000678057,-0.585591253,0.048,0.04,1,,,
TAF10,0.000679436,-0.466249888,0.042,0.034,1,,,
AC007376.2,0.000684281,-1.586457517,0.012,0.016,1,,,
ARHGEF33,0.000698592,-0.371656168,0.019,0.014,1,,,
THAP2,0.000705698,-0.524920011,0.036,0.029,1,,,
DHCR24,0.000706978,-1.142695321,0.03,0.037,1,,,
ZNF649-AS1,0.000714256,-0.513129965,0.012,0.008,1,,,
AC018647.2,0.000714749,-0.175318046,0.014,0.01,1,,,
GJA5,0.000714838,-1.89749152,0.009,0.013,1,,,
C12orf10,0.00071842,-1.198845344,0.014,0.019,1,,,
GPR160,0.000719084,-1.787195686,0.008,0.013,1,,,
NOL6,0.000725589,-0.409374642,0.021,0.016,1,,,
MAGED1,0.000729447,-0.504552039,0.257,0.216,1,,,
FBXO34,0.000731374,-0.629544716,0.209,0.176,1,,,
HAUS6,0.000732402,-0.652995711,0.086,0.073,1,,,
PACS2,0.000734222,-0.686166275,0.147,0.125,1,,,
MBOAT1,0.000734846,-1.006254932,0.101,0.108,1,,,
TTC33,0.000734946,-0.699728383,0.168,0.142,1,,,
POLR1C,0.000739229,-0.617057949,0.062,0.051,1,,,
AC007611.1,0.000743579,-0.495537567,0.013,0.009,1,,,
MMP14,0.000747657,-0.98821497,0.045,0.053,1,,,
RALGDS,0.000759039,-1.097010331,0.06,0.067,1,,,
CYTIP,0.000766242,-1.41692201,0.025,0.031,1,,,
CBLB,0.000766602,-0.427257184,0.514,0.412,1,,,
CALM1,0.000769171,-1.014675662,0.197,0.193,1,,,
EIF5A,0.000770428,-1.11342931,0.015,0.021,1,,,
IL10RB,0.000770926,-1.048341177,0.067,0.075,1,,,
ZDHHC15,0.000774373,-0.918820998,0.055,0.064,1,,,
CALM2,0.000774967,-0.951110481,0.158,0.16,1,,,
BRI3BP,0.000778545,-0.456422076,0.033,0.027,1,,,
UNC93B1,0.000782882,-1.050836184,0.028,0.035,1,,,
ODF3B,0.000783522,-0.443612479,0.033,0.026,1,,,
FBXL4,0.000783855,-0.575109572,0.258,0.215,1,,,
ARL1,0.000784814,-1.03143823,0.054,0.062,1,,,
RFC5,0.000786365,-0.351938686,0.031,0.024,1,,,
TAF1A,0.000787409,-0.475306899,0.043,0.035,1,,,
ERP29,0.000798177,-0.939804937,0.09,0.098,1,,,
TMEM181,0.000801147,-0.708145437,0.14,0.119,1,,,
DYNC1H1,0.000802015,-0.764667556,0.296,0.274,1,,,
C17orf62,0.000802342,-1.031462484,0.041,0.048,1,,,
AC074032.1,0.000803367,-0.617405453,0.286,0.236,1,,,
TMEM39B,0.000814035,-0.599750857,0.038,0.031,1,,,
ZNF677,0.00081617,-0.561567171,0.051,0.042,1,,,
SNRPD3,0.00081716,-0.58756694,0.109,0.093,1,,,
YIPF3,0.000818005,-1.018081908,0.05,0.058,1,,,
SELENOI,0.000825164,-0.606938825,0.11,0.094,1,,,
TRMT112,0.000827156,-1.125212659,0.025,0.032,1,,,
DCUN1D2,0.000828435,-0.650162882,0.101,0.086,1,,,
TMEM17,0.000831282,-0.564399228,0.016,0.012,1,,,
OTUD1,0.000833194,-1.472581141,0.011,0.016,1,,,
AC037459.3,0.000836227,-0.55600879,0.018,0.013,1,,,
HSPB11,0.000838203,-0.571880922,0.15,0.128,1,,,
AC006115.3,0.000846253,-0.594530983,0.015,0.011,1,,,
MRPL51,0.000848369,-1.128272533,0.04,0.047,1,,,
METTL27,0.000851452,-1.469924358,0.017,0.022,1,,,
SGPP1,0.000854312,-0.671623185,0.111,0.094,1,,,
NAIP,0.000861552,-1.653930146,0.007,0.011,1,,,
TAS2R14,0.000862396,-0.270021589,0.015,0.011,1,,,
CAPG,0.000871024,-0.408652598,0.038,0.03,1,,,
TARS,0.00087616,-0.534262767,0.078,0.066,1,,,
CEP85,0.000878028,-0.314380705,0.028,0.022,1,,,
ZNF609,0.000882244,-0.495520913,0.582,0.482,1,,,
PITPNB,0.000884626,-0.541495001,0.295,0.243,1,,,
RAB37,0.000887425,-1.836519015,0.008,0.013,1,,,
IK,0.000889827,-0.510632871,0.078,0.066,1,,,
PEX2,0.000891777,-0.591878114,0.101,0.086,1,,,
ARL6IP6,0.000895428,-0.858698615,0.138,0.142,1,,,
RFXAP,0.000895721,-0.623050459,0.079,0.066,1,,,
ZNF252P-AS1,0.000898704,-0.436044423,0.01,0.006,1,,,
SCIN,0.000904443,-0.901935098,0.04,0.048,1,,,
AL158066.1,0.000915109,-0.628592089,0.058,0.049,1,,,
NDUFA5,0.000916693,-0.990812228,0.082,0.09,1,,,
CDH4,0.000921474,-1.625976413,0.013,0.018,1,,,
FLJ31104,0.000922554,-0.340402368,0.014,0.01,1,,,
FBN2,0.000924489,-1.67799917,0.008,0.012,1,,,
HIST1H2BD,0.000925499,-1.447087913,0.007,0.011,1,,,
ARMCX5-GPRASP2,0.000926273,-0.856468375,0.12,0.126,1,,,
SLC52A2,0.000927842,-0.579724229,0.027,0.021,1,,,
USP5,0.000928136,-0.498163601,0.029,0.023,1,,,
ANK2,0.00093033,-0.58809069,0.244,0.206,1,,,
PRC1,0.000930441,-0.506966446,0.018,0.013,1,,,
CASZ1,0.000935064,-1.642388667,0.011,0.016,1,,,
BICRA,0.000935655,-0.502647974,0.02,0.015,1,,,
CSMD3,0.00094018,-0.762589601,0.015,0.011,1,,,
MAP3K7,0.000943322,-0.612363232,0.183,0.156,1,,,
YBX1,0.000945394,-0.927645212,0.082,0.09,1,,,
IFT43,0.000947097,-0.658632386,0.243,0.201,1,,,
FIS1,0.000949029,-0.963069181,0.08,0.088,1,,,
AHI1,0.000952439,-0.389336966,0.565,0.435,1,,,
SLC25A23,0.00096302,-0.568095654,0.039,0.032,1,,,
PHKG2,0.000969727,-0.561132377,0.03,0.023,1,,,
LCAT,0.000975744,-0.517808655,0.034,0.028,1,,,
CAMK2G,0.000976786,-0.778612423,0.109,0.092,1,,,
PPP1R3C,0.000990688,-1.29505463,0.015,0.02,1,,,
PIK3C3,0.000993982,-0.540235472,0.283,0.235,1,,,
AC007193.2,0.000994909,-1.530443582,0.017,0.022,1,,,
GADD45A,0.000997001,-1.357756217,0.018,0.023,1,,,
AC233723.1,0.00099955,-0.524920203,0.01,0.006,1,,,
AC027277.1,0.001004612,-0.566573731,0.019,0.014,1,,,
PCGF3,0.001008147,-0.654317788,0.166,0.141,1,,,
FMOD,0.00100909,-1.015922094,0.042,0.049,1,,,
TRMT12,0.001009335,-0.382122452,0.016,0.012,1,,,
SYF2,0.001009485,-0.691242088,0.088,0.074,1,,,
RAB35,0.001010496,-1.212250226,0.034,0.041,1,,,
MRPS18A,0.001012802,-0.497996253,0.031,0.024,1,,,
AL049569.1,0.001013954,-1.372373852,0.026,0.032,1,,,
RPF1,0.001016109,-0.580675013,0.061,0.051,1,,,
HBB,0.001017507,-2.526970709,0.314,0.288,1,,,
VAMP2,0.001020467,-0.60540591,0.086,0.073,1,,,
SYBU,0.001020758,-0.370748508,0.112,0.097,1,,,
GTF2F1,0.001021401,-0.986543381,0.041,0.048,1,,,
SFXN5,0.001040923,-0.75059097,0.081,0.069,1,,,
EDIL3,0.00104396,-1.963161985,0.012,0.016,1,,,
AC007405.3,0.001048331,-1.333812915,0.008,0.012,1,,,
AC090198.1,0.001049609,-0.223924259,0.01,0.006,1,,,
STARD3NL,0.001050009,-1.06303486,0.08,0.087,1,,,
FNTA,0.001051538,-0.635068319,0.075,0.064,1,,,
AC046195.1,0.001056335,-2.033067903,0.006,0.01,1,,,
CNIH4,0.00105784,-0.693228822,0.096,0.082,1,,,
TBC1D30,0.001059614,-1.395003363,0.008,0.012,1,,,
PPP1R26,0.001060729,-0.301417541,0.019,0.014,1,,,
SLC30A1,0.001066949,-1.060751375,0.027,0.033,1,,,
AC026790.1,0.00106888,-0.596625329,0.013,0.01,1,,,
CD226,0.001073067,-1.403802475,0.039,0.046,1,,,
AC027097.1,0.001076674,-1.337938303,0.02,0.025,1,,,
NME1,0.0010882,-1.3527715,0.011,0.015,1,,,
KDM6A,0.001092308,-0.428794548,0.424,0.34,1,,,
AL442125.1,0.001092864,-1.316595988,0.006,0.01,1,,,
MUTYH,0.001094093,-0.616663542,0.034,0.027,1,,,
AC022613.3,0.001094631,-1.735730689,0.011,0.015,1,,,
TIAL1,0.001096568,-0.847860611,0.215,0.208,1,,,
NAA40,0.001096574,-0.483716723,0.032,0.026,1,,,
RSF1,0.001100661,-0.671986493,0.384,0.338,1,,,
SELPLG,0.001109762,-1.324285001,0.014,0.019,1,,,
LINC00511,0.001110194,-0.540912015,0.01,0.006,1,,,
NEK8,0.001110666,-0.316648894,0.017,0.012,1,,,
ERCC6,0.001114235,-0.64914407,0.153,0.13,1,,,
LRRC63,0.001115626,-0.674741883,0.031,0.025,1,,,
DDX11,0.001116634,-0.617052425,0.038,0.031,1,,,
GABRB3,0.00112195,-0.444067805,0.018,0.014,1,,,
NDUFA9,0.001125786,-0.587188293,0.035,0.028,1,,,
CERS2,0.001126981,-1.111670622,0.051,0.058,1,,,
VIM-AS1,0.001133716,-0.632967612,0.017,0.013,1,,,
GADD45GIP1,0.001135545,-0.969737708,0.033,0.04,1,,,
FOCAD,0.001140842,-0.587136104,0.358,0.288,1,,,
HAS2-AS1,0.001145422,-2.106021507,0.007,0.01,1,,,
CCT3,0.001150376,-0.617655325,0.096,0.082,1,,,
UBE2E1,0.001157851,-0.569515049,0.329,0.269,1,,,
SNX18,0.001159326,-0.661760191,0.06,0.051,1,,,
EIF4A1,0.001169852,-0.543384473,0.076,0.064,1,,,
TMEM177,0.001171658,-0.645730313,0.021,0.016,1,,,
NEK10,0.00117337,-0.463977504,0.024,0.019,1,,,
UBQLN4,0.001173963,-0.480423418,0.02,0.015,1,,,
GON7,0.001188677,-0.553509293,0.029,0.023,1,,,
SLC30A10,0.001194816,-1.716446697,0.008,0.012,1,,,
STEAP3,0.001195269,-1.013708622,0.013,0.018,1,,,
LINC00299,0.00119795,-2.225907163,0.007,0.01,1,,,
OTUD7A,0.00119843,-1.03548398,0.07,0.078,1,,,
DDX56,0.001198534,-0.607326728,0.047,0.039,1,,,
AC020978.3,0.001202296,-1.37897954,0.007,0.01,1,,,
CDKN1A,0.001208944,-1.264328304,0.016,0.022,1,,,
DPH2,0.001216622,-0.432046128,0.012,0.008,1,,,
IGIP,0.001224744,-0.365379879,0.028,0.022,1,,,
CHURC1-FNTB,0.001229677,-0.684631603,0.053,0.044,1,,,
VIL1,0.001258837,-0.369941726,0.01,0.007,1,,,
NLRC3,0.001272324,-0.965110386,0.029,0.023,1,,,
TXNDC17,0.001278279,-1.131992575,0.022,0.028,1,,,
LMNA,0.001291784,-0.734211073,0.18,0.152,1,,,
HPRT1,0.001293602,-0.525371421,0.04,0.032,1,,,
CELF2-AS1,0.00129599,-0.449883176,0.01,0.007,1,,,
NUBP1,0.001304725,-1.17595001,0.056,0.063,1,,,
PPCS,0.001311108,-0.598539307,0.069,0.058,1,,,
PSMG3,0.001315541,-0.470900018,0.024,0.019,1,,,
LINS1,0.001321141,-0.934439463,0.078,0.086,1,,,
FAM206A,0.001327644,-0.680877753,0.069,0.058,1,,,
NKG7,0.001336192,-1.987660375,0.014,0.019,1,,,
UGDH,0.001339737,-0.51258393,0.059,0.049,1,,,
CUL4B,0.001341561,-0.953087146,0.088,0.095,1,,,
TUBB4B,0.001345572,-0.991894501,0.042,0.049,1,,,
WAC,0.00134652,-0.609091427,0.446,0.382,1,,,
AP000753.2,0.001347732,-0.676477468,0.055,0.046,1,,,
TPPP,0.001357408,-1.179308018,0.007,0.011,1,,,
AC005072.1,0.001359299,-0.268832151,0.014,0.01,1,,,
PCDHB14,0.001381799,-1.649082319,0.006,0.01,1,,,
QARS,0.001383566,-0.513538985,0.05,0.042,1,,,
TRIM56,0.001383987,-0.892363341,0.156,0.157,1,,,
AC009630.1,0.001394244,-0.43491353,0.024,0.018,1,,,
EDF1,0.001399944,-0.696031902,0.119,0.102,1,,,
MRPS23,0.00140521,-0.575660023,0.047,0.039,1,,,
CHMP6,0.001408527,-0.524936759,0.033,0.027,1,,,
TBC1D9B,0.00141249,-0.6612623,0.128,0.109,1,,,
DDX59,0.001419801,-1.024015478,0.069,0.077,1,,,
CCT4,0.001425933,-0.69399007,0.125,0.107,1,,,
SOS2,0.001428776,-0.402802331,0.487,0.384,1,,,
CTSF,0.001435125,-1.010756825,0.081,0.088,1,,,
KLHL26,0.001435813,-0.350613166,0.014,0.01,1,,,
ABCB9,0.001440267,-1.384262002,0.017,0.022,1,,,
SLC26A2,0.001442164,-1.078875413,0.032,0.039,1,,,
PAOX,0.001444469,-0.356186439,0.025,0.02,1,,,
LRBA,0.001471191,-0.503798299,0.551,0.462,1,,,
AC011443.1,0.001480492,-1.415698708,0.014,0.019,1,,,
FBXO16,0.001490652,-1.146798931,0.02,0.025,1,,,
SNX17,0.001490879,-0.379558942,0.04,0.033,1,,,
POLG2,0.001494634,-0.651568531,0.094,0.08,1,,,
SHQ1,0.001495578,-0.652645934,0.113,0.097,1,,,
KF456478.1,0.001500171,-0.417005695,0.017,0.013,1,,,
RGS14,0.001501046,-1.646460519,0.008,0.012,1,,,
EHMT2,0.001512303,-1.021975735,0.051,0.058,1,,,
CDKAL1,0.001519269,-0.283393807,0.635,0.493,1,,,
PPP1R37,0.00152866,-0.474200719,0.021,0.016,1,,,
AC092378.1,0.001537403,-0.56302484,0.01,0.007,1,,,
RIPOR1,0.001540286,-0.872193597,0.069,0.077,1,,,
CARHSP1,0.001541497,-0.806747124,0.199,0.196,1,,,
DALRD3,0.001542475,-0.585629786,0.089,0.076,1,,,
EIF1AD,0.001564516,-0.43531166,0.022,0.017,1,,,
KCNC1,0.00157758,-0.68894858,0.073,0.061,1,,,
MOB4,0.001585021,-0.487442289,0.028,0.023,1,,,
LINC01684,0.001587808,-1.300619722,0.043,0.05,1,,,
TGIF1,0.00159175,-1.044894284,0.043,0.05,1,,,
SLC23A2,0.001594211,-0.938442158,0.18,0.177,1,,,
CDC20B,0.001595876,-0.417138016,0.015,0.011,1,,,
COX6A1,0.001597539,-1.076324354,0.021,0.027,1,,,
DCP1B,0.001600621,-0.642291804,0.167,0.142,1,,,
HDGF,0.001608769,-0.932402559,0.064,0.071,1,,,
SLC44A3,0.001614906,-1.081863018,0.027,0.033,1,,,
BAALC,0.00164845,-1.568225549,0.023,0.028,1,,,
H1FX,0.001650317,-0.964249667,0.049,0.057,1,,,
BAD,0.001650833,-0.472303252,0.037,0.03,1,,,
PHF1,0.001661287,-0.664214219,0.073,0.062,1,,,
AP5S1,0.001666325,-0.412976581,0.014,0.01,1,,,
AC009716.1,0.001675581,-1.144340314,0.021,0.026,1,,,
KRBA1,0.001676615,-1.382389337,0.008,0.012,1,,,
ILK,0.001685351,-0.658887105,0.194,0.165,1,,,
CMTM2,0.001689036,-1.380466233,0.006,0.01,1,,,
QSOX2,0.001707389,-1.242730188,0.018,0.023,1,,,
WASL,0.001710002,-0.599747305,0.235,0.198,1,,,
ECM1,0.001712892,-1.109198548,0.023,0.028,1,,,
PAPOLA,0.001727393,-0.721187448,0.305,0.28,1,,,
CEP19,0.001729247,-1.441969938,0.01,0.014,1,,,
CTC1,0.001729954,-0.623442355,0.049,0.041,1,,,
KIAA1524,0.001729957,-1.106104226,0.021,0.027,1,,,
WTAP,0.001747243,-0.60590104,0.251,0.21,1,,,
MCM5,0.001747801,-1.110736933,0.012,0.017,1,,,
SLC35E1,0.001751061,-0.658879598,0.038,0.031,1,,,
PLXND1,0.001763498,-1.209650374,0.119,0.122,1,,,
AC091078.1,0.001770354,-1.765683711,0.007,0.01,1,,,
KIF9,0.001770821,-0.681046717,0.039,0.032,1,,,
CLUAP1,0.00178769,-0.608687676,0.073,0.063,1,,,
G2E3,0.001790848,-0.920731453,0.126,0.13,1,,,
PRC1-AS1,0.001806429,-0.352674773,0.014,0.01,1,,,
NR1H2,0.001811761,-0.504494781,0.042,0.034,1,,,
RAF1,0.001814815,-0.569502106,0.299,0.247,1,,,
BTG3-AS1,0.001819153,-0.116839612,0.01,0.007,1,,,
MEN1,0.001822984,-0.473650993,0.019,0.014,1,,,
GRHPR,0.001823374,-0.659392043,0.08,0.068,1,,,
PDZD11,0.001823793,-0.201750054,0.019,0.014,1,,,
KLHL9,0.001833653,-1.13816131,0.037,0.043,1,,,
ZNF710-AS1,0.001834103,-1.388307517,0.012,0.017,1,,,
TAF5,0.001856617,-0.519094665,0.025,0.019,1,,,
RPGRIP1L,0.001858878,-0.890782563,0.062,0.07,1,,,
AL078612.1,0.001862451,-0.335037386,0.014,0.01,1,,,
SFI1,0.001872088,-1.15750639,0.071,0.078,1,,,
TNC,0.001889228,-2.331940489,0.007,0.011,1,,,
SULT1A2,0.001890448,-0.435790891,0.025,0.02,1,,,
RHOA,0.001892795,-0.850930422,0.231,0.219,1,,,
RAP2C-AS1,0.001911522,-0.694733484,0.207,0.175,1,,,
SERPINE3,0.00191314,-0.534398172,0.04,0.033,1,,,
AL353693.1,0.001913838,-1.429969118,0.01,0.014,1,,,
AC011471.2,0.001930172,-0.541533333,0.015,0.011,1,,,
NUP50,0.001938605,-0.723666448,0.064,0.054,1,,,
GLTP,0.001939861,-1.268982577,0.022,0.028,1,,,
SMIM10,0.00194167,-0.376211763,0.011,0.008,1,,,
OAS2,0.00195126,-0.395074483,0.019,0.015,1,,,
PYCR2,0.001952909,-0.6072383,0.026,0.021,1,,,
AC008105.2,0.001960724,-0.353290548,0.012,0.008,1,,,
MBNL1-AS1,0.001965451,-0.67335301,0.013,0.009,1,,,
MMP25,0.001968927,-0.777185413,0.017,0.013,1,,,
CXorf38,0.001972279,-0.560795094,0.056,0.048,1,,,
ZBTB6,0.001973248,-0.501788668,0.029,0.023,1,,,
CTNS,0.001997748,-0.618972656,0.07,0.06,1,,,
CDC42SE2,0.002002794,-1.035284891,0.236,0.223,1,,,
MRM3,0.00201045,-0.489763522,0.018,0.014,1,,,
HPR,0.002011824,-1.530964685,0.008,0.012,1,,,
ITPRIPL2,0.002021227,-0.588218066,0.111,0.095,1,,,
CEP112,0.002037262,-0.60049198,0.495,0.413,1,,,
RNF34,0.002041407,-0.666131326,0.151,0.129,1,,,
TP53,0.002051534,-1.028985683,0.045,0.052,1,,,
XAB2,0.002065757,-0.424509883,0.021,0.016,1,,,
LYAR,0.002070326,-0.572940568,0.036,0.03,1,,,
AC025576.2,0.002079881,-0.550265762,0.032,0.026,1,,,
ARL2BP,0.002083164,-0.984498993,0.061,0.069,1,,,
MEIOB,0.002091606,-1.388483794,0.013,0.018,1,,,
NGRN,0.002094758,-0.645877218,0.013,0.01,1,,,
MRPS18C,0.002096615,-0.649903206,0.089,0.076,1,,,
RAB5C,0.002114599,-1.092403609,0.026,0.032,1,,,
MOSPD1,0.002124724,-0.619332637,0.031,0.025,1,,,
ZZZ3,0.0021248,-0.510581536,0.398,0.319,1,,,
FEM1B,0.002129128,-1.105737793,0.05,0.056,1,,,
AC008945.2,0.002141799,-0.628666309,0.017,0.013,1,,,
ANKRD23,0.002144742,-0.712546245,0.145,0.123,1,,,
AC093801.1,0.002168972,-1.033246841,0.054,0.045,1,,,
AC131956.2,0.002174518,-1.054831302,0.012,0.016,1,,,
AC012651.1,0.002190906,-0.448127614,0.011,0.008,1,,,
SYTL4,0.002198522,-0.717146265,0.102,0.087,1,,,
SERTAD4,0.002209623,-0.354766404,0.022,0.017,1,,,
AL021328.1,0.002214983,-0.479026891,0.016,0.012,1,,,
TOGARAM1,0.002215375,-0.794460897,0.23,0.22,1,,,
EXOC3,0.002217612,-0.592521042,0.098,0.084,1,,,
IFIT1,0.002226706,-1.047407545,0.047,0.054,1,,,
GRIN2D,0.002227374,-1.394406551,0.007,0.011,1,,,
MAP3K11,0.00224005,-1.112650482,0.038,0.045,1,,,
AC008764.8,0.002248509,-0.533993882,0.031,0.025,1,,,
LRMDA,0.002263424,-0.326146667,0.871,0.715,1,,,
MTDH,0.00226508,-0.629465124,0.403,0.353,1,,,
DNAJC5,0.002266253,-0.773229876,0.121,0.104,1,,,
AC018946.1,0.002269088,-1.382109261,0.02,0.025,1,,,
AIPL1,0.002270259,-0.374280315,0.011,0.008,1,,,
ZNF256,0.002277832,-0.400823044,0.011,0.007,1,,,
MTBP,0.002278295,-0.724085924,0.06,0.05,1,,,
PPM1G,0.002289276,-0.679261497,0.093,0.08,1,,,
IP6K1,0.002309902,-0.660802719,0.196,0.167,1,,,
AC087239.1,0.002319715,-0.453600924,0.025,0.02,1,,,
SLC43A1,0.002320908,-0.494090817,0.031,0.025,1,,,
AGO1,0.002323298,-1.013922188,0.069,0.076,1,,,
LCOR,0.002325944,-0.728228137,0.321,0.29,1,,,
AC116424.1,0.002343902,-0.418669105,0.011,0.008,1,,,
RBAK,0.002346888,-0.478778493,0.026,0.021,1,,,
RAB11A,0.002364868,-0.612080654,0.496,0.425,1,,,
ZNF33A,0.002370104,-0.744779752,0.266,0.249,1,,,
VPS33B,0.002376898,-0.60559892,0.038,0.032,1,,,
AC027698.1,0.002386882,-1.116709968,0.048,0.054,1,,,
MYCBP,0.00238808,-0.241967042,0.01,0.007,1,,,
AEN,0.002399418,-0.480450503,0.01,0.007,1,,,
TXNL4B,0.002410324,-0.973675042,0.086,0.092,1,,,
ZNF615,0.002413777,-0.589987348,0.039,0.032,1,,,
PSMB1,0.002437376,-0.673784089,0.118,0.102,1,,,
CBX4,0.002439056,-0.619285792,0.022,0.017,1,,,
RNASE6,0.002447909,-1.247320206,0.01,0.014,1,,,
ZMAT2,0.002461494,-0.553731793,0.04,0.033,1,,,
SAYSD1,0.002463617,-1.047253065,0.016,0.021,1,,,
DENND5A,0.002489165,-0.63930681,0.205,0.174,1,,,
AC105345.1,0.002492698,-0.35633276,0.015,0.011,1,,,
IFT122,0.002504175,-0.671618404,0.157,0.134,1,,,
CCDC15,0.002508365,-0.424115996,0.031,0.025,1,,,
IMPA1,0.002512214,-0.966047645,0.075,0.082,1,,,
FOSL2,0.002515456,-1.015151524,0.083,0.089,1,,,
FOXP1-IT1,0.002516774,-1.163039403,0.019,0.024,1,,,
KNOP1,0.002522384,-0.669529102,0.1,0.086,1,,,
TSSC4,0.002524669,-0.335976441,0.02,0.015,1,,,
HES4,0.002536242,-1.064083371,0.036,0.03,1,,,
SPON2,0.00254615,-1.036688641,0.087,0.073,1,,,
C3orf58,0.002557652,-0.993270555,0.072,0.079,1,,,
TBC1D10B,0.002566031,-0.483708556,0.029,0.024,1,,,
SRP72,0.002582199,-0.643528934,0.128,0.11,1,,,
SLC9A3-AS1,0.002609597,-1.038365996,0.028,0.034,1,,,
PELI3,0.002617317,-0.445004647,0.012,0.009,1,,,
ATG3,0.002622137,-0.614390723,0.075,0.064,1,,,
TSPOAP1-AS1,0.002628476,-0.768155427,0.071,0.06,1,,,
S100A9,0.00262939,-1.129585935,0.064,0.071,1,,,
AC005258.1,0.002649244,-0.638278134,0.019,0.015,1,,,
SGSM3,0.002666185,-0.721310699,0.01,0.007,1,,,
MTCH1,0.002689462,-0.933332937,0.107,0.112,1,,,
MINPP1,0.002703672,-0.621124548,0.08,0.068,1,,,
SMG9,0.002724657,-1.06884736,0.032,0.038,1,,,
ST6GALNAC4,0.002729192,-1.205875033,0.007,0.01,1,,,
KCNH3,0.002741985,-1.221078239,0.007,0.011,1,,,
SPG21,0.00277123,-0.618756623,0.104,0.09,1,,,
PFDN6,0.002774383,-0.504879695,0.034,0.027,1,,,
ZNF180,0.002774824,-0.607661977,0.037,0.031,1,,,
TMEM57,0.002785694,-0.698112451,0.16,0.137,1,,,
PTCD1,0.002790927,-0.560758109,0.016,0.012,1,,,
AC104134.1,0.002792901,-0.506498992,0.017,0.013,1,,,
ALG10B,0.002793952,-0.364994737,0.027,0.022,1,,,
TOP1MT,0.002797847,-0.314998412,0.027,0.022,1,,,
RPS4Y1,0.002812607,-0.697030719,0.104,0.089,1,,,
DVL1,0.002821434,-1.129899937,0.025,0.03,1,,,
UBE3C,0.00282175,-0.52951017,0.353,0.288,1,,,
ZSCAN16,0.002847334,-0.533410678,0.012,0.008,1,,,
AC093249.2,0.002850234,-0.48230205,0.017,0.013,1,,,
C19orf24,0.002860923,-1.108094922,0.015,0.019,1,,,
XBP1,0.002861518,-0.653698241,0.107,0.092,1,,,
FYTTD1,0.002864033,-0.645749152,0.075,0.064,1,,,
NEXN,0.002870608,-0.717596635,0.245,0.205,1,,,
PSMC4,0.002894325,-0.63173398,0.057,0.048,1,,,
TTLL1,0.002903267,-0.646367438,0.032,0.026,1,,,
GTF2E1,0.002909962,-0.591778874,0.026,0.02,1,,,
ROMO1,0.002934948,-0.468444427,0.033,0.027,1,,,
EIF3G,0.002939936,-1.137979188,0.046,0.053,1,,,
AC016493.1,0.00294587,-0.699682422,0.096,0.082,1,,,
PLAC8,0.002949982,-1.881826158,0.008,0.012,1,,,
MAGEH1,0.002966304,-1.035417648,0.015,0.019,1,,,
WDR24,0.002984336,-0.336269846,0.013,0.009,1,,,
BANF1,0.002994791,-0.823499803,0.009,0.013,1,,,
EIF2AK4,0.003005286,-0.603041307,0.195,0.167,1,,,
SMDT1,0.003008526,-0.554071878,0.051,0.043,1,,,
LRP2BP,0.003014309,-0.758129187,0.106,0.091,1,,,
PRDM4,0.003015561,-0.592901127,0.078,0.067,1,,,
AL121989.1,0.003020443,-1.236348339,0.016,0.021,1,,,
SLC38A9,0.003050705,-0.624538709,0.216,0.184,1,,,
TMEM243,0.003051733,-0.683351506,0.147,0.127,1,,,
MDGA2,0.003052719,-0.90046816,0.015,0.011,1,,,
STARD4,0.003068349,-1.014517634,0.015,0.019,1,,,
KLF3,0.003087084,-0.724126539,0.244,0.233,1,,,
PRKAA2,0.003089305,-1.050731284,0.045,0.051,1,,,
SLC25A40,0.003092679,-0.614470545,0.089,0.076,1,,,
KBTBD6,0.003094874,-1.180541637,0.007,0.01,1,,,
INPP4A,0.003098885,-1.079642241,0.189,0.182,1,,,
ZNF570,0.003117511,-0.493596698,0.025,0.02,1,,,
HSD17B8,0.003133075,-0.264985706,0.012,0.009,1,,,
TMTC3,0.003137903,-0.978814363,0.081,0.088,1,,,
AC008105.3,0.003151441,-0.759755387,0.047,0.04,1,,,
WDFY2,0.00315478,-0.558633488,0.275,0.23,1,,,
SLC20A1,0.00315897,-1.20827577,0.051,0.057,1,,,
SLC2A10,0.003165406,-1.045448576,0.046,0.052,1,,,
HSF2BP,0.003183854,-0.228809769,0.012,0.009,1,,,
DCAF11,0.003188892,-0.483527124,0.033,0.027,1,,,
BCL2L12,0.003197117,-0.337056722,0.012,0.009,1,,,
MAPKBP1,0.003198331,-1.015190326,0.088,0.094,1,,,
TRIR,0.003214129,-0.660036259,0.1,0.086,1,,,
G3BP2,0.003253517,-0.885834875,0.095,0.101,1,,,
AC068631.1,0.003264976,-0.58724729,0.023,0.018,1,,,
DNAJB6,0.003265678,-0.61872037,0.215,0.183,1,,,
FANCA,0.003272076,-0.539303087,0.025,0.02,1,,,
TRAPPC2,0.003278712,-0.98145831,0.069,0.075,1,,,
WAS,0.003286232,-1.263248108,0.013,0.017,1,,,
BIVM,0.003288207,-1.110353382,0.042,0.049,1,,,
C14orf178,0.003290704,-0.38049551,0.01,0.007,1,,,
LSM4,0.003299283,-1.063906445,0.034,0.04,1,,,
PRKCE,0.003307098,-0.775372272,0.313,0.285,1,,,
LRRCC1,0.003321084,-1.145995135,0.029,0.034,1,,,
AL357079.1,0.003371483,-0.520255246,0.012,0.009,1,,,
PPAN,0.003377093,-0.352341163,0.013,0.01,1,,,
KDM1A,0.003378841,-0.662880098,0.171,0.147,1,,,
TBKBP1,0.003381195,-0.518155593,0.016,0.012,1,,,
RPL22L1,0.003381818,-1.071414842,0.03,0.036,1,,,
ATP2A3,0.003384003,-1.295755002,0.022,0.017,1,,,
NFKB1,0.003406043,-0.853452621,0.219,0.21,1,,,
LEMD2,0.003449427,-0.638878189,0.067,0.057,1,,,
MSRB1,0.003463729,-0.189353781,0.01,0.007,1,,,
COX4I1,0.003466402,-0.784303445,0.17,0.145,1,,,
NCAPG,0.003469258,-0.325954612,0.01,0.007,1,,,
ATF6,0.003482264,-0.599040615,0.308,0.254,1,,,
IQCC,0.00349725,-0.273713092,0.011,0.008,1,,,
CUL3,0.003511268,-0.492185614,0.362,0.296,1,,,
EPN1,0.003515756,-0.588349993,0.059,0.05,1,,,
NUDT14,0.003521868,-1.208154701,0.008,0.012,1,,,
ZBTB3,0.003536345,-0.36362487,0.014,0.01,1,,,
HBG2,0.003562598,-0.991605742,0.081,0.088,1,,,
TNFRSF11B,0.003563749,-1.408341733,0.017,0.022,1,,,
NEU1,0.003568505,-1.007655242,0.026,0.032,1,,,
KHK,0.003568703,-0.214243604,0.011,0.008,1,,,
B4GALT1,0.003586968,-0.437780223,0.215,0.187,1,,,
TOP1,0.003589877,-0.51298727,0.352,0.291,1,,,
TNKS,0.003623759,-0.468756888,0.448,0.355,1,,,
AC002310.2,0.003636277,-0.661315911,0.026,0.02,1,,,
TSPAN32,0.003636278,-1.289736468,0.016,0.02,1,,,
TBC1D8B,0.003639715,-1.130301228,0.053,0.06,1,,,
CCDC61,0.00364197,-0.570857492,0.029,0.023,1,,,
AC104365.1,0.003649375,-0.981909743,0.133,0.135,1,,,
NACA,0.003650723,-0.948455809,0.2,0.194,1,,,
XPNPEP1,0.003651701,-0.717785098,0.104,0.09,1,,,
KANSL1-AS1,0.00365665,-0.541719481,0.015,0.011,1,,,
HYAL1,0.003660423,-0.46850033,0.019,0.015,1,,,
SLC2A14,0.003669953,-0.566857943,0.01,0.007,1,,,
FAM124A,0.003679187,-1.301957039,0.016,0.02,1,,,
VTA1,0.003713957,-0.618146347,0.15,0.13,1,,,
ADAR,0.003715468,-0.889471651,0.15,0.152,1,,,
SMC6,0.003721589,-0.611562371,0.179,0.154,1,,,
MVB12B,0.003728448,-1.104460239,0.137,0.138,1,,,
CFAP53,0.003734583,-1.288028379,0.009,0.012,1,,,
FYCO1,0.003768339,-0.67461103,0.106,0.092,1,,,
NOL7,0.003777034,-0.630769418,0.154,0.133,1,,,
FAM174B,0.00378181,-0.972394385,0.11,0.115,1,,,
CHN1,0.003791374,-1.071391992,0.084,0.09,1,,,
COMMD8,0.003791563,-0.887842922,0.013,0.017,1,,,
TBCD,0.003791576,-1.055169235,0.141,0.142,1,,,
TEX10,0.003797093,-0.63721281,0.139,0.12,1,,,
TCF7L1,0.003805509,-0.912267604,0.25,0.233,1,,,
TMEM170A,0.00381586,-1.004402598,0.028,0.034,1,,,
CASP3,0.003838175,-0.668525521,0.054,0.046,1,,,
IQCD,0.003870691,-1.393170212,0.008,0.012,1,,,
PIH1D2,0.003880993,-1.065287247,0.011,0.015,1,,,
ACD,0.003887565,-1.606354003,0.007,0.01,1,,,
ZNF638,0.003891147,-0.308956592,0.711,0.579,1,,,
AC239868.4,0.003893802,-0.458545687,0.01,0.007,1,,,
MRPL40,0.003942949,-0.46700024,0.032,0.026,1,,,
MRGBP,0.00394714,-0.671849591,0.02,0.016,1,,,
PSMG4,0.003992727,-0.628460842,0.138,0.119,1,,,
ZNF879,0.003998811,-0.416924412,0.013,0.01,1,,,
NUMB,0.004006567,-0.37753071,0.567,0.441,1,,,
CFAP161,0.004023089,-0.570904364,0.042,0.035,1,,,
THOC6,0.004051451,-1.11973775,0.011,0.015,1,,,
MORF4L2-AS1,0.00411173,-0.566012552,0.018,0.014,1,,,
AC008969.1,0.004122562,-0.788552452,0.084,0.072,1,,,
SPTBN2,0.004132667,-1.227580696,0.012,0.016,1,,,
DMAP1,0.004133837,-0.628759949,0.036,0.03,1,,,
AC103703.1,0.004140709,-0.30316626,0.01,0.007,1,,,
ANKRD49,0.004147285,-0.641876,0.069,0.059,1,,,
LRRC8D,0.004175137,-0.368553729,0.015,0.011,1,,,
INPP5E,0.004182469,-0.736897604,0.028,0.023,1,,,
PM20D2,0.004195717,-0.589578611,0.076,0.066,1,,,
RBX1,0.004211777,-0.706817994,0.127,0.111,1,,,
ATP6V0D1,0.004217627,-0.540556064,0.06,0.052,1,,,
EXOSC2,0.004223201,-0.575757521,0.034,0.028,1,,,
AC005523.2,0.004226177,-0.472458142,0.02,0.016,1,,,
CTCF,0.004234565,-0.613046627,0.153,0.133,1,,,
YLPM1,0.004242298,-0.58293631,0.269,0.225,1,,,
NPRL2,0.004276526,-0.710581409,0.035,0.029,1,,,
TNFRSF10B,0.004287476,-0.989716305,0.076,0.082,1,,,
CHMP2B,0.004324818,-0.599028534,0.069,0.059,1,,,
PPP1CC,0.00434046,-0.695776169,0.111,0.096,1,,,
ZNF646,0.004352738,-0.531633589,0.02,0.015,1,,,
CNTD1,0.004400807,-0.594066674,0.015,0.011,1,,,
UBE2QL1,0.004406816,-0.551604335,0.01,0.007,1,,,
EFEMP2,0.004415319,-0.743281971,0.06,0.051,1,,,
AKIP1,0.004418802,-1.119011204,0.045,0.051,1,,,
ZNF32,0.00443903,-0.705932153,0.048,0.04,1,,,
FUBP1,0.004471229,-0.542712971,0.322,0.266,1,,,
AL357055.3,0.004505611,-0.642541516,0.272,0.226,1,,,
CHRM3,0.004508197,-1.853014561,0.012,0.015,1,,,
AP000547.3,0.004535231,-0.291160064,0.01,0.007,1,,,
SSH3,0.004536525,-1.076095902,0.03,0.035,1,,,
KRTCAP2,0.004545599,-0.448245124,0.013,0.01,1,,,
AC006449.3,0.004555489,-1.457244691,0.012,0.016,1,,,
SRPRB,0.004559437,-0.517880754,0.043,0.036,1,,,
MRPL17,0.00456464,-1.00943433,0.014,0.018,1,,,
CPA3,0.00456599,-2.289758212,0.009,0.012,1,,,
SORCS1,0.004567204,-0.911731542,0.02,0.016,1,,,
LSM11,0.004571278,-1.394707327,0.007,0.01,1,,,
RDH14,0.004591709,-0.965007599,0.049,0.056,1,,,
SMIM13,0.004612492,-1.023380272,0.039,0.045,1,,,
AL133297.2,0.004631997,-0.610925487,0.038,0.032,1,,,
JAZF1-AS1,0.004632452,-1.576289047,0.007,0.01,1,,,
S100A11,0.004637303,-1.005034118,0.12,0.124,1,,,
POMK,0.004638189,-0.597242451,0.034,0.028,1,,,
PRDX4,0.004649528,-0.712487492,0.092,0.079,1,,,
TYMP,0.004656497,-0.650514352,0.111,0.096,1,,,
TRIM37,0.004743116,-0.745868222,0.124,0.107,1,,,
RTFDC1,0.004798347,-0.671785997,0.117,0.101,1,,,
C14orf166,0.004805344,-0.723930473,0.095,0.082,1,,,
RPS7,0.004831414,-0.941779813,0.156,0.156,1,,,
TXNRD1,0.004866763,-0.586235131,0.289,0.242,1,,,
SERPIND1,0.004883154,-0.611145333,0.026,0.021,1,,,
RAB40B,0.004885828,-0.798676665,0.036,0.03,1,,,
NIP7,0.004917653,-0.517125692,0.019,0.015,1,,,
SCRG1,0.004929743,-0.682605898,0.055,0.046,1,,,
LRSAM1,0.004936186,-0.950853784,0.102,0.107,1,,,
SCNN1B,0.004937143,-1.770638546,0.011,0.014,1,,,
GMNN,0.004960664,-0.579519458,0.037,0.031,1,,,
NFATC2IP,0.004963432,-0.609130617,0.215,0.183,1,,,
AGER,0.004982262,-1.227926501,0.009,0.012,1,,,
WASF2,0.004988345,-0.560159722,0.373,0.302,1,,,
CCDC167,0.004989863,-1.191666952,0.008,0.012,1,,,
DCAF12,0.004993134,-0.659630672,0.078,0.068,1,,,
PSMA4,0.005030013,-0.647621673,0.078,0.067,1,,,
AKR7A2,0.005042025,-0.592063295,0.042,0.035,1,,,
ZSCAN12,0.005070095,-0.495599558,0.033,0.027,1,,,
PIH1D1,0.005106475,-0.74659076,0.074,0.063,1,,,
LINC01572,0.005115999,-0.627959253,0.069,0.059,1,,,
OSER1,0.005180253,-0.556821754,0.058,0.05,1,,,
AC091045.1,0.005190469,-0.631269006,0.064,0.055,1,,,
MAD2L1BP,0.005193643,-0.328683922,0.014,0.01,1,,,
PGR,0.005213074,-0.626457622,0.052,0.044,1,,,
TRIM62,0.005240337,-0.599366916,0.025,0.02,1,,,
Z82188.2,0.005272211,-0.273188504,0.01,0.007,1,,,
CREBL2,0.005297606,-0.678354467,0.115,0.1,1,,,
TMF1,0.005364273,-0.623059038,0.21,0.179,1,,,
TOR1A,0.005366443,-0.62100571,0.031,0.025,1,,,
GPR108,0.005386974,-0.929387035,0.046,0.052,1,,,
NDUFA11,0.005404111,-0.701357715,0.055,0.046,1,,,
C7orf43,0.005474285,-0.527834456,0.012,0.009,1,,,
AC016831.5,0.005512864,-0.690860447,0.061,0.053,1,,,
CHAF1B,0.005527652,-1.172019617,0.009,0.013,1,,,
IGF2BP2-AS1,0.005548901,-1.472063607,0.013,0.017,1,,,
NT5C,0.005573314,-0.641589348,0.102,0.088,1,,,
PURB,0.005591949,-0.620109483,0.068,0.058,1,,,
HIST1H4C,0.00564646,-0.96507085,0.072,0.078,1,,,
COLCA2,0.005697809,-1.089897179,0.01,0.013,1,,,
ZNF585A,0.005703548,-0.452046831,0.018,0.014,1,,,
RABIF,0.0057113,-1.17706649,0.015,0.019,1,,,
PAXX,0.005713514,-1.111467256,0.042,0.047,1,,,
TAF4,0.005716911,-0.631211409,0.07,0.061,1,,,
UBE2S,0.005722986,-1.293975293,0.01,0.013,1,,,
AC007271.1,0.005729943,-1.323187956,0.013,0.017,1,,,
ABT1,0.005748797,-0.650106548,0.021,0.017,1,,,
SF3B4,0.005754058,-0.335622642,0.027,0.022,1,,,
ZNF772,0.005759224,-0.263740559,0.01,0.007,1,,,
TMEM220-AS1,0.005836888,-0.984146672,0.089,0.094,1,,,
UQCRB,0.005837388,-0.918932098,0.086,0.092,1,,,
UNC5D,0.005837688,-0.724847738,0.01,0.007,1,,,
JPT1,0.005843022,-0.941350231,0.021,0.026,1,,,
RNF219,0.005851013,-0.682843412,0.071,0.061,1,,,
DGCR5,0.005874186,-1.166833817,0.007,0.01,1,,,
SERPINB1,0.005879814,-0.64838043,0.111,0.096,1,,,
NUP205,0.005883864,-0.950098096,0.085,0.09,1,,,
GRPEL2,0.005890046,-0.633032786,0.016,0.012,1,,,
CDK15,0.005929251,-1.531297661,0.018,0.023,1,,,
FEZ2,0.005968151,-0.578293265,0.444,0.387,1,,,
AC036214.1,0.006014859,-1.460084226,0.01,0.013,1,,,
NAXE,0.006028261,-1.264450694,0.014,0.018,1,,,
GPN1,0.00605356,-0.567306852,0.025,0.02,1,,,
DYNC2H1,0.006071339,-0.630919714,0.448,0.38,1,,,
MAFB,0.006073602,-0.704491577,0.116,0.101,1,,,
RHD,0.006097459,-0.696562392,0.066,0.057,1,,,
SLC4A2,0.006108541,-0.853120717,0.043,0.05,1,,,
SFT2D3,0.00610891,-0.455652804,0.021,0.017,1,,,
AARS2,0.006114304,-1.02365045,0.024,0.029,1,,,
SLC15A2,0.006114845,-1.209986132,0.024,0.029,1,,,
CA3,0.006133821,-0.270213395,0.068,0.06,1,,,
AC073333.1,0.006152867,-0.4413277,0.018,0.014,1,,,
AC025279.1,0.006231104,-1.181948799,0.02,0.024,1,,,
UCK1,0.006239637,-0.378201995,0.018,0.014,1,,,
C12orf76,0.006273092,-0.676658314,0.08,0.069,1,,,
ZNF528-AS1,0.00628785,-0.708749959,0.083,0.072,1,,,
CDC16,0.006289252,-0.609405431,0.24,0.203,1,,,
ZCCHC10,0.006304402,-0.657435167,0.094,0.081,1,,,
ZNF232,0.006312913,-1.211813611,0.015,0.019,1,,,
EFNA1,0.006359625,-0.961083064,0.032,0.038,1,,,
NUDT16L1,0.00638543,-0.578075489,0.022,0.018,1,,,
SNHG3,0.006395363,-0.590021987,0.07,0.061,1,,,
GSR,0.006409576,-0.607794946,0.069,0.059,1,,,
SLC35B1,0.006413177,-0.622920497,0.041,0.035,1,,,
RPS6KB2,0.006428388,-0.641526464,0.029,0.024,1,,,
AC093726.1,0.006446436,-0.391024994,0.02,0.015,1,,,
KIDINS220,0.006449488,-0.487134607,0.432,0.345,1,,,
SUPT20H,0.006472908,-0.621755589,0.205,0.176,1,,,
PRRC1,0.006482788,-0.679177425,0.087,0.076,1,,,
FAM83H,0.006520529,-1.183775347,0.01,0.013,1,,,
CCDC115,0.006548138,-1.026956518,0.015,0.019,1,,,
BEGAIN,0.006571134,-0.461310887,0.015,0.012,1,,,
AC020611.2,0.006574941,-0.597732338,0.142,0.124,1,,,
TTC13,0.006588874,-0.742316032,0.114,0.099,1,,,
SLC25A25-AS1,0.00660337,-0.439291388,0.01,0.007,1,,,
C21orf2,0.006655014,-0.485270601,0.018,0.014,1,,,
SSNA1,0.006661134,-0.587713316,0.043,0.037,1,,,
CASC2,0.006661192,-0.58519811,0.088,0.076,1,,,
FKBP2,0.006716972,-0.903407892,0.137,0.139,1,,,
AC112722.1,0.006728889,-1.173544421,0.037,0.042,1,,,
AC020917.2,0.006751039,-0.589028118,0.01,0.007,1,,,
ZNF662,0.006754144,-0.726915728,0.02,0.016,1,,,
FAM57A,0.006754617,-1.421432494,0.008,0.011,1,,,
RFLNB,0.006755561,-1.667736091,0.007,0.01,1,,,
NAP1L5,0.006793199,-0.512690994,0.01,0.007,1,,,
KCTD1,0.006821844,-0.768430581,0.104,0.09,1,,,
RFX4,0.006834516,-0.556244824,0.013,0.009,1,,,
C9orf40,0.006837399,-0.71425117,0.014,0.01,1,,,
NAA38,0.006859249,-0.684941107,0.108,0.094,1,,,
FUT11,0.006897045,-0.998402617,0.037,0.043,1,,,
CTU2,0.00694293,-0.562546674,0.012,0.009,1,,,
C5AR1,0.006979691,-1.20051776,0.036,0.041,1,,,
SPDL1,0.0070189,-1.403802041,0.011,0.015,1,,,
PRKAB1,0.007037576,-0.626144612,0.029,0.024,1,,,
ACOT7,0.007055634,-0.599789141,0.024,0.02,1,,,
HERPUD1,0.007056204,-0.960022241,0.156,0.155,1,,,
YKT6,0.007059961,-0.608976043,0.022,0.018,1,,,
TVP23C,0.007089866,-0.583285293,0.013,0.01,1,,,
SLC35B2,0.007091538,-1.057228665,0.013,0.017,1,,,
ZNF277,0.007142519,-0.85410474,0.156,0.156,1,,,
THAP8,0.007153803,-0.569090643,0.024,0.02,1,,,
AL356756.1,0.007155423,-1.389858603,0.016,0.02,1,,,
AGAP3,0.007176493,-0.648159872,0.122,0.106,1,,,
BMP2,0.00723738,-1.162217443,0.016,0.02,1,,,
SNRPC,0.007241991,-0.47530243,0.048,0.041,1,,,
TAF1B,0.007248795,-0.652325398,0.15,0.13,1,,,
TGFB1,0.007258522,-0.685806258,0.169,0.146,1,,,
SNRPF,0.007317773,-0.931997595,0.035,0.041,1,,,
AC087280.2,0.007400912,-0.627290984,0.014,0.01,1,,,
PSMG1,0.007436188,-0.516335858,0.03,0.025,1,,,
IFNAR1,0.007473442,-0.825063689,0.173,0.171,1,,,
WDR13,0.007485181,-0.554497782,0.063,0.054,1,,,
TSEN54,0.00751255,-0.701400089,0.042,0.035,1,,,
VOPP1,0.007565431,-0.814683867,0.162,0.139,1,,,
ANKRD10-IT1,0.007585712,-0.659250708,0.058,0.05,1,,,
MDH1B,0.007616043,-1.158796369,0.008,0.011,1,,,
FOXJ2,0.007658575,-0.575212848,0.037,0.031,1,,,
PUDP,0.007675009,-0.616826867,0.102,0.089,1,,,
JAM3,0.007705919,-0.95818196,0.048,0.054,1,,,
LINC01073,0.007729333,-0.457876956,0.014,0.011,1,,,
BTBD10,0.007793887,-0.872183655,0.126,0.129,1,,,
AC020915.1,0.007804088,-0.53356449,0.021,0.017,1,,,
CA7,0.007818061,-0.407870717,0.011,0.008,1,,,
ANXA11,0.007821297,-0.788762732,0.16,0.159,1,,,
AC007906.2,0.007821917,-1.471517003,0.007,0.01,1,,,
JMJD1C,0.007822726,-0.138520555,0.825,0.673,1,,,
THAP1,0.007824286,-0.551979528,0.019,0.015,1,,,
RCC1,0.00783517,-1.071480516,0.032,0.038,1,,,
PXMP4,0.007845166,-0.698708519,0.032,0.026,1,,,
SPTSSA,0.007866272,-0.461017951,0.034,0.028,1,,,
SERPINI2,0.007880192,-1.178027454,0.009,0.012,1,,,
RSPRY1,0.007921199,-0.625777324,0.135,0.117,1,,,
AC010642.2,0.007922666,-0.707707293,0.026,0.022,1,,,
SUCLG2,0.007932976,-0.700497241,0.346,0.307,1,,,
HIGD1C,0.007955145,-0.436330411,0.025,0.021,1,,,
RAB11FIP2,0.007982194,-0.831926126,0.161,0.16,1,,,
MORN4,0.008049942,-0.907041021,0.041,0.047,1,,,
ZNF524,0.008059133,-0.306211816,0.015,0.012,1,,,
C17orf78,0.008071467,-0.384535758,0.012,0.009,1,,,
COA1,0.008095298,-0.557498585,0.363,0.297,1,,,
RAB26,0.008144828,-1.150581621,0.019,0.024,1,,,
ENKD1,0.008168602,-0.943381217,0.017,0.022,1,,,
PSMB3,0.008171016,-0.667127548,0.056,0.048,1,,,
IGF2BP3,0.008177058,-0.262429863,0.012,0.009,1,,,
PHACTR4,0.008195193,-0.628897015,0.375,0.333,1,,,
TDP2,0.008198229,-0.739993827,0.079,0.068,1,,,
FKBP15,0.008219919,-0.915275351,0.141,0.141,1,,,
SMYD5,0.008220816,-0.788921034,0.022,0.018,1,,,
PA2G4,0.008229845,-0.908879133,0.04,0.045,1,,,
METTL18,0.00824134,-0.331261863,0.012,0.009,1,,,
AP001107.4,0.0083118,-1.102725258,0.007,0.01,1,,,
GPBP1L1,0.008326483,-0.557303025,0.352,0.288,1,,,
UBE2M,0.008357793,-0.426067124,0.022,0.018,1,,,
AC090912.1,0.008377027,-1.126469118,0.022,0.026,1,,,
ISCU,0.00838933,-0.6924731,0.073,0.063,1,,,
PTAR1,0.008501666,-0.665868712,0.195,0.168,1,,,
AC027682.2,0.008512847,-1.334593594,0.01,0.013,1,,,
SEC61G,0.00853811,-0.99175771,0.041,0.046,1,,,
MEF2C-AS1,0.008561857,-0.558835926,0.145,0.127,1,,,
GDI1,0.008575697,-1.0996578,0.046,0.051,1,,,
LMF2,0.008586836,-0.635958322,0.042,0.036,1,,,
EXOC8,0.008617588,-1.307161051,0.009,0.013,1,,,
C1GALT1C1,0.008626005,-0.522407156,0.044,0.037,1,,,
SYDE1,0.008646203,-1.267798088,0.011,0.014,1,,,
CREB3L2,0.008718929,-0.547821096,0.221,0.191,1,,,
ERCC2,0.008782384,-1.165488837,0.018,0.023,1,,,
C19orf48,0.008783465,-0.96386556,0.017,0.021,1,,,
C19orf44,0.008806979,-0.517166807,0.039,0.033,1,,,
RAD51D,0.008808658,-0.661651957,0.032,0.026,1,,,
LINC00294,0.008847129,-1.283774882,0.008,0.011,1,,,
MRPL28,0.008878458,-0.432950555,0.019,0.015,1,,,
ZFP82,0.008900924,-0.685614739,0.06,0.051,1,,,
RNF103,0.008918521,-1.072520582,0.028,0.033,1,,,
ZNF823,0.008990058,-0.615667987,0.058,0.05,1,,,
TMEM234,0.009032423,-0.609259197,0.041,0.035,1,,,
AC010261.2,0.009065267,-0.660332841,0.048,0.041,1,,,
TTC32,0.009085825,-0.704886743,0.048,0.041,1,,,
AC087623.2,0.009113349,-0.766969137,0.056,0.048,1,,,
ANAPC2,0.009119618,-0.495411751,0.013,0.01,1,,,
METTL9,0.009143353,-0.701234954,0.095,0.083,1,,,
TADA3,0.009154887,-0.60973631,0.049,0.042,1,,,
RIOK1,0.00916464,-0.60727297,0.061,0.053,1,,,
BABAM1,0.009200588,-0.499652557,0.027,0.022,1,,,
AL365277.2,0.009217916,-0.320023535,0.01,0.007,1,,,
NLK,0.00924926,-0.92569987,0.238,0.221,1,,,
SRRT,0.009253854,-0.66233971,0.092,0.08,1,,,
PPFIBP2,0.009297762,-0.933329527,0.099,0.103,1,,,
MMP9,0.009316558,-1.187149063,0.007,0.01,1,,,
ZNF830,0.009342896,-0.527956476,0.045,0.038,1,,,
ACBD6,0.009351402,-0.637217729,0.384,0.335,1,,,
CCDC73,0.009370966,-0.778507786,0.043,0.036,1,,,
RWDD1,0.009466897,-0.67094029,0.086,0.075,1,,,
TMED1,0.009529671,-0.660244216,0.021,0.017,1,,,
MMADHC,0.009538311,-0.551746348,0.092,0.081,1,,,
CAPRIN2,0.009547094,-0.87848197,0.099,0.104,1,,,
AC010186.3,0.00957029,-1.586507048,0.01,0.014,1,,,
ZDHHC2,0.009616843,-0.918663161,0.075,0.08,1,,,
SLC25A19,0.009632919,-0.930489363,0.028,0.032,1,,,
ZNF99,0.009758832,-1.486540036,0.008,0.011,1,,,
LNX2,0.009781006,-1.028263336,0.058,0.064,1,,,
NUDT16,0.009799824,-0.521265724,0.024,0.02,1,,,
ABRAXAS1,0.00985398,-0.73830276,0.086,0.074,1,,,
SLC24A3,0.009890399,-0.832667898,0.294,0.243,1,,,
ZNF667-AS1,0.010048497,-0.523959855,0.035,0.03,1,,,
AC018521.2,0.010055039,-0.385186845,0.01,0.007,1,,,
SLC5A10,0.010119793,-0.411204681,0.011,0.008,1,,,
ITPKB-AS1,0.010209553,-1.516490013,0.018,0.022,1,,,
DPT,0.010236696,-1.166784648,0.125,0.125,1,,,
DHX38,0.010259208,-0.636309663,0.093,0.082,1,,,
MON1A,0.010263994,-1.322675762,0.016,0.02,1,,,
TPGS1,0.010280891,-0.671413196,0.026,0.021,1,,,
KLF11,0.010303553,-0.549802284,0.06,0.052,1,,,
MCM6,0.010390604,-0.617026791,0.031,0.026,1,,,
CTU1,0.010433094,-0.482078869,0.021,0.017,1,,,
CSRNP1,0.010451576,-1.382563036,0.009,0.012,1,,,
PDGFA,0.010526818,-1.2617955,0.017,0.021,1,,,
CDPF1,0.010530054,-0.36068162,0.012,0.009,1,,,
BCAT2,0.010548095,-0.903817766,0.053,0.059,1,,,
AC007619.1,0.010574101,-0.563649295,0.017,0.013,1,,,
ZNF264,0.01059898,-0.701676109,0.084,0.073,1,,,
CIDEB,0.010705982,-1.222299474,0.01,0.013,1,,,
AC011451.3,0.010788043,-0.210695327,0.011,0.008,1,,,
TBK1,0.010790789,-0.665942338,0.199,0.171,1,,,
LRRC4B,0.010848011,-1.36649135,0.007,0.01,1,,,
CDCA4,0.010856977,-1.362284123,0.011,0.015,1,,,
PIGC,0.010868338,-0.677937379,0.118,0.103,1,,,
ALG12,0.010883887,-0.706153991,0.043,0.036,1,,,
PASK,0.010896637,-0.631872131,0.012,0.009,1,,,
FASTKD3,0.010931832,-0.400271491,0.016,0.013,1,,,
C11orf68,0.010955161,-0.983993449,0.012,0.015,1,,,
AC003002.1,0.011021757,-0.502521443,0.016,0.013,1,,,
CCNA2,0.011025997,-0.511188695,0.015,0.012,1,,,
PPP4C,0.01106832,-0.547969038,0.052,0.045,1,,,
SOCS3,0.011073458,-0.833285098,0.015,0.019,1,,,
CISD3,0.011097668,-1.268373568,0.016,0.02,1,,,
BAHD1,0.011135533,-1.142416745,0.032,0.037,1,,,
DLGAP1-AS1,0.011157872,-1.096051422,0.037,0.042,1,,,
CKLF,0.011200517,-1.382531372,0.012,0.016,1,,,
AC021237.1,0.011241548,-1.223834851,0.015,0.019,1,,,
TRIM6,0.011320077,-0.389038119,0.01,0.008,1,,,
GHITM,0.011383884,-0.579967708,0.064,0.056,1,,,
FKBP9,0.011389677,-0.904416197,0.094,0.098,1,,,
RFX7,0.011546311,-0.7744469,0.265,0.246,1,,,
ZNF613,0.011558779,-0.577936947,0.018,0.015,1,,,
VARS,0.011564116,-1.07228949,0.021,0.025,1,,,
AC015908.3,0.011644023,-1.011867541,0.035,0.04,1,,,
DCTPP1,0.011740074,-1.133742499,0.008,0.011,1,,,
RGS5,0.011751616,-1.142181096,0.072,0.062,1,,,
AC010173.1,0.011762085,-1.224826122,0.015,0.018,1,,,
DIMT1,0.011775257,-0.739022373,0.063,0.054,1,,,
AC009093.2,0.011812602,-1.222306174,0.01,0.013,1,,,
USP51,0.011816205,-0.841645968,0.013,0.016,1,,,
AL035427.1,0.012090278,-0.67797713,0.171,0.148,1,,,
CRACR2B,0.012098682,-0.577076332,0.016,0.012,1,,,
GTPBP3,0.012107212,-0.656300436,0.028,0.023,1,,,
VAMP3,0.012124132,-0.679530771,0.06,0.052,1,,,
AC117834.1,0.012219035,-0.901096637,0.193,0.187,1,,,
U91328.2,0.012221917,-0.512988318,0.011,0.008,1,,,
MAP3K6,0.01232241,-1.043488822,0.017,0.021,1,,,
SYCP2L,0.012389272,-0.991046259,0.023,0.027,1,,,
ARL3,0.012392373,-0.824496539,0.063,0.069,1,,,
CNTNAP2,0.012396232,-1.190039826,0.054,0.046,1,,,
TBC1D14,0.012415527,-1.164139799,0.151,0.148,1,,,
YRDC,0.012501753,-0.414268684,0.017,0.014,1,,,
RPL17,0.012503964,-0.641590343,0.036,0.03,1,,,
AC022915.2,0.012512017,-0.830174118,0.035,0.03,1,,,
MAP4K2,0.012551687,-1.263450693,0.023,0.028,1,,,
SF3B1,0.012551956,-0.489776917,0.466,0.371,1,,,
PRELID1,0.012597117,-1.06730504,0.025,0.03,1,,,
MOCS2,0.012598051,-0.616459217,0.036,0.03,1,,,
MFSD4A,0.012868068,-1.189293008,0.014,0.017,1,,,
HIGD2A,0.012953782,-0.596917142,0.046,0.04,1,,,
PM20D1,0.012963717,-1.250581912,0.015,0.019,1,,,
PXYLP1,0.012967387,-1.051956067,0.041,0.046,1,,,
ARHGAP21,0.013020628,-0.426025711,0.457,0.368,1,,,
ZNF790,0.013024431,-0.641901379,0.151,0.131,1,,,
AC105036.3,0.013133105,-0.775430936,0.023,0.019,1,,,
TIFA,0.013294509,-0.912587412,0.008,0.011,1,,,
TMX1,0.013318481,-0.739870429,0.092,0.08,1,,,
PTCHD1-AS,0.013363183,-0.769415199,0.016,0.012,1,,,
AP1S3,0.013367618,-1.010334488,0.044,0.049,1,,,
MZT1,0.013403933,-0.674387922,0.03,0.025,1,,,
LEO1,0.013421019,-1.034522853,0.055,0.061,1,,,
TSPAN6,0.013450444,-0.793208802,0.022,0.018,1,,,
FIG4,0.013582009,-0.934386051,0.124,0.126,1,,,
AVL9,0.013601851,-0.604599118,0.325,0.268,1,,,
RNF5,0.013626224,-1.196228295,0.009,0.012,1,,,
ZCCHC3,0.013641368,-0.554490569,0.029,0.024,1,,,
FAM117B,0.013824271,-0.695667401,0.103,0.09,1,,,
AC018362.1,0.013861936,-0.635358053,0.015,0.012,1,,,
C2CD2L,0.013911302,-1.160275861,0.017,0.021,1,,,
SUPT16H,0.013922568,-0.715259821,0.142,0.124,1,,,
AP4B1-AS1,0.013940695,-0.853843898,0.046,0.039,1,,,
FRY,0.013941037,-0.664363254,0.248,0.236,1,,,
FBXO22,0.013947666,-0.741902335,0.156,0.135,1,,,
NOS1,0.014049214,-0.490662727,0.01,0.007,1,,,
RPL22,0.014065499,-1.011024878,0.091,0.095,1,,,
VAMP1,0.014084985,-0.71162979,0.022,0.018,1,,,
HCCS,0.014186569,-0.335467046,0.014,0.011,1,,,
GOLGA8A,0.014196819,-0.799640408,0.171,0.168,1,,,
MINDY1,0.014247869,-0.64618992,0.052,0.045,1,,,
JOSD1,0.014274116,-0.904055763,0.08,0.084,1,,,
HERPUD2,0.014379953,-0.874999275,0.162,0.159,1,,,
MIEN1,0.01438739,-0.896370869,0.016,0.02,1,,,
MTMR1,0.014420987,-0.647386773,0.138,0.121,1,,,
TKFC,0.014526356,-0.440437293,0.023,0.019,1,,,
C16orf91,0.014580173,-0.455535208,0.016,0.013,1,,,
VASH2,0.014631079,-1.384771537,0.018,0.022,1,,,
AL355987.4,0.014793938,-0.531582769,0.036,0.031,1,,,
ZNF699,0.014870401,-1.081937638,0.029,0.034,1,,,
ARHGEF17,0.014878002,-0.747424732,0.073,0.063,1,,,
CLEC20A,0.014879089,-1.570348855,0.008,0.011,1,,,
DNAJB11,0.014934474,-0.615815136,0.043,0.037,1,,,
EFCAB11,0.014960485,-0.519691197,0.019,0.015,1,,,
ZP3,0.01499983,-0.577198222,0.025,0.021,1,,,
TRIM27,0.015044118,-0.650446348,0.098,0.087,1,,,
SPRY4,0.015057274,-0.773512307,0.031,0.026,1,,,
VWA5A,0.015077072,-1.255342075,0.019,0.023,1,,,
ZNF521,0.015133504,-0.797149069,0.381,0.331,1,,,
TRIAP1,0.015137233,-0.375676345,0.012,0.009,1,,,
AC004241.1,0.015244492,-0.648661834,0.03,0.026,1,,,
AP002807.1,0.015328585,-1.155230511,0.008,0.011,1,,,
TMEM236,0.015345263,-0.489425194,0.01,0.008,1,,,
ELK1,0.015418276,-0.504300775,0.029,0.024,1,,,
FXYD1,0.015528442,-0.381306853,0.014,0.011,1,,,
TAX1BP3,0.015540228,-1.192509684,0.008,0.011,1,,,
AC099518.3,0.015569469,-0.511946534,0.025,0.02,1,,,
SEC63,0.015586963,-0.782777125,0.267,0.245,1,,,
AL133351.1,0.015604191,-0.471159772,0.013,0.01,1,,,
HELB,0.015622448,-1.063735323,0.061,0.066,1,,,
RSL24D1,0.015812486,-0.614695098,0.06,0.052,1,,,
AC110285.2,0.015866322,-0.644344502,0.019,0.015,1,,,
MED16,0.015894722,-0.650097254,0.027,0.022,1,,,
INTS11,0.015950014,-0.696756043,0.063,0.055,1,,,
AC243919.1,0.016027018,-1.192528826,0.01,0.013,1,,,
C16orf52,0.016064504,-0.861063662,0.187,0.181,1,,,
MGAM,0.016066616,-1.600893757,0.008,0.011,1,,,
RPA4,0.016067074,-0.66989942,0.01,0.008,1,,,
AC073052.2,0.016082517,-0.479771681,0.014,0.011,1,,,
SNU13,0.0161001,-0.756630445,0.086,0.076,1,,,
DYNLRB2,0.016121778,-0.926559927,0.026,0.03,1,,,
AC139795.2,0.016204283,-1.231452648,0.029,0.033,1,,,
EEF1AKMT2,0.016215196,-0.522977981,0.033,0.028,1,,,
POLR3C,0.016235304,-0.700249836,0.073,0.064,1,,,
ARFGAP1,0.016275209,-1.110303426,0.036,0.041,1,,,
ZBTB47,0.016283148,-0.630237812,0.018,0.015,1,,,
DPM2,0.016330205,-0.497912869,0.028,0.023,1,,,
LAT2,0.016360576,-1.200692536,0.027,0.031,1,,,
MTSS1L,0.016435078,-1.084320216,0.03,0.034,1,,,
ATP6V1C2,0.016444565,-1.332429869,0.01,0.013,1,,,
FAM229A,0.016501999,-0.399079812,0.018,0.015,1,,,
SPPL2A,0.016588722,-0.668258233,0.218,0.187,1,,,
SLC39A13,0.01661148,-1.238769632,0.02,0.024,1,,,
CLCN3,0.016659266,-0.657237067,0.178,0.155,1,,,
AC243829.1,0.016741275,-1.624931793,0.009,0.012,1,,,
SNX8,0.016836634,-0.617641044,0.093,0.082,1,,,
STXBP5-AS1,0.01686056,-1.478848379,0.02,0.024,1,,,
ZNF230,0.016866339,-0.99268968,0.009,0.012,1,,,
TRPM4,0.01688262,-1.189674518,0.026,0.031,1,,,
VPS13D,0.016904826,-0.512705313,0.439,0.355,1,,,
EPN2-AS1,0.016935971,-1.233505765,0.028,0.032,1,,,
SAMD4B,0.016938648,-0.660468768,0.165,0.144,1,,,
SLC4A7,0.016950401,-0.944351274,0.19,0.182,1,,,
VWCE,0.016968566,-1.617888882,0.011,0.014,1,,,
AP001432.1,0.017033492,-0.657850394,0.031,0.026,1,,,
TMEM179B,0.017063696,-0.700455989,0.124,0.109,1,,,
TOP3B,0.017325653,-0.653580448,0.033,0.028,1,,,
CEP170,0.017402614,-0.640287324,0.231,0.197,1,,,
NIPSNAP1,0.017432582,-1.1949722,0.028,0.032,1,,,
APOC1,0.017562519,-1.151127262,0.021,0.025,1,,,
SLC16A14,0.017639486,-1.549860872,0.015,0.019,1,,,
ZNF845,0.017654593,-0.715360802,0.027,0.023,1,,,
NADSYN1,0.017757179,-0.652176873,0.09,0.079,1,,,
AL049780.1,0.017893181,-0.555212694,0.018,0.015,1,,,
EML2,0.018040745,-0.633209135,0.075,0.066,1,,,
PACRGL,0.018068474,-0.869488115,0.145,0.145,1,,,
ZNF70,0.018103603,-0.611587779,0.03,0.026,1,,,
TFG,0.018104991,-0.642148992,0.198,0.172,1,,,
AC092902.2,0.018156494,-0.615912431,0.163,0.143,1,,,
ZFP62,0.018178724,-0.641393505,0.049,0.042,1,,,
ATOX1,0.018202692,-0.677789925,0.068,0.06,1,,,
RRAGA,0.018271696,-0.757909846,0.026,0.03,1,,,
ATXN7L3B,0.018343897,-0.659868726,0.081,0.072,1,,,
AC234582.1,0.018350745,-1.079235923,0.022,0.026,1,,,
ATPIF1,0.018355808,-1.001394299,0.077,0.081,1,,,
CHD4,0.018383939,-0.623325986,0.175,0.153,1,,,
CEP162,0.018422986,-0.890393629,0.206,0.196,1,,,
CENPQ,0.018431033,-0.45404799,0.03,0.026,1,,,
METAP1,0.018500335,-0.658206276,0.087,0.077,1,,,
NOP56,0.018518672,-0.684935978,0.066,0.058,1,,,
RAB1B,0.018593103,-0.637173921,0.035,0.03,1,,,
MRPL18,0.018675605,-0.625859796,0.07,0.062,1,,,
ZNF813,0.018774016,-0.597636928,0.028,0.024,1,,,
IL15RA,0.018803476,-1.214846191,0.037,0.042,1,,,
AK5,0.018823249,-0.468905736,0.01,0.007,1,,,
TNFRSF1A,0.018851036,-0.810349859,0.174,0.17,1,,,
ZMYM4,0.018870397,-0.569043262,0.451,0.382,1,,,
DYNC1LI1,0.018890555,-0.731728229,0.106,0.093,1,,,
GATAD2B,0.018904741,-0.563551081,0.314,0.263,1,,,
LINC00470,0.019075327,-0.534030857,0.013,0.01,1,,,
POLR2H,0.019159134,-0.628577851,0.064,0.056,1,,,
EVI2A,0.019238728,-1.089773461,0.015,0.019,1,,,
SUGT1,0.019364336,-0.86113008,0.128,0.129,1,,,
C8orf37,0.019420843,-0.573343464,0.023,0.019,1,,,
AC058822.1,0.019439892,-0.664590021,0.348,0.287,1,,,
VPS37C,0.019473658,-1.064972178,0.04,0.045,1,,,
AC090204.1,0.019485971,-0.326156708,0.014,0.011,1,,,
OSTC,0.019540856,-0.919925378,0.092,0.096,1,,,
DUSP3,0.019575739,-0.621236673,0.035,0.03,1,,,
KDM4C,0.019675037,-0.678444086,0.399,0.342,1,,,
M6PR,0.019682093,-0.654860141,0.086,0.076,1,,,
MTA1,0.019696362,-0.681263069,0.063,0.055,1,,,
CNGA1,0.019732366,-1.407679149,0.017,0.02,1,,,
AL110118.2,0.019839492,-0.867054008,0.029,0.024,1,,,
SLC35A2,0.019865532,-0.404269168,0.013,0.01,1,,,
EIF3D,0.019897912,-0.872187869,0.111,0.114,1,,,
AC024060.1,0.019943566,-0.679727655,0.014,0.011,1,,,
ARMCX5,0.019976025,-0.574939719,0.019,0.015,1,,,
ARRDC1,0.020020977,-0.951761359,0.021,0.025,1,,,
BAG1,0.020042638,-1.077643701,0.027,0.032,1,,,
POGZ,0.020212811,-0.566711214,0.446,0.38,1,,,
LINGO2,0.020251918,-1.797798691,0.014,0.011,1,,,
LRRC59,0.020272827,-0.614376587,0.026,0.022,1,,,
AC116407.2,0.020446355,-0.943330095,0.015,0.019,1,,,
NDUFB10,0.020448179,-0.936765477,0.05,0.056,1,,,
BCL9,0.020514737,-0.653031533,0.101,0.089,1,,,
RARS,0.020554784,-0.712080688,0.182,0.158,1,,,
KIAA0355,0.020574454,-0.746394788,0.248,0.21,1,,,
ELL,0.020637798,-1.049923687,0.077,0.081,1,,,
ARPC3,0.020660286,-0.968412435,0.082,0.086,1,,,
AL356488.2,0.020676472,-0.711665703,0.019,0.015,1,,,
COL26A1,0.020676496,-0.459515175,0.015,0.012,1,,,
HSPBP1,0.020716591,-1.1752292,0.012,0.015,1,,,
PLCH1,0.020753084,-0.57582908,0.012,0.01,1,,,
STX4,0.02082198,-1.05521265,0.048,0.053,1,,,
CSTF2,0.02085537,-0.557434282,0.022,0.018,1,,,
C19orf53,0.020887945,-0.972772538,0.034,0.038,1,,,
ADRM1,0.020934412,-1.014812274,0.021,0.025,1,,,
RNF139,0.020940258,-0.725620577,0.04,0.034,1,,,
CPT1C,0.021089629,-1.542705291,0.009,0.012,1,,,
AC130324.2,0.021264677,-0.995063056,0.033,0.037,1,,,
CDAN1,0.021472713,-0.681400416,0.037,0.031,1,,,
AC138058.1,0.021566999,-0.434175547,0.011,0.009,1,,,
ETHE1,0.021582388,-1.078167603,0.031,0.036,1,,,
MED18,0.021734123,-0.544378734,0.013,0.01,1,,,
WDR83OS,0.021794378,-0.983401099,0.053,0.058,1,,,
DHX58,0.021816057,-1.238211696,0.016,0.02,1,,,
RCN2,0.021835262,-0.640427137,0.141,0.124,1,,,
TEX264,0.02185262,-0.650552721,0.06,0.053,1,,,
ZNF257,0.021878212,-1.241689654,0.019,0.023,1,,,
ZNF675,0.021914399,-0.644781249,0.064,0.056,1,,,
IL13RA1,0.021927384,-0.888029074,0.108,0.111,1,,,
ZNF217,0.021960514,-0.927554476,0.092,0.095,1,,,
PIGX,0.021964478,-1.158146076,0.068,0.073,1,,,
AP2B1,0.021965734,-0.588885655,0.332,0.275,1,,,
RTL10,0.021972905,-1.07133179,0.015,0.018,1,,,
RAB6A,0.022098673,-0.722515672,0.302,0.274,1,,,
DGCR8,0.022162166,-0.99204609,0.108,0.11,1,,,
ZSWIM5,0.02234346,-0.65247803,0.115,0.102,1,,,
RBM27,0.022379235,-0.497840003,0.021,0.017,1,,,
TOMM5,0.022428227,-0.313519098,0.012,0.009,1,,,
MYL9,0.02243352,-0.784126368,0.175,0.151,1,,,
POLD1,0.022448863,-1.396800906,0.007,0.01,1,,,
MTA2,0.022484156,-0.612235927,0.018,0.014,1,,,
RPS19BP1,0.022621818,-0.558652927,0.043,0.038,1,,,
H2AFV,0.022732616,-0.680721647,0.107,0.095,1,,,
MCM7,0.02275629,-0.643735357,0.047,0.041,1,,,
ATP8B4,0.022773973,-1.468621309,0.124,0.122,1,,,
KHSRP,0.022796352,-0.993578954,0.047,0.052,1,,,
ZBTB8A,0.022802203,-0.888533761,0.031,0.036,1,,,
AURKAIP1,0.022829455,-0.644401497,0.051,0.045,1,,,
GCAT,0.022847764,-0.59458594,0.011,0.008,1,,,
PPP1R11,0.022915931,-0.859628121,0.033,0.038,1,,,
PINK1,0.022974932,-0.541149447,0.049,0.043,1,,,
FTSJ1,0.02302089,-1.068152648,0.017,0.021,1,,,
ANKRD11,0.023088759,-0.633620052,0.427,0.363,1,,,
ZBTB33,0.023224768,-0.859106271,0.01,0.013,1,,,
BLOC1S4,0.023286384,-0.661355761,0.025,0.021,1,,,
GRPEL2-AS1,0.023412726,-0.673139856,0.012,0.01,1,,,
INTS13,0.023456311,-0.694504648,0.059,0.052,1,,,
LMBR1L,0.023664818,-0.667493595,0.081,0.071,1,,,
EDEM2,0.023860219,-0.702953771,0.087,0.077,1,,,
POMGNT1,0.024048353,-0.670143353,0.054,0.047,1,,,
CDC42-IT1,0.024059568,-0.450359123,0.01,0.007,1,,,
AP005328.1,0.024085174,-1.261144937,0.01,0.013,1,,,
TRUB2,0.024144562,-0.604794315,0.04,0.035,1,,,
GPAT4,0.024173241,-0.844020633,0.068,0.073,1,,,
AP001347.1,0.024392278,-1.081121584,0.136,0.135,1,,,
SAMD1,0.024435772,-0.992188761,0.013,0.016,1,,,
CYB5R1,0.02447208,-0.496218685,0.039,0.034,1,,,
STK11IP,0.024474409,-1.003134859,0.024,0.028,1,,,
EFR3B,0.024517716,-0.747412355,0.02,0.016,1,,,
POLR2G,0.024536965,-0.755325903,0.03,0.025,1,,,
FAM8A1,0.024586302,-0.637435881,0.052,0.045,1,,,
AC107959.1,0.024787674,-0.816823605,0.02,0.016,1,,,
SNAP29,0.024859253,-0.884471337,0.077,0.082,1,,,
AC011389.2,0.02504357,-0.737101083,0.04,0.034,1,,,
DHFR2,0.025108304,-1.09479029,0.025,0.029,1,,,
DAGLB,0.025232465,-0.650221076,0.061,0.054,1,,,
LEPROT,0.025291956,-0.870802249,0.176,0.171,1,,,
PCNX3,0.025418774,-0.541425606,0.022,0.019,1,,,
CNKSR3,0.025481607,-1.090103006,0.073,0.077,1,,,
FBRSL1,0.025656705,-0.758395783,0.073,0.064,1,,,
CYGB,0.025815174,-1.23624771,0.01,0.013,1,,,
CFAP44,0.026010707,-0.804645943,0.151,0.15,1,,,
FUCA2,0.026021736,-0.664860857,0.099,0.088,1,,,
RIF1,0.026268955,-0.595999939,0.296,0.249,1,,,
AC104695.3,0.026320659,-0.7342424,0.019,0.015,1,,,
DGCR6L,0.026377923,-1.200161845,0.009,0.012,1,,,
DOLK,0.026431179,-0.35674234,0.012,0.009,1,,,
GPX7,0.026463062,-0.773991039,0.016,0.013,1,,,
KIAA1468,0.026491462,-0.646674392,0.26,0.22,1,,,
01-Sep,0.026521888,-0.750529564,0.044,0.039,1,,,
SLC27A3,0.026636358,-0.778996654,0.042,0.036,1,,,
CHAMP1,0.026767293,-0.675041522,0.047,0.041,1,,,
VPS18,0.02686067,-0.551429062,0.025,0.021,1,,,
AHRR,0.026956742,-0.921903219,0.021,0.025,1,,,
PGBD1,0.027002804,-0.601144246,0.037,0.032,1,,,
AC107884.1,0.027004774,-0.996692858,0.052,0.057,1,,,
RNF19A,0.02705283,-0.574790197,0.431,0.37,1,,,
LINC00094,0.027076182,-0.67013271,0.031,0.026,1,,,
PLCD3,0.027144563,-0.536912635,0.037,0.032,1,,,
TP53RK,0.027164599,-0.819432821,0.011,0.013,1,,,
ZNF358,0.027196432,-1.244548887,0.01,0.012,1,,,
TMEM19,0.027203195,-1.069272647,0.018,0.021,1,,,
CHEK1,0.027374905,-1.240492246,0.009,0.012,1,,,
SCUBE3,0.027385557,-0.672304328,0.07,0.061,1,,,
SWI5,0.027532053,-0.649914128,0.045,0.039,1,,,
AC120114.2,0.027605972,-0.666612516,0.01,0.007,1,,,
TRMT10C,0.027607259,-0.56077073,0.056,0.049,1,,,
CNTNAP1,0.027718596,-0.717473164,0.03,0.026,1,,,
HOXA4,0.027828423,-0.604315419,0.017,0.013,1,,,
AL035458.2,0.027944775,-0.553778114,0.018,0.014,1,,,
TOMM34,0.027992025,-1.051435415,0.021,0.025,1,,,
HIGD1A,0.028086575,-0.262466209,0.012,0.01,1,,,
KCNE3,0.028096125,-0.459189544,0.033,0.029,1,,,
SPP1,0.028096728,-1.264724906,0.019,0.023,1,,,
U2AF1L5,0.028191618,-0.75617367,0.015,0.012,1,,,
TTBK2,0.028313517,-0.632484023,0.243,0.208,1,,,
AL024498.2,0.028330265,-0.560326405,0.022,0.019,1,,,
NCOA7,0.028392724,-0.419400364,0.425,0.353,1,,,
ATP6V0A1,0.028425841,-0.746630453,0.208,0.199,1,,,
AC009093.10,0.028434154,-1.15125436,0.029,0.033,1,,,
CCL5,0.028598253,-1.891034878,0.023,0.026,1,,,
C1orf56,0.028762042,-0.798582916,0.061,0.053,1,,,
AL133352.1,0.028997607,-0.58819496,0.013,0.01,1,,,
C10orf128,0.029012858,-0.908790233,0.038,0.033,1,,,
SNAPC5,0.029064388,-0.601652552,0.037,0.032,1,,,
SMIM26,0.029103133,-0.871805565,0.029,0.034,1,,,
ZNF17,0.029194003,-0.570155459,0.015,0.012,1,,,
C7orf61,0.029383583,-0.467174468,0.014,0.012,1,,,
KHDRBS3,0.029414104,-0.923618395,0.072,0.076,1,,,
TSC22D4,0.029500105,-1.010821922,0.07,0.074,1,,,
MCRIP1,0.029527844,-0.986732916,0.046,0.051,1,,,
UBA7,0.029532377,-1.068772216,0.026,0.03,1,,,
ZNF205,0.029632801,-0.634802502,0.021,0.018,1,,,
AC005261.2,0.029774965,-0.597385053,0.065,0.058,1,,,
FN3KRP,0.029856933,-0.516167408,0.039,0.034,1,,,
AC005632.2,0.029875978,-0.653999239,0.02,0.017,1,,,
MRE11,0.029906285,-0.866753015,0.143,0.142,1,,,
PPP6R1,0.030077484,-0.797375759,0.038,0.033,1,,,
PIGM,0.030083814,-0.707051494,0.037,0.032,1,,,
TFCP2L1,0.030100823,-0.99805764,0.011,0.014,1,,,
TSTD1,0.030233883,-0.725447811,0.048,0.053,1,,,
AC107375.1,0.030237071,-0.628374321,0.014,0.012,1,,,
SRF,0.030360131,-0.50446802,0.018,0.015,1,,,
ZC3H12C,0.03046706,-0.713454543,0.148,0.13,1,,,
PINLYP,0.030477949,-0.969276085,0.033,0.038,1,,,
DHX16,0.030550394,-0.702705869,0.081,0.072,1,,,
ATP6V1F,0.030823719,-1.012184295,0.025,0.029,1,,,
ZNF578,0.030832433,-0.529646319,0.022,0.019,1,,,
DNAJC21,0.03086733,-0.660611191,0.103,0.091,1,,,
AC104109.3,0.030898057,-0.507515655,0.01,0.007,1,,,
AC010328.3,0.030906483,-1.224183434,0.008,0.01,1,,,
SLC35E3,0.03120618,-0.700263865,0.089,0.079,1,,,
LINC00578,0.031396122,-1.009890289,0.019,0.023,1,,,
CLPB,0.031505588,-0.548909597,0.041,0.036,1,,,
XPC,0.031552483,-0.833890523,0.15,0.148,1,,,
CHMP1A,0.031683595,-0.745789691,0.049,0.043,1,,,
FBXW9,0.031924413,-0.562082418,0.011,0.008,1,,,
IPPK,0.032093192,-0.993198628,0.05,0.054,1,,,
PRKAB2,0.032180151,-1.025194526,0.038,0.042,1,,,
EXOC3L2,0.032271845,-0.787712015,0.011,0.009,1,,,
AC007285.1,0.032286019,-0.584447782,0.039,0.034,1,,,
SLC25A11,0.032307986,-0.515450978,0.024,0.02,1,,,
CRCP,0.032315652,-0.624772938,0.039,0.034,1,,,
TSPAN13,0.032385852,-0.918012384,0.02,0.016,1,,,
DCAF13,0.032485348,-1.010593297,0.042,0.046,1,,,
KIAA0319L,0.032490045,-0.578963387,0.32,0.268,1,,,
SSSCA1,0.032505102,-0.190904903,0.014,0.011,1,,,
MEX3C,0.032545601,-0.613728883,0.038,0.033,1,,,
CPSF6,0.032602103,-0.576680175,0.347,0.286,1,,,
NDUFB7,0.032650161,-0.738260387,0.074,0.066,1,,,
ANK1,0.032651841,-0.878910031,0.011,0.009,1,,,
AP001258.1,0.032679025,-1.021263684,0.014,0.017,1,,,
AC010809.2,0.032703446,-0.590272192,0.01,0.008,1,,,
AL162464.2,0.032739795,-1.03750132,0.009,0.012,1,,,
LMNB2,0.032775576,-0.840809085,0.008,0.01,1,,,
AC078778.2,0.033077559,-1.138438412,0.011,0.014,1,,,
UBXN6,0.033105034,-0.949356278,0.038,0.043,1,,,
ZMIZ2,0.033171848,-0.629949231,0.106,0.094,1,,,
BUD23,0.033175321,-0.705772663,0.065,0.057,1,,,
AP006623.1,0.033357464,-1.034584647,0.062,0.066,1,,,
SIDT1,0.033411579,-1.061160567,0.026,0.022,1,,,
ALG3,0.033802067,-0.601170841,0.029,0.025,1,,,
CTBS,0.033810441,-0.744033258,0.105,0.093,1,,,
BCL2L1,0.033832112,-0.814322481,0.133,0.117,1,,,
CRNKL1,0.03390426,-0.665838681,0.065,0.057,1,,,
FAM217B,0.034093633,-0.611775559,0.045,0.04,1,,,
NOC4L,0.034131252,-0.402517227,0.01,0.008,1,,,
GLT8D1,0.03415304,-0.903280528,0.064,0.068,1,,,
AC021546.1,0.034334216,-1.085631559,0.012,0.015,1,,,
TMEM132B,0.034644423,-1.189900643,0.02,0.024,1,,,
BOLA3,0.034679344,-0.583381915,0.018,0.015,1,,,
RAMP2,0.034847794,-0.819404377,0.06,0.053,1,,,
PIGH,0.034869589,-0.583680768,0.036,0.032,1,,,
DBF4,0.034875415,-0.554435421,0.045,0.039,1,,,
AC106795.3,0.035050167,-1.03594747,0.008,0.011,1,,,
LSM7,0.035050245,-0.702931908,0.078,0.069,1,,,
AC008443.5,0.035110064,-0.528490347,0.011,0.009,1,,,
HMG20B,0.035214138,-0.604650178,0.034,0.029,1,,,
WDR45B,0.035216269,-0.734645155,0.114,0.101,1,,,
TMEM9,0.03527013,-1.043676514,0.031,0.035,1,,,
ZDHHC1,0.035317527,-0.673179017,0.05,0.044,1,,,
DNTTIP1,0.035340416,-0.649559191,0.063,0.056,1,,,
DDX23,0.03550256,-0.66797777,0.063,0.056,1,,,
PRR34,0.035590256,-0.654125807,0.014,0.011,1,,,
ZNF74,0.035638243,-1.183187465,0.009,0.012,1,,,
ZNF692,0.035833521,-0.607858278,0.044,0.038,1,,,
WRNIP1,0.035961581,-0.916260935,0.063,0.068,1,,,
C6orf136,0.036052989,-0.540744303,0.021,0.018,1,,,
ZBED5,0.036163234,-0.816029138,0.134,0.134,1,,,
PLIN3,0.036406335,-1.026471973,0.036,0.04,1,,,
SMIM30,0.036854998,-0.569173088,0.02,0.017,1,,,
ZNF57,0.036876584,-0.385748911,0.011,0.009,1,,,
C11orf84,0.037042856,-0.701549277,0.024,0.02,1,,,
ZNF558,0.037082007,-0.54174193,0.043,0.037,1,,,
GNAT3,0.037111007,-2.167686529,0.014,0.017,1,,,
CFAP44-AS1,0.037198233,-0.581443769,0.037,0.032,1,,,
MAT2A,0.037282983,-0.888729837,0.104,0.106,1,,,
TSC2,0.037417489,-0.765327481,0.088,0.078,1,,,
ENTPD7,0.037441724,-0.560431654,0.029,0.025,1,,,
ZKSCAN4,0.037588106,-0.671393892,0.026,0.022,1,,,
CRNDE,0.038236847,-1.067299408,0.009,0.011,1,,,
PCNA,0.038452439,-0.543883608,0.021,0.018,1,,,
ZDHHC20,0.038463814,-0.726272659,0.197,0.171,1,,,
RYR3,0.0386545,-1.653735354,0.05,0.043,1,,,
AC010632.2,0.03871677,-0.454430524,0.01,0.007,1,,,
GGA2,0.038852356,-0.686132005,0.152,0.134,1,,,
KCNJ8,0.038857903,-0.776552261,0.022,0.019,1,,,
AC011595.1,0.038971323,-1.110635302,0.013,0.011,1,,,
TOE1,0.039005958,-0.598881591,0.019,0.016,1,,,
ATP7A,0.039023929,-0.73777887,0.129,0.114,1,,,
LINC01060,0.039062557,-1.638458473,0.013,0.016,1,,,
DCAF15,0.039065182,-1.115106557,0.033,0.037,1,,,
P4HB,0.039141928,-0.89049269,0.128,0.129,1,,,
AL390728.5,0.039406119,-0.565257234,0.011,0.008,1,,,
NACC1,0.039417929,-1.124630833,0.013,0.015,1,,,
AC012668.3,0.039426095,-1.010179988,0.033,0.037,1,,,
MAGT1,0.039606273,-0.995803957,0.092,0.095,1,,,
RPL41,0.039680088,-0.996287229,0.03,0.034,1,,,
AC010422.6,0.039804621,-0.586455244,0.016,0.013,1,,,
MRPL11,0.039808038,-1.000398219,0.023,0.026,1,,,
MCFD2,0.039861081,-0.625137939,0.129,0.115,1,,,
Z99127.1,0.039876001,-1.137013165,0.016,0.019,1,,,
AL355802.1,0.039900349,-0.652212289,0.011,0.009,1,,,
GNAO1,0.039927624,-1.436374859,0.013,0.016,1,,,
SSBP1,0.039985408,-0.85508247,0.164,0.16,1,,,
FMO5,0.040109474,-0.947622383,0.074,0.077,1,,,
CRYGS,0.040282741,-0.59111952,0.023,0.019,1,,,
S100PBP,0.040328512,-0.781714431,0.223,0.21,1,,,
VPS16,0.040330026,-0.711932558,0.049,0.043,1,,,
MFSD6,0.0404239,-0.722707605,0.133,0.134,1,,,
NEK4,0.040548904,-0.878400645,0.075,0.079,1,,,
DYRK1B,0.040571322,-0.672380652,0.025,0.022,1,,,
SLC25A4,0.040809527,-0.591997475,0.042,0.037,1,,,
UBE2Q2,0.040968834,-0.954608423,0.127,0.126,1,,,
TEX2,0.041052631,-0.977462468,0.088,0.091,1,,,
FBXL3,0.041102857,-0.626222501,0.199,0.174,1,,,
ZNF225,0.041166392,-0.681986146,0.023,0.02,1,,,
DTYMK,0.041352306,-0.642769635,0.026,0.022,1,,,
HIST1H4H,0.041570469,-0.477652394,0.012,0.009,1,,,
TXN,0.041799821,-1.017916074,0.055,0.059,1,,,
TCP11L1,0.041801112,-0.82900862,0.112,0.114,1,,,
ANOS1,0.041819581,-0.517220729,0.121,0.108,1,,,
NAA60,0.041949669,-0.660035263,0.024,0.021,1,,,
TBC1D12,0.04206135,-0.825114769,0.209,0.198,1,,,
PTP4A3,0.042272614,-0.767188247,0.012,0.01,1,,,
PDSS1,0.042368077,-0.694927792,0.058,0.051,1,,,
STIL,0.042487559,-0.508348432,0.012,0.01,1,,,
LAMTOR2,0.042611429,-0.942469672,0.028,0.032,1,,,
PAPD5,0.042721351,-0.626360315,0.131,0.116,1,,,
Z98749.3,0.042762089,-0.620770904,0.253,0.217,1,,,
LURAP1,0.042935384,-1.031783987,0.012,0.015,1,,,
AC010149.1,0.042989976,-1.076327221,0.031,0.035,1,,,
SMC1B,0.043154186,-1.311666235,0.015,0.018,1,,,
CSF3R,0.043165449,-0.958736695,0.037,0.041,1,,,
TP53I3,0.043415161,-0.685107653,0.11,0.098,1,,,
BICD2,0.043533022,-1.091752268,0.051,0.055,1,,,
PRAM1,0.043622021,-1.227429777,0.01,0.012,1,,,
AC015845.1,0.043691465,-0.801934686,0.019,0.016,1,,,
DCLK2,0.043874488,-0.643766055,0.174,0.152,1,,,
TUBGCP4,0.043886355,-0.681127901,0.067,0.06,1,,,
ZNF316,0.044219787,-0.65338883,0.036,0.032,1,,,
ARL2,0.044300818,-0.911320188,0.033,0.037,1,,,
DHPS,0.044331889,-0.630315717,0.049,0.044,1,,,
INAFM1,0.044373032,-0.794077311,0.027,0.023,1,,,
SCML2,0.044451567,-1.246303124,0.027,0.03,1,,,
GXYLT1,0.044556391,-0.638854655,0.099,0.088,1,,,
CBX1,0.044619147,-0.618565465,0.084,0.076,1,,,
EEF1A1,0.044753741,-0.900764996,0.117,0.118,1,,,
FGD6,0.044879411,-0.827072144,0.117,0.118,1,,,
WNK3,0.044990315,-1.100068142,0.018,0.021,1,,,
GMPPA,0.045142283,-0.692225878,0.021,0.018,1,,,
GNA11,0.045483345,-1.124910423,0.034,0.037,1,,,
ANAPC11,0.045681692,-0.582164312,0.05,0.044,1,,,
MAP1S,0.045873854,-0.932544146,0.017,0.02,1,,,
DSCR3,0.045941842,-0.891003695,0.12,0.121,1,,,
ABCF2,0.046117155,-0.567117064,0.027,0.023,1,,,
NPR2,0.046169365,-0.586405217,0.031,0.027,1,,,
ST3GAL2,0.046191807,-0.802317848,0.106,0.094,1,,,
NOP2,0.046214891,-0.859242636,0.032,0.027,1,,,
SNHG16,0.046222798,-0.967007222,0.035,0.039,1,,,
TMEM185A,0.046488188,-0.634653694,0.048,0.042,1,,,
CTPS2,0.046557828,-0.648084448,0.134,0.119,1,,,
C9orf172,0.046568908,-1.005393428,0.011,0.013,1,,,
FOXK1,0.046687166,-0.702048139,0.162,0.143,1,,,
MOSPD3,0.046760299,-0.65285554,0.021,0.018,1,,,
AP003354.2,0.04691758,-1.130927844,0.029,0.032,1,,,
MTFR1L,0.046929843,-0.699963101,0.042,0.037,1,,,
NMNAT2,0.047150144,-0.898405418,0.105,0.093,1,,,
TMUB1,0.047180749,-0.499970297,0.016,0.014,1,,,
FLOT2,0.047215307,-1.001681765,0.058,0.061,1,,,
GUCY1A2,0.047549641,-1.855227196,0.029,0.032,1,,,
AC078923.1,0.047801199,-1.021471477,0.012,0.014,1,,,
ZNF19,0.047812269,-0.625736558,0.067,0.059,1,,,
SKIDA1,0.047941329,-0.665195409,0.023,0.019,1,,,
SNX33,0.047994615,-0.644842295,0.045,0.04,1,,,
CANT1,0.048041608,-0.951673645,0.021,0.024,1,,,
GINS1,0.048044623,-1.18992608,0.013,0.016,1,,,
UQCR10,0.04836969,-0.586202654,0.058,0.052,1,,,
NBR1,0.049052848,-0.781452719,0.172,0.167,1,,,
ZBTB5,0.049104932,-0.658113454,0.06,0.053,1,,,
TNFSF13B,0.049217099,-0.743471282,0.112,0.099,1,,,
GRIA3,0.049266845,-0.514665256,0.028,0.024,1,,,
SGSH,0.049387599,-0.806201282,0.021,0.024,1,,,
ANKRD39,0.049471006,-1.091216942,0.019,0.022,1,,,
RPL5,0.049477631,-0.862324196,0.276,0.249,1,,,
CCT8,0.049492465,-0.672889959,0.098,0.088,1,,,
SCAPER,0.049519616,-0.41810288,0.52,0.413,1,,,
SPNS1,0.049526839,-0.590870108,0.014,0.011,1,,,
ZNF629,0.049855637,-0.546794845,0.02,0.017,1,,,
BYSL,0.050108811,-0.992512074,0.008,0.01,1,,,
B4GALT3,0.050201533,-0.507302379,0.018,0.015,1,,,
TRIM65,0.050373869,-0.615722185,0.035,0.031,1,,,
PCED1A,0.050549999,-0.737820657,0.08,0.072,1,,,
C9orf16,0.050553529,-0.712435209,0.038,0.034,1,,,
VEGFC,0.050567427,-1.439910214,0.132,0.129,1,,,
SLC33A1,0.050595545,-0.669093967,0.127,0.113,1,,,
MIIP,0.050620038,-0.604671353,0.031,0.027,1,,,
TCOF1,0.050661596,-1.011559475,0.034,0.038,1,,,
LINC02435,0.050819307,-1.076606991,0.01,0.013,1,,,
FIGNL1,0.050820033,-0.694437017,0.039,0.034,1,,,
AC245452.1,0.050967815,-0.687861596,0.046,0.041,1,,,
MEPCE,0.051177233,-0.870216646,0.015,0.018,1,,,
PRIM2,0.051182383,-0.910114975,0.164,0.159,1,,,
HEATR1,0.051188968,-0.828274095,0.147,0.145,1,,,
SAMD4A,0.051225735,-0.287630885,0.278,0.248,1,,,
TBPL1,0.051517143,-0.992072998,0.055,0.059,1,,,
ZMAT3,0.051527748,-1.024177425,0.044,0.048,1,,,
AC243964.2,0.051778438,-0.983827233,0.081,0.084,1,,,
PIWIL4,0.051884761,-0.664848472,0.054,0.048,1,,,
SDF4,0.051929736,-0.637184706,0.094,0.084,1,,,
LRRC45,0.052148126,-0.37903116,0.01,0.008,1,,,
ABHD17A,0.052397834,-1.300033054,0.009,0.011,1,,,
SELENOH,0.052441497,-0.721438785,0.059,0.052,1,,,
FASTKD1,0.05244308,-0.665899128,0.134,0.119,1,,,
AP001318.3,0.05251355,-0.626185606,0.029,0.025,1,,,
TRIM39,0.052605555,-0.658431406,0.013,0.01,1,,,
TMEM101,0.052627535,-0.602202897,0.022,0.019,1,,,
PCIF1,0.052739599,-0.612159263,0.021,0.018,1,,,
CEP120,0.052882581,-0.87319388,0.115,0.116,1,,,
SPCS1,0.053091534,-0.886969272,0.095,0.098,1,,,
SATB1-AS1,0.053362828,-1.905968121,0.007,0.01,1,,,
ZNF703,0.053585757,-0.38871177,0.013,0.01,1,,,
TM7SF3,0.054046109,-0.809466547,0.196,0.187,1,,,
BOP1,0.0540478,-0.605145528,0.01,0.008,1,,,
ATP5E,0.0540994,-0.882020038,0.135,0.135,1,,,
NBPF9,0.054258542,-0.685869075,0.023,0.019,1,,,
AC008264.2,0.054310198,-1.237844581,0.014,0.017,1,,,
PEF1,0.05456066,-0.60071662,0.03,0.026,1,,,
AC021092.1,0.054859129,-0.608251599,0.015,0.012,1,,,
SUSD1,0.055237728,-1.080904549,0.067,0.07,1,,,
RNPEPL1,0.055604104,-0.654342713,0.036,0.032,1,,,
HAUS1,0.055659452,-0.963001359,0.041,0.045,1,,,
EXOC4,0.055758006,-0.208568542,0.768,0.603,1,,,
TGIF2,0.055781113,-0.764735737,0.012,0.015,1,,,
GMPS,0.05649283,-0.8659029,0.118,0.118,1,,,
EMC4,0.056531841,-0.631382872,0.049,0.043,1,,,
TMEM127,0.057050461,-0.869474148,0.043,0.047,1,,,
HECW1,0.057127546,-0.773220907,0.015,0.012,1,,,
POGLUT1,0.057221796,-0.87215001,0.079,0.082,1,,,
FHAD1,0.05725043,-1.344514671,0.008,0.01,1,,,
ARL10,0.057584126,-1.017223153,0.07,0.073,1,,,
AC007389.1,0.05760359,-1.00446579,0.042,0.037,1,,,
SLC16A9,0.057760913,-1.345807743,0.012,0.015,1,,,
KCTD10,0.057768341,-0.752845436,0.051,0.045,1,,,
IPO9,0.05777731,-0.833343306,0.161,0.157,1,,,
FAHD1,0.057856405,-0.711932253,0.032,0.028,1,,,
FAM189B,0.058069444,-1.178566353,0.014,0.016,1,,,
HEXDC,0.058203618,-0.882937025,0.115,0.116,1,,,
GNPAT,0.058324454,-0.743349799,0.115,0.103,1,,,
CCDC51,0.058515841,-1.073688629,0.013,0.015,1,,,
AC013451.1,0.058586877,-0.894164482,0.022,0.025,1,,,
ZNF385B,0.058646349,-0.881878414,0.02,0.017,1,,,
AC017074.1,0.05893957,-0.339874028,0.013,0.011,1,,,
MEGF9,0.058957579,-0.682930894,0.168,0.148,1,,,
PSENEN,0.059009435,-1.06920959,0.016,0.019,1,,,
SNRPB2,0.05926013,-0.672584814,0.07,0.063,1,,,
JMJD8,0.059747844,-0.729123655,0.02,0.023,1,,,
UCHL3,0.059774587,-0.782300844,0.019,0.016,1,,,
TRADD,0.05989683,-0.604415369,0.039,0.034,1,,,
LSG1,0.059902714,-1.109656449,0.073,0.076,1,,,
AC092902.5,0.059943915,-0.635065013,0.076,0.068,1,,,
ULK3,0.06003512,-0.907411103,0.035,0.03,1,,,
AC242426.3,0.06034481,-1.000518397,0.015,0.018,1,,,
KDELR2,0.06037332,-1.041018332,0.066,0.07,1,,,
SAP30L,0.060598594,-0.678876245,0.046,0.041,1,,,
DNAAF5,0.060774676,-0.708052237,0.048,0.042,1,,,
LDLR,0.060789685,-0.652040998,0.024,0.021,1,,,
SETD4,0.060890673,-0.717784423,0.07,0.062,1,,,
RP2,0.060942464,-0.81226637,0.037,0.041,1,,,
SMIM15,0.060962124,-0.738089909,0.03,0.026,1,,,
FBXL19,0.060986225,-1.025099996,0.02,0.023,1,,,
BAX,0.061568373,-0.913896315,0.036,0.039,1,,,
AC119403.1,0.061732199,-0.52181494,0.015,0.012,1,,,
CAPZB,0.062090097,-0.828884672,0.302,0.268,1,,,
SLC25A30,0.062251483,-1.101964468,0.026,0.029,1,,,
HSD3B7,0.062260512,-1.008974478,0.012,0.014,1,,,
CLK1,0.062355862,-0.579140405,0.375,0.308,1,,,
CERK,0.062472878,-0.916421588,0.081,0.084,1,,,
IKBIP,0.06247855,-0.966625503,0.06,0.064,1,,,
H6PD,0.062482127,-0.627722421,0.174,0.154,1,,,
FAM234B,0.062591646,-0.951363222,0.024,0.027,1,,,
UFSP2,0.062592054,-0.806518347,0.124,0.124,1,,,
ZBTB34,0.062831625,-0.623861363,0.032,0.028,1,,,
BAMBI,0.063033837,-0.636688623,0.013,0.011,1,,,
LRCH3,0.063109891,-0.674436105,0.356,0.311,1,,,
KTN1,0.063269555,-0.577964118,0.486,0.403,1,,,
CDIPT,0.063348577,-0.911882521,0.045,0.049,1,,,
ELOVL1,0.063443273,-0.661576766,0.031,0.027,1,,,
LAMB2,0.063520067,-0.882747187,0.088,0.091,1,,,
AC073571.1,0.063537282,-1.113406234,0.046,0.05,1,,,
SUMO2,0.063554293,-0.738010766,0.089,0.08,1,,,
FBP1,0.063708984,-0.961536065,0.026,0.029,1,,,
ALG10,0.064788153,-0.433357421,0.017,0.014,1,,,
FUT4,0.064918206,-0.394186734,0.014,0.012,1,,,
CYB561D1,0.065040793,-0.724226471,0.056,0.05,1,,,
AP1S1,0.065347061,-0.499114688,0.017,0.014,1,,,
TMEM14C,0.065354933,-0.846333585,0.083,0.086,1,,,
IER3IP1,0.065367754,-0.678441292,0.027,0.024,1,,,
PPP1R7,0.065375021,-0.674855927,0.083,0.075,1,,,
ZNF384,0.06552264,-0.755719757,0.052,0.046,1,,,
ZNF597,0.065681187,-0.543286706,0.01,0.008,1,,,
TRPC4,0.065757409,-0.855445272,0.008,0.01,1,,,
CLCN6,0.065838365,-0.732863959,0.099,0.088,1,,,
STK16,0.065858521,-0.514268065,0.013,0.01,1,,,
ZNRF2,0.066053457,-0.84121377,0.132,0.117,1,,,
AC078788.1,0.066092965,-1.149116953,0.01,0.012,1,,,
S100A13,0.066237513,-0.83513575,0.059,0.053,1,,,
DDX54,0.06641681,-0.606025159,0.036,0.031,1,,,
TCEAL3,0.066818211,-0.670990883,0.081,0.073,1,,,
PSMB4,0.067076503,-0.698978995,0.039,0.043,1,,,
AC116353.4,0.067606069,-1.079107767,0.019,0.022,1,,,
BRMS1L,0.067743864,-0.961699574,0.045,0.048,1,,,
COA7,0.067784278,-1.118839945,0.017,0.02,1,,,
CHPF2,0.067992692,-0.785885877,0.022,0.019,1,,,
HAVCR2,0.068311031,-0.989881666,0.061,0.064,1,,,
AC120193.1,0.068515268,-1.612640854,0.018,0.021,1,,,
NUP35,0.06855552,-0.747150971,0.07,0.063,1,,,
ACTR2,0.068893715,-0.86534346,0.248,0.226,1,,,
P2RY12,0.06914695,-1.189779744,0.026,0.03,1,,,
CPNE2,0.069254062,-1.029208163,0.044,0.048,1,,,
ZNF676,0.069427085,-0.60838047,0.031,0.027,1,,,
SLC26A8,0.069457364,-0.598503549,0.014,0.012,1,,,
TMEM156,0.070351994,-1.195018022,0.014,0.011,1,,,
OBSL1,0.070902691,-0.867064729,0.096,0.098,1,,,
CAVIN1,0.071018997,-0.871872791,0.153,0.15,1,,,
ACTR1A,0.071283031,-0.693037732,0.059,0.053,1,,,
HMGN4,0.071299279,-0.688926034,0.064,0.057,1,,,
EXOSC5,0.071303215,-0.499665323,0.019,0.016,1,,,
RABEP2,0.07131183,-1.068737421,0.044,0.047,1,,,
PUS7L,0.071590733,-0.717078309,0.141,0.125,1,,,
DYM,0.071848274,-0.530239501,0.478,0.399,1,,,
AAED1,0.072048109,-0.602561601,0.039,0.035,1,,,
ZNF573,0.072208374,-0.742404771,0.096,0.086,1,,,
SLC41A3,0.07228022,-0.76308933,0.044,0.04,1,,,
BEX3,0.072319557,-0.670379976,0.115,0.103,1,,,
SLA,0.072360941,-0.965545042,0.049,0.053,1,,,
CERCAM,0.072388007,-1.018747393,0.031,0.034,1,,,
MICALL1,0.072442328,-1.141625417,0.024,0.027,1,,,
RAPGEF6,0.072588396,-0.45478592,0.017,0.014,1,,,
SNHG26,0.072626774,-0.902148453,0.037,0.041,1,,,
P2RY11,0.072690172,-0.849025397,0.008,0.01,1,,,
AC007066.2,0.07286368,-0.573119365,0.011,0.009,1,,,
PP7080,0.073467122,-0.571451185,0.013,0.011,1,,,
ZNF529,0.074255303,-0.710196943,0.15,0.133,1,,,
SEC61B,0.074337118,-0.731476949,0.094,0.084,1,,,
SLC30A7,0.074393749,-0.66816179,0.172,0.152,1,,,
STK36,0.074462473,-0.979734347,0.035,0.039,1,,,
AL162390.1,0.07484309,-1.134681267,0.012,0.015,1,,,
SLC24A1,0.07511299,-1.036942628,0.058,0.062,1,,,
TMEM134,0.075120043,-0.677226355,0.042,0.037,1,,,
LINC02356,0.075272644,-1.022377244,0.008,0.01,1,,,
AC114980.1,0.075474901,-0.680313356,0.017,0.014,1,,,
IPMK,0.07584041,-1.02891848,0.068,0.071,1,,,
CD40,0.076092559,-1.0128316,0.034,0.037,1,,,
HEXA,0.076181949,-0.888484989,0.083,0.086,1,,,
ZNF572,0.076484891,-0.668495465,0.01,0.008,1,,,
TRAFD1,0.076552871,-0.744146573,0.088,0.079,1,,,
FBXO45,0.076748924,-0.518981334,0.019,0.016,1,,,
CLPTM1L,0.076758334,-1.028805228,0.042,0.046,1,,,
GALNT13,0.076781916,-0.8135544,0.079,0.071,1,,,
MPND,0.07705145,-0.614762318,0.014,0.011,1,,,
VPS36,0.077223569,-0.564551149,0.311,0.263,1,,,
PRPS1,0.077344384,-1.056824925,0.03,0.034,1,,,
MAST2,0.07736552,-0.77105493,0.13,0.116,1,,,
ZFYVE28,0.077797939,-1.091344983,0.075,0.077,1,,,
AC005837.2,0.0778967,-0.83103011,0.072,0.064,1,,,
LRRC37B,0.077948446,-1.008450551,0.067,0.07,1,,,
NAGK,0.078059018,-0.921668281,0.071,0.074,1,,,
ERBB3,0.07820141,-0.989803737,0.013,0.015,1,,,
ZNF630-AS1,0.078246417,-1.098193668,0.02,0.023,1,,,
AC022601.1,0.078433986,-1.010287375,0.02,0.023,1,,,
CASKIN2,0.078662505,-1.105950237,0.011,0.014,1,,,
LINC00624,0.079025825,-1.11398119,0.059,0.062,1,,,
FAM136A,0.079154378,-0.689727951,0.033,0.029,1,,,
PPM1D,0.07939782,-0.902410979,0.153,0.148,1,,,
SHMT2,0.079751315,-1.044089726,0.009,0.011,1,,,
TCTN3,0.07985205,-0.884598373,0.094,0.096,1,,,
PPARD,0.080579309,-0.701561441,0.097,0.087,1,,,
SEC24B,0.080637941,-0.5539718,0.365,0.302,1,,,
ARMC7,0.080947938,-0.757391048,0.02,0.017,1,,,
APC,0.081154432,-0.634323319,0.28,0.239,1,,,
AC097634.3,0.081257339,-0.642867734,0.07,0.063,1,,,
PLPP6,0.081422749,-1.100142925,0.01,0.012,1,,,
HRAS,0.081487082,-1.025782373,0.016,0.018,1,,,
RNF38,0.081530678,-0.747586821,0.28,0.254,1,,,
VAPA,0.08163897,-0.720748826,0.312,0.277,1,,,
NDUFB8,0.08180657,-0.745149781,0.035,0.031,1,,,
TWF2,0.082129979,-1.028975803,0.019,0.021,1,,,
PAXBP1-AS1,0.082759745,-0.983099631,0.036,0.039,1,,,
BLOC1S5,0.082825941,-0.503646907,0.018,0.016,1,,,
SHC3,0.083260245,-1.089415551,0.015,0.018,1,,,
SAXO2,0.083698956,-1.000270773,0.019,0.022,1,,,
EI24,0.083836212,-0.889323622,0.037,0.041,1,,,
NELFE,0.083855327,-1.044418509,0.035,0.039,1,,,
KIF22,0.083931454,-0.551003324,0.054,0.049,1,,,
AC112487.1,0.084382563,-0.957274883,0.012,0.01,1,,,
NDUFS6,0.084469798,-0.756988815,0.064,0.057,1,,,
SMC2,0.084706086,-0.705199575,0.052,0.047,1,,,
MRPS12,0.084751332,-0.559847628,0.021,0.018,1,,,
EXO5,0.084796641,-0.645086439,0.011,0.009,1,,,
AC009087.1,0.084968333,-0.692435072,0.016,0.014,1,,,
ZNF417,0.084993399,-0.595355259,0.011,0.009,1,,,
HPF1,0.085088721,-0.886971413,0.075,0.078,1,,,
LINC01550,0.085127284,-0.677889947,0.098,0.088,1,,,
TM9SF3,0.085256368,-0.777046134,0.245,0.226,1,,,
SPACA6,0.085661078,-1.210228676,0.082,0.084,1,,,
SOCS6,0.086239667,-0.643469171,0.099,0.09,1,,,
FUOM,0.086242456,-0.786079646,0.008,0.01,1,,,
RETREG2,0.086561191,-0.960005445,0.033,0.036,1,,,
KRAS,0.086610182,-0.658698407,0.12,0.108,1,,,
DGKQ,0.086739429,-0.642125067,0.02,0.017,1,,,
RAC1,0.087315643,-0.851643226,0.183,0.175,1,,,
LRRFIP2,0.087530741,-0.575431997,0.358,0.296,1,,,
TNFAIP1,0.087763298,-0.894077065,0.034,0.037,1,,,
TMEM60,0.087824581,-0.995658223,0.025,0.028,1,,,
RAP1GDS1,0.088031486,-0.691750788,0.255,0.219,1,,,
DEF8,0.088122838,-1.014286952,0.036,0.039,1,,,
LINC01119,0.088226264,-0.411692618,0.011,0.009,1,,,
TRAF2,0.088839656,-0.761731208,0.029,0.026,1,,,
LINC01799,0.088896081,-1.227859073,0.012,0.014,1,,,
HSPA4,0.089005716,-0.737203437,0.101,0.091,1,,,
XRCC1,0.089017818,-0.59063632,0.028,0.025,1,,,
RNF216,0.089300205,-0.596284063,0.323,0.271,1,,,
GFOD2,0.08934659,-1.05382306,0.043,0.046,1,,,
CLDND1,0.089471436,-0.921050769,0.083,0.086,1,,,
AL592295.4,0.089498879,-0.647945441,0.055,0.049,1,,,
NHP2,0.089652136,-0.898713349,0.025,0.028,1,,,
DRAP1,0.090049163,-0.871007344,0.034,0.038,1,,,
ABCC10,0.090174381,-0.718508889,0.056,0.05,1,,,
LZTFL1,0.090343205,-0.934551594,0.046,0.049,1,,,
LRRC23,0.090657771,-0.647757619,0.052,0.046,1,,,
TUBGCP3,0.091132946,-0.863262092,0.173,0.166,1,,,
CARNMT1,0.091286179,-1.008888755,0.067,0.07,1,,,
SMAGP,0.092000391,-1.49787556,0.009,0.011,1,,,
SYNJ1,0.09229737,-0.939803679,0.105,0.106,1,,,
AL136298.1,0.092435042,-0.49622087,0.011,0.009,1,,,
TMEM203,0.092485825,-0.951531593,0.016,0.018,1,,,
FAM98C,0.092625448,-1.083174314,0.021,0.024,1,,,
AKT1,0.092652159,-0.687939957,0.038,0.034,1,,,
KRTCAP3,0.09292863,-1.124507462,0.014,0.017,1,,,
NORAD,0.092929857,-0.744150716,0.088,0.079,1,,,
EMP2,0.093070571,-0.72004976,0.187,0.165,1,,,
AL035530.2,0.093347035,-0.841093062,0.126,0.125,1,,,
TAPBPL,0.093427916,-0.951038825,0.046,0.049,1,,,
AC091167.7,0.093566969,-0.593067604,0.013,0.011,1,,,
C18orf32,0.093600446,-0.601247612,0.025,0.022,1,,,
NPIPB5,0.094160673,-1.129026227,0.02,0.023,1,,,
LINC01524,0.094192393,-1.05677458,0.013,0.011,1,,,
GEMIN6,0.094534899,-0.58028046,0.017,0.014,1,,,
GNAS-AS1,0.094639072,-0.620968763,0.017,0.014,1,,,
RAB22A,0.094697724,-0.720339387,0.117,0.105,1,,,
KAT5,0.094751409,-0.721452087,0.061,0.055,1,,,
PRMT5,0.094952516,-0.68828789,0.024,0.021,1,,,
EID3,0.095319885,-1.059177023,0.015,0.017,1,,,
SNN,0.095455944,-0.897069142,0.009,0.011,1,,,
HIRIP3,0.095568343,-0.650663162,0.023,0.02,1,,,
NUCB1,0.095602285,-0.848326857,0.091,0.093,1,,,
LRRC27,0.095702913,-0.892586354,0.05,0.053,1,,,
CLP1,0.096422313,-1.153442729,0.013,0.015,1,,,
FBXO44,0.096900642,-0.634697847,0.031,0.028,1,,,
ZNF780A,0.097321212,-0.548325246,0.017,0.015,1,,,
ANP32E,0.097371274,-0.656613591,0.041,0.037,1,,,
AC004039.1,0.097410208,-1.020455942,0.062,0.064,1,,,
EVL,0.097644151,-0.923387957,0.18,0.172,1,,,
SDF2,0.098312775,-0.657153409,0.062,0.056,1,,,
MDH2,0.098362701,-0.701205019,0.058,0.052,1,,,
XRN2,0.098530143,-0.781703462,0.215,0.202,1,,,
PET117,0.098612688,-0.505692064,0.018,0.015,1,,,
FAM91A1,0.098624603,-0.741340148,0.142,0.127,1,,,
DHRS7,0.099066625,-0.941202565,0.106,0.107,1,,,
TAB2,0.099267345,-0.748319152,0.284,0.255,1,,,
ZNF660,0.099420297,-1.016160612,0.018,0.021,1,,,
C6orf120,0.099610993,-0.513806824,0.032,0.028,1,,,
FBXO7,0.09981129,-0.771970895,0.118,0.106,1,,,
GSKIP,0.099848818,-0.943593214,0.021,0.024,1,,,
STX16-NPEPL1,0.099933366,-0.968766597,0.021,0.024,1,,,
INCENP,0.100137933,-0.596313596,0.018,0.015,1,,,
NSMCE1,0.10018048,-0.622560238,0.065,0.059,1,,,
TMEM106C,0.100418469,-1.134805888,0.033,0.036,1,,,
LIG3,0.10095093,-1.007325597,0.03,0.033,1,,,
AC008758.6,0.101061429,-0.673085833,0.017,0.014,1,,,
CD276,0.101067948,-0.70892006,0.04,0.036,1,,,
C9orf78,0.101396144,-0.966443425,0.034,0.037,1,,,
RPS6KC1,0.101456499,-0.581080789,0.352,0.293,1,,,
HS6ST1,0.101730787,-1.166864764,0.037,0.04,1,,,
TBL3,0.101942666,-0.434599879,0.01,0.008,1,,,
ZNF382,0.101951307,-0.716013446,0.037,0.033,1,,,
ALPK1,0.102280224,-0.63075308,0.262,0.225,1,,,
HDAC2,0.102354745,-0.854678053,0.118,0.118,1,,,
TFAM,0.10272538,-0.754322391,0.06,0.054,1,,,
GNL3L,0.102779369,-0.822340753,0.048,0.043,1,,,
PVR,0.103033827,-1.031044869,0.024,0.027,1,,,
SRRD,0.103345788,-0.596985307,0.018,0.015,1,,,
AGAP9,0.103349414,-0.484878212,0.01,0.008,1,,,
LZTR1,0.103553266,-0.819175806,0.071,0.063,1,,,
RSU1,0.103881158,-0.74226557,0.206,0.181,1,,,
BX284668.5,0.104247423,-0.97186447,0.015,0.018,1,,,
AFF4,0.104336566,-0.499501805,0.442,0.359,1,,,
PARPBP,0.104497279,-1.047469939,0.017,0.02,1,,,
ZNF571-AS1,0.104528225,-0.670458312,0.01,0.008,1,,,
ERLIN1,0.104566998,-0.709324533,0.079,0.071,1,,,
BICRAL,0.104633316,-0.584105754,0.38,0.312,1,,,
TLR3,0.105571865,-1.020443794,0.03,0.033,1,,,
P3H1,0.10593552,-0.693486784,0.047,0.042,1,,,
ZNF525,0.106010372,-0.722077896,0.037,0.033,1,,,
AC020656.1,0.106447544,-1.155887217,0.026,0.029,1,,,
TADA2B,0.106894611,-0.44818052,0.01,0.009,1,,,
ZNF768,0.106975623,-0.574143845,0.011,0.009,1,,,
TMEM263,0.107227062,-0.759451351,0.117,0.105,1,,,
ZSCAN5A,0.107249982,-0.844713966,0.142,0.139,1,,,
NEU3,0.107514986,-0.612719433,0.044,0.039,1,,,
WTIP,0.107683106,-0.936509845,0.066,0.068,1,,,
CEP250,0.107911035,-0.745474693,0.063,0.057,1,,,
TPRN,0.108540155,-0.592864033,0.019,0.017,1,,,
DIP2B,0.10855253,-0.961131153,0.334,0.287,1,,,
RBM15B,0.108775512,-0.883708208,0.012,0.014,1,,,
AC023421.2,0.109120265,-0.953606494,0.017,0.014,1,,,
TRIM28,0.109249445,-0.862782379,0.028,0.031,1,,,
CAPN15,0.109338679,-1.067857941,0.029,0.032,1,,,
TIGD5,0.109416368,-0.610782007,0.013,0.011,1,,,
MAT2B,0.109474092,-0.892056641,0.066,0.069,1,,,
PRX,0.109532211,-0.592015071,0.012,0.01,1,,,
DDRGK1,0.110021071,-0.62548147,0.073,0.066,1,,,
FAM49A,0.110556681,-0.932134438,0.125,0.123,1,,,
SGTA,0.11067876,-0.721300978,0.036,0.032,1,,,
PRR13,0.110801624,-0.512782727,0.021,0.018,1,,,
CD58,0.110833126,-0.812865423,0.17,0.164,1,,,
GPX1,0.110918734,-0.645401855,0.044,0.04,1,,,
USF2,0.110924561,-0.835258605,0.058,0.061,1,,,
AC011511.2,0.112174324,-1.120975195,0.032,0.029,1,,,
RPL39L,0.112386005,-0.490981551,0.016,0.014,1,,,
AL035448.1,0.112723868,-1.107154856,0.013,0.015,1,,,
PMP22,0.112734841,-0.719766777,0.267,0.244,1,,,
CNOT4,0.113500803,-0.539139503,0.467,0.388,1,,,
CTNNBIP1,0.114241434,-0.886733851,0.073,0.066,1,,,
AC135050.2,0.114317371,-0.580778572,0.01,0.009,1,,,
FAM13B,0.114596605,-0.717457119,0.339,0.296,1,,,
C21orf91,0.114598323,-1.024309329,0.041,0.044,1,,,
NFIA,0.114820592,-0.149568268,0.836,0.688,1,,,
CLTC,0.11490258,-0.753295572,0.296,0.264,1,,,
AK8,0.114920104,-1.034285329,0.02,0.022,1,,,
ITPA,0.115309133,-0.748925358,0.077,0.07,1,,,
STT3A,0.115323283,-0.935213808,0.069,0.072,1,,,
DOK1,0.115980342,-0.977212799,0.051,0.054,1,,,
OPN1SW,0.115998012,-0.641711668,0.012,0.01,1,,,
COMT,0.116049898,-0.877458806,0.149,0.145,1,,,
CDC40,0.116350472,-0.665517878,0.185,0.163,1,,,
FAM162A,0.116604369,-0.675442041,0.084,0.077,1,,,
CYP4F12,0.116611037,-0.719609697,0.035,0.031,1,,,
TWISTNB,0.116720628,-0.682418831,0.032,0.029,1,,,
TMEM150B,0.116792658,-0.747213442,0.013,0.015,1,,,
HBA2,0.117181039,-2.492611098,0.02,0.022,1,,,
PPP1R3D,0.11754122,-1.029307625,0.014,0.016,1,,,
TXNRD2,0.117742622,-0.704107546,0.073,0.067,1,,,
AC008591.1,0.117838253,-1.397167939,0.012,0.014,1,,,
R3HDM4,0.11794802,-1.129740277,0.011,0.013,1,,,
FICD,0.118039217,-0.597574183,0.017,0.014,1,,,
MSANTD3,0.118142521,-1.251083095,0.01,0.012,1,,,
RCN1,0.1183931,-0.729610526,0.094,0.085,1,,,
AP4B1,0.1184135,-0.682006268,0.031,0.028,1,,,
GNAI3,0.118472001,-0.864774433,0.168,0.161,1,,,
AP003419.2,0.118573165,-0.602025911,0.013,0.011,1,,,
CCL13,0.119478105,-1.484862589,0.009,0.011,1,,,
ASF1A,0.119741163,-0.623356902,0.033,0.03,1,,,
FGF12,0.1199859,-0.917196221,0.024,0.021,1,,,
AC009019.1,0.120274233,-0.65155686,0.011,0.009,1,,,
ZNF865,0.12030137,-0.596766055,0.017,0.014,1,,,
INPP5F,0.120406766,-0.86334639,0.122,0.12,1,,,
CNP,0.120790314,-0.666204036,0.027,0.024,1,,,
WDR66,0.121742554,-1.348893083,0.025,0.027,1,,,
RNF115,0.121918553,-0.827692638,0.248,0.227,1,,,
DUOX1,0.122934393,-0.979505217,0.079,0.08,1,,,
AL033529.1,0.123562508,-0.713950453,0.027,0.024,1,,,
LETM2,0.123842322,-0.972164693,0.012,0.014,1,,,
MMGT1,0.124016202,-0.71174704,0.024,0.021,1,,,
CDKN2AIPNL,0.124578655,-0.717210251,0.022,0.019,1,,,
SRSF8,0.124726319,-1.062824891,0.028,0.03,1,,,
SAP18,0.124832493,-0.706546406,0.079,0.072,1,,,
CHMP1B,0.125519173,-0.665735942,0.03,0.027,1,,,
AL031663.3,0.125535399,-0.768049529,0.01,0.012,1,,,
NEDD8,0.125801539,-0.877088446,0.049,0.052,1,,,
DNM2,0.126085505,-0.724261534,0.225,0.196,1,,,
FAM200B,0.126169322,-0.698045788,0.172,0.153,1,,,
MOK,0.1265541,-0.716636757,0.138,0.123,1,,,
TCP1,0.127049112,-0.926638364,0.063,0.065,1,,,
SPECC1,0.12744764,-0.85038355,0.209,0.181,1,,,
HTATIP2,0.127540452,-0.963863747,0.025,0.027,1,,,
HNRNPA1,0.127571132,-0.900087811,0.073,0.075,1,,,
RASSF8-AS1,0.127713371,-0.693462134,0.135,0.121,1,,,
GEMIN4,0.127842203,-1.216421588,0.015,0.017,1,,,
GALK1,0.128012728,-1.052953747,0.013,0.015,1,,,
OAZ2,0.128045015,-0.924582921,0.084,0.085,1,,,
RPS28,0.128829416,-0.66914206,0.053,0.048,1,,,
DUSP23,0.129501581,-0.723913545,0.022,0.019,1,,,
ALS2CL,0.130119612,-1.233774215,0.018,0.02,1,,,
VMA21,0.130354732,-0.630859215,0.032,0.028,1,,,
CENPA,0.130450336,-1.158585479,0.015,0.017,1,,,
AC020913.1,0.131117083,-1.101082516,0.025,0.027,1,,,
LINC02241,0.131243314,-0.409482488,0.012,0.01,1,,,
DHRS4L2,0.131464981,-1.055716147,0.025,0.028,1,,,
PSMA7,0.131881303,-0.76471613,0.131,0.118,1,,,
ZNF121,0.131940686,-0.941734583,0.059,0.061,1,,,
AC009318.1,0.132175758,-0.779745997,0.027,0.024,1,,,
ZNF688,0.132705897,-0.899875042,0.025,0.027,1,,,
AP4M1,0.132734917,-0.943100293,0.061,0.063,1,,,
STAC,0.133002825,-1.273059695,0.01,0.008,1,,,
ADIRF,0.133305281,-0.641266674,0.392,0.325,1,,,
FAM20B,0.133308295,-0.687241277,0.111,0.1,1,,,
NR2C2AP,0.133380243,-0.565480687,0.015,0.013,1,,,
TSPAN8,0.133692946,-0.736292412,0.014,0.012,1,,,
FAM161B,0.133697304,-0.750822025,0.021,0.019,1,,,
H3F3A,0.133942496,-0.74937008,0.066,0.06,1,,,
AC007728.1,0.134715402,-0.680216157,0.016,0.014,1,,,
TSPAN11,0.134797395,-0.847636721,0.014,0.012,1,,,
CTSA,0.134891251,-0.837009617,0.076,0.069,1,,,
IQCE,0.13493828,-0.708952846,0.07,0.064,1,,,
LINC02284,0.135387203,-0.734648569,0.01,0.008,1,,,
MRPL49,0.135759159,-0.571312513,0.017,0.014,1,,,
STARD4-AS1,0.136024754,-0.808142385,0.099,0.089,1,,,
NR2F1,0.136704496,-0.832182404,0.295,0.26,1,,,
ANKRD52,0.136712363,-0.731346114,0.065,0.059,1,,,
STIP1,0.136926213,-0.970932052,0.037,0.04,1,,,
AL590560.2,0.136962797,-0.684428561,0.013,0.011,1,,,
LINC02018,0.137584051,-0.677206514,0.019,0.017,1,,,
DNAAF4,0.13762766,-0.885379312,0.008,0.01,1,,,
MAPKAPK3,0.137828929,-0.429242114,0.027,0.024,1,,,
NDUFC1,0.138107281,-0.661705492,0.074,0.068,1,,,
XPO7,0.138191911,-0.749172654,0.175,0.155,1,,,
LINC02166,0.138396227,-0.672917891,0.012,0.01,1,,,
AP2S1,0.138452599,-0.671000836,0.053,0.048,1,,,
AC104958.1,0.138576552,-1.583599138,0.011,0.013,1,,,
RBAK-RBAKDN,0.139243303,-0.869801951,0.131,0.128,1,,,
TMEM250,0.139487924,-0.449015957,0.013,0.012,1,,,
ADPRHL2,0.139746131,-0.964066028,0.03,0.032,1,,,
SP4,0.139955675,-0.9480176,0.063,0.065,1,,,
ENKUR,0.140180378,-0.808746568,0.025,0.022,1,,,
MAPRE1,0.140204869,-0.98683051,0.034,0.036,1,,,
DYNC1I2,0.140414117,-0.658052339,0.305,0.273,1,,,
EFR3A,0.141161606,-0.780328677,0.187,0.178,1,,,
MAF1,0.141509543,-0.579883795,0.033,0.03,1,,,
RCBTB2,0.14222059,-0.961398531,0.116,0.114,1,,,
ALG1L2,0.142279034,-1.033339861,0.023,0.025,1,,,
GSTCD,0.142808877,-1.025452968,0.102,0.102,1,,,
TDRKH,0.143431186,-0.461226585,0.015,0.013,1,,,
PTPN9,0.14428661,-0.740561893,0.086,0.078,1,,,
C4orf46,0.144304669,-0.542900164,0.01,0.008,1,,,
HNRNPH2,0.144625681,-1.039296228,0.015,0.017,1,,,
PRIM1,0.144751776,-0.672163089,0.046,0.042,1,,,
BLOC1S6,0.145114431,-0.709621836,0.049,0.045,1,,,
FAM220A,0.145303638,-0.614254209,0.014,0.012,1,,,
OAT,0.145825107,-0.67101781,0.113,0.102,1,,,
SMAD1-AS2,0.145899921,-1.080398589,0.025,0.022,1,,,
AL449266.1,0.146255085,-1.019124873,0.072,0.073,1,,,
TCFL5,0.146483407,-0.700730692,0.027,0.024,1,,,
C12orf29,0.146556171,-1.077989488,0.031,0.033,1,,,
MINOS1,0.146748672,-0.562660098,0.016,0.014,1,,,
RANBP9,0.147129409,-0.589209441,0.319,0.27,1,,,
ZNF598,0.148629088,-1.122189641,0.016,0.018,1,,,
FST,0.148897607,-0.681946026,0.013,0.011,1,,,
MORN1,0.149132029,-0.656718814,0.065,0.059,1,,,
HK1,0.149498129,-0.827286435,0.083,0.085,1,,,
GGA1,0.149856944,-0.69839593,0.109,0.099,1,,,
CACYBP,0.149878173,-0.726605211,0.065,0.06,1,,,
CCNY,0.151089883,-0.46220505,0.51,0.407,1,,,
DCLRE1C,0.151141778,-0.766480862,0.111,0.101,1,,,
ZFAND2A,0.151275121,-0.587670661,0.017,0.015,1,,,
ZNF350,0.1514024,-0.77143278,0.049,0.045,1,,,
GPM6B,0.152178969,-1.080254587,0.07,0.071,1,,,
MIR17HG,0.15413551,-0.706316901,0.023,0.02,1,,,
TMED2,0.154208602,-0.720145404,0.097,0.088,1,,,
ZNF786,0.154539682,-0.820371189,0.037,0.033,1,,,
FADS2,0.154804185,-0.73486882,0.05,0.045,1,,,
LOXL4,0.154960684,-0.990290047,0.017,0.019,1,,,
R3HCC1,0.155774585,-0.603956555,0.022,0.019,1,,,
CEP131,0.155955717,-1.136569197,0.014,0.016,1,,,
AC092828.1,0.156407204,-1.178143342,0.012,0.013,1,,,
KIAA1191,0.156984958,-0.735712255,0.046,0.042,1,,,
PARL,0.157656387,-0.991798678,0.015,0.017,1,,,
AC006299.1,0.158084578,-0.706575233,0.038,0.034,1,,,
MEA1,0.158196894,-1.143698098,0.01,0.012,1,,,
C15orf61,0.159338844,-0.986749111,0.019,0.022,1,,,
CFAP57,0.159630721,-0.908791493,0.029,0.031,1,,,
AC027117.2,0.160306405,-0.725231731,0.085,0.077,1,,,
AL133243.3,0.16042354,-0.741478352,0.015,0.013,1,,,
AC011450.1,0.160736331,-0.699100634,0.011,0.009,1,,,
MEMO1,0.161137417,-0.535789746,0.03,0.027,1,,,
RIPK2,0.162025981,-0.644762036,0.077,0.071,1,,,
BRMS1,0.162130433,-0.567834054,0.017,0.015,1,,,
EEF1E1,0.162378366,-0.764269349,0.011,0.013,1,,,
TAS2R4,0.163195478,-1.237838079,0.011,0.013,1,,,
AP003068.2,0.16386124,-0.51716824,0.01,0.008,1,,,
AC120053.1,0.164054039,-0.641055279,0.012,0.01,1,,,
SRI,0.164246938,-0.701699157,0.1,0.091,1,,,
MLLT3,0.164657759,-0.828401978,0.211,0.184,1,,,
HSPA12A,0.165593687,-0.675309441,0.235,0.203,1,,,
MEF2D,0.165774902,-0.896988608,0.087,0.088,1,,,
ARHGEF5,0.16590061,-0.62333441,0.02,0.018,1,,,
LRRTM4,0.166032541,-1.347778423,0.016,0.018,1,,,
ZNF668,0.166271081,-0.539564722,0.014,0.012,1,,,
BCORL1,0.166938634,-0.736147831,0.046,0.042,1,,,
INTS1,0.166993255,-0.754256274,0.054,0.049,1,,,
AC117503.2,0.167708536,-1.162981039,0.009,0.01,1,,,
PDS5B,0.168545813,-0.728893422,0.274,0.248,1,,,
B4GALT2,0.168882143,-0.71739001,0.016,0.014,1,,,
C11orf24,0.169232257,-0.603760115,0.019,0.017,1,,,
TTC25,0.169592462,-0.924069215,0.009,0.011,1,,,
C3orf70,0.16979588,-0.758336522,0.024,0.022,1,,,
SLIT1,0.170462732,-0.793555134,0.011,0.009,1,,,
WASHC3,0.171061822,-0.724819346,0.17,0.151,1,,,
ACSBG2,0.17117988,-0.804223716,0.027,0.024,1,,,
GTPBP1,0.171337401,-0.716168082,0.048,0.044,1,,,
HSPBAP1,0.171946405,-0.850411495,0.098,0.099,1,,,
GLIPR2,0.172540457,-0.965241006,0.026,0.028,1,,,
C21orf59,0.172571578,-0.76144953,0.043,0.039,1,,,
RFWD2,0.173481334,-0.55712499,0.513,0.416,1,,,
NDUFA1,0.173675071,-0.630758484,0.082,0.076,1,,,
LINC00908,0.17368787,-0.921460772,0.013,0.011,1,,,
AC087645.2,0.173942688,-1.118417754,0.009,0.011,1,,,
HMOX1,0.174566104,-0.795131673,0.025,0.028,1,,,
CD2BP2,0.174578405,-0.885549487,0.029,0.031,1,,,
NEK7,0.174884819,-0.434980788,0.511,0.408,1,,,
ZNF48,0.174951419,-1.004472952,0.019,0.021,1,,,
MSL3,0.175225694,-0.933023222,0.041,0.044,1,,,
FOXRED2,0.175428752,-0.579554321,0.018,0.016,1,,,
AL450384.2,0.175613971,-0.763129742,0.103,0.094,1,,,
AP001628.1,0.175753807,-0.426027976,0.011,0.01,1,,,
NAAA,0.176936504,-0.957746544,0.065,0.067,1,,,
PROSER2,0.177025927,-0.883469975,0.035,0.037,1,,,
EMC9,0.177343802,-0.262795545,0.013,0.011,1,,,
TMEM229B,0.178056099,-1.174581193,0.008,0.01,1,,,
HAUS5,0.178071445,-1.114514126,0.028,0.03,1,,,
FADD,0.178091064,-0.742297594,0.012,0.011,1,,,
MEAF6,0.179410921,-0.956254235,0.07,0.071,1,,,
CEP72,0.179594996,-0.659117525,0.021,0.019,1,,,
AL357060.2,0.179619415,-1.545816758,0.009,0.011,1,,,
POGK,0.180215588,-0.59736227,0.073,0.067,1,,,
FANCL,0.180685192,-0.612986901,0.166,0.149,1,,,
NCAPG2,0.181011579,-0.95154492,0.036,0.038,1,,,
CNEP1R1,0.1820783,-0.940231512,0.035,0.037,1,,,
GEMIN8,0.182276899,-0.687038759,0.075,0.069,1,,,
KDM7A,0.182471815,-0.984777515,0.146,0.14,1,,,
SGSM2,0.182612636,-1.007013913,0.067,0.069,1,,,
LINC02201,0.183338143,-0.561878037,0.013,0.011,1,,,
BCOR,0.183353863,-0.716813319,0.062,0.056,1,,,
ATXN7,0.183433691,-0.675185265,0.248,0.215,1,,,
NDUFB11,0.184672385,-0.835868842,0.039,0.041,1,,,
FUNDC2,0.184799954,-0.771822375,0.044,0.04,1,,,
AC108449.1,0.186338716,-0.924475704,0.04,0.036,1,,,
ANAPC5,0.187263246,-0.730293516,0.243,0.223,1,,,
IGF2R,0.187268502,-0.69367876,0.266,0.229,1,,,
GLA,0.187573103,-0.844962743,0.025,0.027,1,,,
KDM6B,0.187622643,-0.758966208,0.033,0.03,1,,,
JAKMIP1,0.187745978,-1.41047653,0.011,0.009,1,,,
REEP4,0.187809785,-0.858216123,0.011,0.012,1,,,
CDK16,0.188010403,-0.755276113,0.024,0.021,1,,,
BARD1,0.188227785,-0.777670117,0.036,0.033,1,,,
FAM198A,0.188768044,-0.998722885,0.012,0.01,1,,,
GPKOW,0.188796831,-0.650920719,0.015,0.014,1,,,
ZNF614,0.188837069,-0.736306003,0.026,0.023,1,,,
SNRPN,0.18930931,-0.70070075,0.021,0.019,1,,,
AF131215.6,0.189679818,-1.023426824,0.009,0.011,1,,,
DPP3,0.189736542,-0.398518611,0.014,0.012,1,,,
EIF6,0.18984003,-0.918816624,0.025,0.027,1,,,
LOX,0.190125563,-1.073288202,0.043,0.045,1,,,
SLC35A4,0.190554001,-0.597538226,0.017,0.015,1,,,
IGSF6,0.191210133,-0.824947752,0.062,0.057,1,,,
AC244517.11,0.191356727,-1.007949504,0.053,0.055,1,,,
QTRT2,0.191740675,-0.660752792,0.121,0.111,1,,,
AC114490.1,0.192143704,-0.568855394,0.019,0.017,1,,,
MFAP3,0.192205354,-0.735431127,0.096,0.088,1,,,
CFAP20,0.193343779,-0.74815376,0.028,0.025,1,,,
AC008871.1,0.193385918,-0.73624758,0.033,0.03,1,,,
FRZB,0.193857602,-0.80488366,0.01,0.008,1,,,
DBR1,0.193913192,-0.919675226,0.024,0.026,1,,,
BTF3,0.194153165,-0.878748646,0.093,0.093,1,,,
TDRD6,0.194283476,-0.947903353,0.018,0.02,1,,,
CDC42,0.194964543,-0.695522012,0.18,0.161,1,,,
POMGNT2,0.195156482,-1.074954902,0.018,0.02,1,,,
ZBTB26,0.19606074,-0.793259015,0.046,0.042,1,,,
ZNF551,0.196305994,-1.107758934,0.009,0.011,1,,,
CEP152,0.196441697,-0.865877574,0.065,0.067,1,,,
ZSCAN23,0.196473563,-0.784767661,0.038,0.034,1,,,
LINC01606,0.19651452,-0.657468819,0.01,0.009,1,,,
RBM38,0.196569276,-0.678880079,0.01,0.009,1,,,
BCL2L14,0.196752431,-0.791289095,0.221,0.192,1,,,
AL133453.1,0.198207879,-0.700188933,0.023,0.021,1,,,
LRRC8C,0.198239974,-0.704252511,0.021,0.019,1,,,
ANKRD37,0.198506668,-1.123882507,0.015,0.017,1,,,
LEPROTL1,0.198891318,-0.990244429,0.081,0.082,1,,,
SPRY4-IT1,0.198990174,-0.701358064,0.01,0.009,1,,,
TIMM17B,0.199312803,-0.678990156,0.018,0.016,1,,,
UTP14C,0.199727078,-1.095380683,0.025,0.027,1,,,
SVIP,0.200584081,-0.719993694,0.087,0.08,1,,,
ZNF593,0.201095201,-0.968130424,0.009,0.011,1,,,
MORF4L2,0.201413026,-0.762323711,0.239,0.219,1,,,
KIF20B,0.201653347,-0.714233222,0.046,0.042,1,,,
CCDC93,0.202445763,-0.798363616,0.191,0.179,1,,,
TRAPPC2L,0.202509777,-0.642738378,0.035,0.032,1,,,
LIMD1-AS1,0.202951895,-0.989834303,0.017,0.019,1,,,
TCTN1,0.203517169,-0.813984363,0.097,0.096,1,,,
RITA1,0.203844018,-0.788543649,0.015,0.013,1,,,
POLB,0.203849577,-0.871845923,0.061,0.056,1,,,
TM9SF1,0.204936282,-0.933066274,0.009,0.01,1,,,
SEC61A1,0.206439843,-0.719956731,0.112,0.103,1,,,
ZNF202,0.206589656,-0.778170319,0.022,0.02,1,,,
SDK2,0.207368394,-1.216644692,0.011,0.013,1,,,
SEMA4B,0.20751306,-0.879359025,0.046,0.048,1,,,
ADD1,0.207986623,-0.707352523,0.316,0.279,1,,,
AC135050.3,0.208718176,-0.673675215,0.021,0.018,1,,,
CD160,0.209022947,-0.920898214,0.02,0.018,1,,,
DNAJC3,0.209156316,-0.772111426,0.194,0.183,1,,,
AC019205.2,0.209222692,-0.969246256,0.065,0.066,1,,,
RUBCN,0.209359908,-1.05183813,0.065,0.067,1,,,
AL109761.1,0.209362728,-0.771242054,0.018,0.016,1,,,
DPP9,0.209442631,-0.812588553,0.081,0.074,1,,,
SMARCA5,0.209696245,-0.788192782,0.199,0.187,1,,,
LGALS1,0.210685508,-0.83365086,0.253,0.231,1,,,
POFUT2,0.211780349,-0.705148262,0.044,0.04,1,,,
RDH13,0.2123158,-0.923858764,0.047,0.043,1,,,
BTBD1,0.212753053,-0.842372764,0.141,0.137,1,,,
KLHL35,0.212768659,-0.574267591,0.012,0.011,1,,,
PRCP,0.212914533,-0.838226872,0.105,0.104,1,,,
FEM1A,0.213460415,-0.721377367,0.011,0.009,1,,,
C11orf42,0.21364673,-0.74520014,0.018,0.016,1,,,
AL390066.1,0.213670272,-0.570385521,0.012,0.011,1,,,
G6PC3,0.214862665,-0.708957748,0.023,0.021,1,,,
SOX2-OT,0.215520079,-0.96681459,0.076,0.077,1,,,
PARD6G-AS1,0.216748133,-1.104353528,0.027,0.029,1,,,
NCOA1,0.216793935,-0.460600363,0.593,0.481,1,,,
ATP6AP1,0.216912623,-0.888883659,0.047,0.049,1,,,
AP003063.1,0.217016657,-0.658518196,0.014,0.012,1,,,
AP005131.6,0.217036097,-0.669043924,0.01,0.009,1,,,
KIAA0825,0.21806741,-0.638839093,0.277,0.239,1,,,
MFSD5,0.218302295,-0.654529412,0.012,0.011,1,,,
GATA2,0.218681296,-1.243666833,0.011,0.01,1,,,
CHTF18,0.21911534,-1.060275661,0.015,0.017,1,,,
AL355613.1,0.219127064,-0.866450877,0.012,0.01,1,,,
AC139887.2,0.220961712,-0.714716349,0.266,0.228,1,,,
RNF7,0.221299865,-0.89859463,0.06,0.062,1,,,
B3GALT4,0.22164258,-0.766412642,0.033,0.03,1,,,
EIF3F,0.221703045,-0.867175662,0.064,0.066,1,,,
USP7,0.222258318,-0.751914672,0.12,0.11,1,,,
ADNP,0.223810215,-0.645163213,0.341,0.299,1,,,
AC013652.1,0.223940464,-1.614391404,0.021,0.019,1,,,
TRIM45,0.224085018,-0.765159707,0.015,0.013,1,,,
ISOC2,0.224697957,-0.783099188,0.024,0.026,1,,,
ABTB1,0.226971061,-0.760315875,0.048,0.045,1,,,
MIER1,0.227107965,-0.650213001,0.272,0.235,1,,,
SRSF9,0.227198081,-0.890462308,0.057,0.059,1,,,
BBS1,0.227403571,-0.94355185,0.024,0.026,1,,,
ALDH16A1,0.227761277,-0.939182595,0.015,0.017,1,,,
MIR181A1HG,0.228240246,-0.932083842,0.095,0.094,1,,,
ZNF445,0.228981612,-0.697381492,0.08,0.073,1,,,
AC010894.3,0.229088288,-1.018945208,0.197,0.181,1,,,
TSTA3,0.230003433,-0.527570212,0.016,0.014,1,,,
COA3,0.23043538,-0.889944697,0.019,0.021,1,,,
INPP5A,0.23049086,-0.796430128,0.104,0.095,1,,,
COMMD6,0.230493587,-0.731975637,0.097,0.089,1,,,
FLJ46284,0.231341718,-0.852284304,0.038,0.04,1,,,
CDK2AP2,0.231645625,-1.027970839,0.011,0.012,1,,,
AC124657.1,0.232172004,-0.67420129,0.043,0.045,1,,,
SPTLC3,0.233550097,-0.619655822,0.15,0.147,1,,,
RNF20,0.233736644,-0.736017521,0.07,0.064,1,,,
SGIP1,0.234102939,-1.262639525,0.031,0.033,1,,,
TIGAR,0.234243731,-0.876265887,0.042,0.044,1,,,
UBALD1,0.234473088,-0.705987054,0.015,0.014,1,,,
SLC43A2,0.23531457,-0.917045806,0.077,0.078,1,,,
CCDC159,0.235845884,-0.788773778,0.038,0.035,1,,,
STX18-AS1,0.235893041,-0.732623408,0.113,0.103,1,,,
KDSR,0.235945548,-0.645120934,0.144,0.131,1,,,
CD3EAP,0.235972761,-1.04172935,0.035,0.037,1,,,
ZNF66,0.236011286,-0.74072737,0.058,0.053,1,,,
KIAA0556,0.236034665,-0.855186887,0.137,0.132,1,,,
EIF2AK2,0.236728605,-0.725341715,0.225,0.197,1,,,
CRYL1,0.237963233,-0.91407199,0.098,0.098,1,,,
MAN2A1,0.238074938,-0.805168596,0.191,0.179,1,,,
INO80C,0.238917267,-0.689742138,0.016,0.014,1,,,
SLF1,0.239348898,-1.068197324,0.117,0.114,1,,,
VTI1A,0.239368187,-0.454338288,0.542,0.432,1,,,
TRIM32,0.239730536,-0.750846358,0.016,0.015,1,,,
IPO13,0.241616472,-0.358248594,0.011,0.01,1,,,
GRAMD1A,0.241694017,-0.8902511,0.097,0.096,1,,,
RBM7,0.242969629,-0.693828083,0.022,0.02,1,,,
RANBP6,0.243111215,-0.688064552,0.021,0.023,1,,,
DNASE1L1,0.243535961,-0.858570892,0.031,0.033,1,,,
SEPHS2,0.245962115,-0.680204736,0.019,0.021,1,,,
LINC00665,0.245966839,-0.748616493,0.069,0.064,1,,,
TPRKB,0.24693181,-0.76614926,0.044,0.041,1,,,
PITPNM2,0.247099487,-1.063661425,0.051,0.052,1,,,
NBEAL2,0.247241888,-0.932287022,0.029,0.031,1,,,
MCM4,0.247427765,-0.569587547,0.015,0.014,1,,,
AGA,0.24743184,-1.002041958,0.032,0.034,1,,,
CUX1,0.247673757,-0.467479406,0.594,0.476,1,,,
KLKB1,0.247923441,-0.822265843,0.015,0.013,1,,,
POLE4,0.248158782,-0.955522762,0.041,0.043,1,,,
SYNPR,0.249041693,-1.355513733,0.01,0.009,1,,,
EPB41L4A,0.249338612,-0.737159778,0.296,0.265,1,,,
C7orf31,0.249665152,-0.921039635,0.029,0.031,1,,,
ZNF774,0.250191867,-0.893805607,0.01,0.008,1,,,
PRDM2,0.25060445,-0.654856291,0.295,0.252,1,,,
ELF1,0.251183916,-0.558277176,0.437,0.37,1,,,
ANKFY1,0.25166952,-0.714560876,0.214,0.189,1,,,
BMI1,0.252292637,-1.098834666,0.014,0.016,1,,,
FZR1,0.252346752,-1.055379569,0.021,0.023,1,,,
TUSC1,0.252595489,-0.649685438,0.018,0.016,1,,,
AL358472.5,0.252992783,-0.767785202,0.021,0.019,1,,,
RBM20,0.253837344,-1.157784752,0.013,0.012,1,,,
TEX261,0.254730227,-0.990643326,0.023,0.025,1,,,
UROD,0.255463477,-0.787552598,0.042,0.039,1,,,
TMEM107,0.256123283,-0.978714303,0.024,0.026,1,,,
RNASEH2B-AS1,0.257272793,-0.599022781,0.021,0.019,1,,,
SKP2,0.259289189,-0.785505106,0.065,0.059,1,,,
AC009148.1,0.259323437,-0.962006795,0.012,0.01,1,,,
RPS25,0.260457262,-0.842171045,0.163,0.147,1,,,
SEL1L,0.260506752,-0.708415894,0.206,0.183,1,,,
BRPF1,0.260667387,-0.691837233,0.018,0.017,1,,,
NFRKB,0.26068108,-0.696126209,0.074,0.069,1,,,
CAMKMT,0.261170773,-0.576659042,0.425,0.351,1,,,
AC087741.1,0.26139575,-0.773637204,0.025,0.027,1,,,
AL390728.6,0.262211707,-0.778542364,0.036,0.033,1,,,
PILRA,0.262667175,-0.713839616,0.064,0.059,1,,,
ZNF214,0.262712798,-0.601372544,0.026,0.024,1,,,
C1QBP,0.262966059,-0.710521462,0.039,0.036,1,,,
GNG12,0.263267974,-0.745376649,0.236,0.216,1,,,
CHST4,0.263374909,-0.494627617,0.016,0.014,1,,,
LAP3,0.263886234,-0.830980805,0.1,0.092,1,,,
HCFC1,0.263911836,-0.952622361,0.023,0.025,1,,,
ENO1,0.26391497,-0.697513021,0.093,0.086,1,,,
FAM96B,0.26413519,-0.768328903,0.067,0.062,1,,,
CAST,0.264140385,-0.404083234,0.562,0.443,1,,,
PELP1,0.264537649,-0.744480071,0.048,0.045,1,,,
ORAI1,0.264939521,-0.986218047,0.012,0.013,1,,,
LGI4,0.265088017,-0.918220008,0.025,0.027,1,,,
PTH2R,0.265336041,-0.679315544,0.014,0.013,1,,,
PUF60,0.265460768,-0.661543878,0.029,0.026,1,,,
AC006059.1,0.265666475,-0.676734142,0.397,0.338,1,,,
UBL3,0.266167843,-0.772641137,0.189,0.168,1,,,
ZNF432,0.266413108,-0.937828088,0.049,0.051,1,,,
RRM2B,0.266808887,-0.841431736,0.058,0.06,1,,,
EFCAB14,0.267042639,-0.827882094,0.116,0.115,1,,,
PTPN7,0.267381487,-0.989678354,0.032,0.029,1,,,
ATG101,0.267443754,-0.873932278,0.015,0.016,1,,,
RBM42,0.26765974,-0.58979973,0.026,0.024,1,,,
RAD21,0.267903121,-0.628865893,0.21,0.187,1,,,
GRIK2,0.26804668,-1.369974277,0.049,0.05,1,,,
LHFPL2,0.268637778,-0.885398225,0.113,0.103,1,,,
BBS7,0.268675572,-0.877599501,0.074,0.075,1,,,
LINC02210-CRHR1,0.269060469,-0.833907923,0.049,0.051,1,,,
YIPF5,0.26917169,-0.864684858,0.061,0.063,1,,,
AC005261.4,0.269557383,-0.684956334,0.011,0.009,1,,,
UBA6,0.270303774,-0.69843112,0.221,0.195,1,,,
FLVCR1,0.270439766,-0.684886589,0.042,0.039,1,,,
ADIPOR1,0.270686235,-0.80069155,0.046,0.042,1,,,
LINC00954,0.271313766,-1.272799848,0.011,0.012,1,,,
METTL4,0.272806177,-0.913778203,0.079,0.08,1,,,
GRWD1,0.273301306,-0.718618837,0.014,0.013,1,,,
ASB6,0.27336708,-0.89968897,0.011,0.012,1,,,
NRAS,0.27348976,-0.613681919,0.027,0.025,1,,,
ODF2L,0.274861684,-0.713321894,0.264,0.239,1,,,
SND1-IT1,0.275464169,-0.91175247,0.018,0.019,1,,,
CDR2L,0.275470117,-0.948866149,0.01,0.011,1,,,
TUBB2A,0.275987519,-0.849540977,0.01,0.012,1,,,
ZNF841,0.276001907,-0.818478321,0.021,0.023,1,,,
AC002116.2,0.276058704,-1.065882557,0.03,0.031,1,,,
ACP2,0.276182616,-0.737338447,0.026,0.028,1,,,
AL158198.1,0.276283887,-0.948598656,0.017,0.015,1,,,
BEND6,0.276349233,-1.239604762,0.009,0.011,1,,,
RECQL,0.27673326,-0.750270824,0.099,0.091,1,,,
Z99758.1,0.277107237,-0.968470089,0.018,0.02,1,,,
RNGTT,0.277957036,-0.781040159,0.224,0.206,1,,,
CAPZA2,0.277969665,-0.726448951,0.228,0.199,1,,,
LRRC75B,0.278420394,-0.974501915,0.013,0.014,1,,,
MED22,0.278480514,-1.010544036,0.016,0.018,1,,,
SMPD1,0.278966389,-0.277246682,0.016,0.014,1,,,
MACF1,0.279009677,-0.18887874,0.744,0.611,1,,,
MPPED2,0.279048174,-1.044488424,0.105,0.103,1,,,
PDCD5,0.27988584,-0.804415362,0.062,0.058,1,,,
ZNF619,0.280291973,-0.5881196,0.014,0.012,1,,,
PPAT,0.280517765,-0.673273918,0.045,0.041,1,,,
PQBP1,0.281016908,-0.770394115,0.023,0.021,1,,,
CCNK,0.281355087,-0.781861227,0.11,0.1,1,,,
GNA13,0.281682255,-0.937905564,0.114,0.112,1,,,
ASB13,0.281841493,-0.877909969,0.054,0.05,1,,,
PSMB6,0.282148102,-0.872815386,0.044,0.046,1,,,
ZDHHC13,0.282912136,-0.675419678,0.076,0.071,1,,,
LINC01266,0.283609537,-1.027222476,0.131,0.117,1,,,
PDCL,0.284407563,-0.709469114,0.044,0.041,1,,,
RAB11FIP5,0.284459053,-1.00640187,0.026,0.028,1,,,
VPS28,0.284701847,-0.8356241,0.082,0.082,1,,,
AC010524.1,0.284972989,-1.037794161,0.022,0.02,1,,,
SSRP1,0.285159048,-0.635240232,0.027,0.029,1,,,
AC138956.1,0.285567614,-0.798252769,0.018,0.016,1,,,
AC092338.2,0.285814786,-0.99631816,0.041,0.043,1,,,
SS18L2,0.286074708,-0.750413383,0.039,0.036,1,,,
GRK6,0.286644588,-1.037679726,0.021,0.022,1,,,
HSPA2,0.286815424,-0.579879207,0.01,0.011,1,,,
AC004805.1,0.287075564,-0.69964135,0.04,0.037,1,,,
DNAJB9,0.287200228,-0.762209407,0.044,0.041,1,,,
ZNF346,0.288614376,-0.766346257,0.107,0.098,1,,,
CSTF1,0.288731882,-0.727967039,0.026,0.024,1,,,
NDUFA4,0.289185693,-0.741686962,0.148,0.135,1,,,
MYLK4,0.290122109,-1.151531075,0.01,0.011,1,,,
RHOBTB2,0.290264984,-0.976793923,0.03,0.032,1,,,
RPLP0,0.290354038,-0.783878094,0.158,0.142,1,,,
CEACAM19,0.290498692,-0.934330375,0.022,0.023,1,,,
PLCD1,0.290585343,-0.686845294,0.031,0.028,1,,,
PSIP1,0.291074371,-0.752049991,0.213,0.197,1,,,
ZNF473,0.291091995,-0.708224791,0.022,0.02,1,,,
AC007014.1,0.29177547,-0.757696128,0.094,0.087,1,,,
FAM114A1,0.292502352,-0.67788068,0.212,0.187,1,,,
AC022217.3,0.292537028,-1.010709265,0.063,0.064,1,,,
CNPY4,0.293556963,-0.812003539,0.027,0.025,1,,,
CARM1,0.294605752,-1.022862328,0.042,0.043,1,,,
TMEM14B,0.294746697,-0.763264056,0.068,0.063,1,,,
NFKBIA,0.295339439,-0.789039211,0.113,0.103,1,,,
TRAF7,0.295529748,-1.094016146,0.021,0.022,1,,,
VILL,0.295779126,-0.650302373,0.015,0.014,1,,,
CDK5RAP3,0.295838119,-0.821417356,0.024,0.022,1,,,
NIPAL1,0.295914134,-1.253812884,0.021,0.022,1,,,
RNF181,0.296110116,-0.844738199,0.022,0.024,1,,,
ARMC10,0.296202616,-0.771131559,0.116,0.106,1,,,
TCEAL1,0.296921049,-0.905400935,0.029,0.03,1,,,
ZFYVE19,0.297320569,-0.699315995,0.024,0.022,1,,,
AP002884.3,0.29744175,-0.688620849,0.055,0.051,1,,,
CYP4A22-AS1,0.297824062,-0.806213178,0.022,0.02,1,,,
UXT,0.298577117,-0.723316525,0.048,0.045,1,,,
AC244021.1,0.299136485,-0.98368119,0.045,0.046,1,,,
C12orf43,0.303174672,-0.761248689,0.019,0.018,1,,,
DDX27,0.303179294,-0.899855839,0.075,0.076,1,,,
CERS3,0.303942495,-0.69286106,0.073,0.074,1,,,
GNAS,0.304252916,-0.715995675,0.321,0.281,1,,,
ADSL,0.305305566,-0.576358046,0.017,0.015,1,,,
NCAPH2,0.305422353,-0.663097008,0.017,0.015,1,,,
ARPIN,0.3057197,-0.669045595,0.029,0.027,1,,,
NDN,0.306047759,-0.608547149,0.04,0.037,1,,,
ZFP90,0.306568941,-0.801299907,0.113,0.104,1,,,
DTD1,0.306642096,-0.955917304,0.101,0.099,1,,,
ATP2C2,0.308735877,-0.704414894,0.012,0.011,1,,,
TEAD2,0.308996548,-0.963680252,0.024,0.026,1,,,
BX890604.1,0.309378393,-0.796495854,0.018,0.016,1,,,
UTRN,0.30989945,-0.226116113,0.839,0.706,1,,,
HINT1,0.310262056,-0.851928683,0.138,0.125,1,,,
SLC12A8,0.311059218,-0.768663236,0.039,0.036,1,,,
AC073592.1,0.311234796,-1.165501288,0.011,0.012,1,,,
RUVBL2,0.311643484,-0.933202123,0.023,0.025,1,,,
CCDC88B,0.313084643,-1.067652704,0.015,0.017,1,,,
AC011379.1,0.313282967,-0.790339528,0.019,0.017,1,,,
ARMC5,0.313467078,-0.779162634,0.011,0.01,1,,,
PHTF1,0.314663831,-0.579858811,0.102,0.095,1,,,
LINC02035,0.314719439,-0.913302816,0.015,0.016,1,,,
ARAP1,0.31656258,-0.765097858,0.108,0.1,1,,,
SELENON,0.316571882,-0.820988269,0.039,0.041,1,,,
GSPT2,0.316723698,-0.611119556,0.014,0.012,1,,,
AL135999.1,0.317423192,-0.876563432,0.036,0.037,1,,,
KCTD5,0.317601817,-0.813511529,0.016,0.018,1,,,
TAB3,0.317834091,-0.742458461,0.077,0.071,1,,,
ZNF250,0.319194039,-0.771399619,0.044,0.041,1,,,
ABCE1,0.319225568,-0.712254301,0.106,0.098,1,,,
CEP78,0.319516824,-0.967634247,0.057,0.058,1,,,
DNAJB1,0.319832466,-0.892905295,0.032,0.034,1,,,
KATNB1,0.319847137,-0.642264683,0.013,0.011,1,,,
SPRY2,0.320653575,-1.171322933,0.039,0.041,1,,,
TMEM131,0.32178545,-0.680753695,0.336,0.291,1,,,
TRMT1,0.322432885,-0.833675654,0.05,0.046,1,,,
AC073610.3,0.323349942,-0.793933557,0.023,0.021,1,,,
RELA,0.323681184,-0.919063676,0.025,0.027,1,,,
LINC02006,0.323721262,-1.279361408,0.058,0.059,1,,,
AC007298.2,0.324076551,-0.813668265,0.009,0.011,1,,,
TCF20,0.324967367,-0.76190349,0.153,0.139,1,,,
DHX15,0.325601015,-0.750857113,0.205,0.191,1,,,
KANK3,0.325651936,-1.284351091,0.04,0.037,1,,,
TPRG1L,0.32776237,-0.840212065,0.016,0.017,1,,,
TIMM22,0.32791673,-1.042063846,0.031,0.033,1,,,
CHST10,0.32792982,-0.823664117,0.011,0.01,1,,,
CDKN1B,0.328747457,-0.689322946,0.05,0.047,1,,,
C12orf49,0.328836347,-0.913279203,0.018,0.019,1,,,
WWC2-AS1,0.330129652,-0.782374623,0.028,0.026,1,,,
MRPL37,0.330793557,-0.766153762,0.035,0.032,1,,,
C19orf71,0.332755955,-0.934998086,0.012,0.011,1,,,
STAT1,0.333392251,-0.833950605,0.131,0.119,1,,,
SOAT1,0.333551775,-0.797302853,0.104,0.096,1,,,
TMEM18,0.334105655,-0.815501325,0.041,0.043,1,,,
CCDC97,0.334395081,-1.009861697,0.038,0.04,1,,,
NOLC1,0.335053045,-0.96109175,0.025,0.026,1,,,
CASP8,0.335057052,-0.825317545,0.137,0.124,1,,,
ERAP2,0.337051336,-0.773567118,0.103,0.096,1,,,
DIAPH2,0.33937838,-0.222309027,0.748,0.6,1,,,
ZNF395,0.339453307,-0.785118133,0.052,0.048,1,,,
PDCL3,0.340123539,-0.494168692,0.01,0.009,1,,,
GZF1,0.341332092,-1.09697062,0.013,0.015,1,,,
AL035401.1,0.341460699,-0.964972525,0.01,0.009,1,,,
MIR325HG,0.341811947,-1.444844105,0.017,0.018,1,,,
ANO8,0.344071949,-0.905770556,0.014,0.013,1,,,
USP11,0.344323948,-0.847147093,0.052,0.054,1,,,
GAK,0.345352419,-0.789713739,0.139,0.127,1,,,
FAM122A,0.345703495,-0.841530484,0.021,0.022,1,,,
SERTAD4-AS1,0.345881031,-0.944427837,0.021,0.023,1,,,
CAND2,0.346070775,-1.086876103,0.019,0.02,1,,,
WDR47,0.346094253,-0.938901976,0.06,0.061,1,,,
SACS,0.34610244,-0.760751705,0.069,0.064,1,,,
HDAC2-AS2,0.346862078,-0.920081179,0.049,0.05,1,,,
AF107885.2,0.348287277,-0.759073434,0.069,0.065,1,,,
MAP6,0.350175624,-0.877476084,0.024,0.026,1,,,
PYGM,0.350292589,-0.716673287,0.014,0.012,1,,,
DHX9,0.350465507,-0.687776387,0.188,0.169,1,,,
TSEN34,0.350878627,-0.848705056,0.022,0.024,1,,,
ARL5B,0.351583074,-0.600212979,0.042,0.039,1,,,
ZDHHC24,0.352263745,-0.752645288,0.058,0.054,1,,,
AHSA1,0.354019327,-1.014345094,0.046,0.047,1,,,
AC012404.2,0.354653572,-0.814200359,0.015,0.014,1,,,
PAXIP1-AS2,0.355261921,-0.729510101,0.063,0.059,1,,,
NOP10,0.356146264,-0.783201556,0.037,0.038,1,,,
AC093323.1,0.357329672,-0.62358771,0.014,0.012,1,,,
TBX18,0.358380127,-1.352772711,0.016,0.017,1,,,
UFC1,0.358542979,-0.927763021,0.045,0.047,1,,,
PAF1,0.359802717,-0.716284847,0.018,0.017,1,,,
TCEA2,0.359899211,-0.844258288,0.036,0.034,1,,,
IMP4,0.360052311,-0.901641416,0.025,0.027,1,,,
CRKL,0.360641869,-0.755961323,0.053,0.049,1,,,
YIF1A,0.362231495,-0.939623942,0.037,0.039,1,,,
CHMP5,0.362234835,-0.815155696,0.065,0.061,1,,,
MIR3681HG,0.362510817,-1.425263198,0.011,0.012,1,,,
MAP3K12,0.363151359,-0.788707517,0.098,0.091,1,,,
HMGN1,0.363823533,-0.664923127,0.116,0.107,1,,,
SNAPC4,0.364689716,-0.890038624,0.036,0.033,1,,,
C5orf42,0.365462865,-0.580768789,0.443,0.368,1,,,
GTF3C4,0.365833354,-0.758242805,0.03,0.028,1,,,
IGSF10,0.366537257,-1.118634898,0.027,0.028,1,,,
TAF7,0.366634651,-0.803532785,0.102,0.095,1,,,
XKR8,0.36758708,-0.780002242,0.01,0.009,1,,,
CTNNBL1,0.368043503,-0.76231628,0.14,0.128,1,,,
CXXC4,0.369611618,-0.626805582,0.011,0.01,1,,,
WRAP53,0.369856267,-0.794185201,0.01,0.009,1,,,
CBX7,0.370077439,-0.76432865,0.086,0.08,1,,,
SMARCC1,0.370097832,-0.631443394,0.294,0.254,1,,,
AC008124.1,0.370700811,-0.820253899,0.055,0.052,1,,,
DDX3Y,0.370781225,-0.786382611,0.063,0.059,1,,,
ZNF71,0.370865962,-0.857057118,0.019,0.018,1,,,
TNIP2,0.371726061,-0.773386927,0.028,0.026,1,,,
GFER,0.371992293,-0.583838356,0.01,0.009,1,,,
SLC35F1,0.372115102,-1.075855913,0.033,0.031,1,,,
NSF,0.373586028,-0.91289511,0.08,0.079,1,,,
STRIP1,0.374629241,-0.967224186,0.052,0.053,1,,,
SRC,0.374680853,-0.992198175,0.026,0.028,1,,,
ABHD18,0.375745854,-0.729768083,0.197,0.176,1,,,
ENDOG,0.376554043,-0.284068602,0.01,0.009,1,,,
AC005332.9,0.377449313,-0.94303956,0.017,0.018,1,,,
BLOC1S2,0.37842143,-0.771192169,0.043,0.04,1,,,
PBX2,0.379532784,-0.983646518,0.022,0.023,1,,,
HTATSF1,0.382493745,-0.839683606,0.039,0.036,1,,,
SPTB,0.383127764,-0.816591784,0.031,0.032,1,,,
ARL6,0.383135748,-0.82844515,0.055,0.051,1,,,
TGFBR1,0.383546831,-0.892299856,0.124,0.113,1,,,
ZNF641,0.384185561,-0.760675579,0.077,0.072,1,,,
ANKRD13A,0.384228792,-0.846986311,0.08,0.074,1,,,
GSN-AS1,0.384836444,-0.952010282,0.013,0.012,1,,,
DTX2,0.385825772,-0.851518348,0.031,0.033,1,,,
AKR1A1,0.386018915,-0.728613566,0.122,0.113,1,,,
GNRH1,0.386950514,-0.786701984,0.017,0.015,1,,,
MRPL14,0.387126513,-0.93382557,0.031,0.032,1,,,
PHB2,0.387645892,-0.684260797,0.047,0.044,1,,,
ATP5H,0.390079475,-0.722759219,0.058,0.055,1,,,
ATP5O,0.39053911,-0.757907214,0.045,0.042,1,,,
CHIC2,0.390617062,-0.747844359,0.198,0.184,1,,,
DAPK3,0.391104636,-0.884159368,0.098,0.096,1,,,
SWSAP1,0.391328341,-0.834151261,0.028,0.029,1,,,
CMTM4,0.391480249,-0.80527276,0.076,0.071,1,,,
MRPS2,0.391670655,-0.736203063,0.012,0.011,1,,,
PHC2,0.392518042,-0.782580888,0.137,0.132,1,,,
AC010319.4,0.392635139,-1.064512679,0.017,0.018,1,,,
RBMS1,0.394102004,-0.326750897,0.663,0.54,1,,,
SLC17A5,0.394275315,-0.868733003,0.092,0.091,1,,,
USP32,0.39473839,-0.684250691,0.287,0.255,1,,,
AC022167.2,0.395148207,-0.866120148,0.023,0.021,1,,,
TWSG1,0.395225119,-0.761602403,0.083,0.078,1,,,
TRIP6,0.396558288,-0.898754861,0.059,0.06,1,,,
TAGLN,0.397428379,-0.922400343,0.069,0.065,1,,,
ATG2B,0.397446095,-0.778634853,0.191,0.178,1,,,
MOB2,0.397902786,-0.772005445,0.056,0.052,1,,,
HNRNPUL2,0.398420877,-0.636452314,0.025,0.023,1,,,
PLEKHA8,0.39852107,-0.880256389,0.077,0.077,1,,,
SMAD1,0.398925153,-1.297712451,0.103,0.1,1,,,
ZDHHC7,0.399140094,-0.762440629,0.126,0.116,1,,,
SNRNP200,0.399583112,-0.80058141,0.128,0.118,1,,,
HDHD2,0.399785063,-0.592865518,0.014,0.013,1,,,
GLMP,0.400349844,-0.864754682,0.037,0.035,1,,,
MAPK9,0.401069226,-0.913281591,0.089,0.088,1,,,
PANK2,0.401899184,-0.745350018,0.177,0.16,1,,,
AP000866.6,0.402295553,-0.837984062,0.012,0.011,1,,,
MANSC1,0.402632786,-0.623128227,0.029,0.027,1,,,
EIF3I,0.402635883,-0.787546466,0.034,0.032,1,,,
MSMO1,0.402945806,-0.897890425,0.042,0.044,1,,,
ACTR1B,0.404008938,-0.74042125,0.062,0.058,1,,,
C12orf42,0.405888518,-1.43555147,0.01,0.011,1,,,
RPL36A,0.405915514,-0.935025657,0.029,0.03,1,,,
KLHL42,0.406288534,-0.964253387,0.067,0.067,1,,,
AC011462.1,0.407610324,-1.188229544,0.009,0.01,1,,,
ZNF106,0.408215179,-0.694920697,0.273,0.237,1,,,
SAP30,0.40845217,-0.889873007,0.04,0.041,1,,,
SPECC1L,0.410799126,-0.830102746,0.028,0.026,1,,,
SSR1,0.411667475,-0.821870681,0.128,0.124,1,,,
Z82217.1,0.412913323,-0.922614893,0.034,0.032,1,,,
AC002550.1,0.41303714,-0.61091945,0.01,0.009,1,,,
SPEF2,0.415386646,-0.884800739,0.085,0.084,1,,,
TRIM33,0.415490596,-0.718769641,0.26,0.234,1,,,
COX8A,0.415880867,-0.646732887,0.047,0.045,1,,,
ZWILCH,0.417240837,-1.014591037,0.022,0.023,1,,,
NXPE1,0.417416029,-0.991338929,0.013,0.014,1,,,
SMIM20,0.41861642,-0.954821471,0.033,0.034,1,,,
FAM111A,0.419134647,-0.692438848,0.08,0.08,1,,,
RMI2,0.4211129,-0.382865186,0.012,0.011,1,,,
CLCN7,0.422249693,-0.823570295,0.069,0.065,1,,,
ADO,0.422677915,-1.04685113,0.01,0.011,1,,,
CLN3,0.422980484,-0.968629495,0.015,0.016,1,,,
PTRHD1,0.423340796,-0.957402941,0.01,0.01,1,,,
SMPD2,0.423601859,-1.113626846,0.012,0.013,1,,,
C11orf95,0.423796816,-0.632586311,0.026,0.024,1,,,
TPRA1,0.424720648,-0.66834244,0.046,0.043,1,,,
CREB3,0.425416247,-0.862812191,0.022,0.023,1,,,
CTTN,0.425523182,-0.757038499,0.272,0.24,1,,,
TP53TG1,0.425528311,-0.93676035,0.024,0.023,1,,,
ZNF804A,0.425888232,-0.599457925,0.028,0.026,1,,,
SPG20-AS1,0.426058546,-0.901986329,0.024,0.025,1,,,
GALE,0.426888311,-0.676153637,0.025,0.023,1,,,
ARF5,0.427109951,-0.847096809,0.025,0.026,1,,,
AC145422.1,0.428086098,-1.014043607,0.013,0.014,1,,,
CRTC2,0.429571101,-0.822687486,0.031,0.029,1,,,
ATPAF2,0.430755994,-0.834735001,0.048,0.045,1,,,
UQCR11,0.432627357,-0.814618018,0.037,0.035,1,,,
PFKFB2,0.433254445,-0.794553898,0.027,0.028,1,,,
DKC1,0.434106883,-0.941513056,0.043,0.044,1,,,
USP15,0.434532206,-0.428100174,0.494,0.404,1,,,
MIPEP,0.435091865,-0.802940973,0.123,0.119,1,,,
FLJ31356,0.435389437,-0.97866979,0.009,0.01,1,,,
NR4A3,0.436502977,-1.66990757,0.016,0.015,1,,,
ATF7IP,0.436973154,-0.514018724,0.505,0.414,1,,,
CGRRF1,0.437104968,-0.731841368,0.045,0.042,1,,,
VANGL1,0.437941753,-0.697886998,0.025,0.024,1,,,
HDAC10,0.438086747,-0.836437729,0.028,0.026,1,,,
WSCD1,0.438442623,-0.800311784,0.011,0.01,1,,,
FKBP8,0.439130712,-0.754436959,0.055,0.052,1,,,
SIGMAR1,0.439715936,-0.836269365,0.02,0.021,1,,,
NXT1,0.43990293,-0.916118845,0.009,0.01,1,,,
HDAC11,0.439993854,-0.672654289,0.022,0.02,1,,,
AL589863.1,0.440097559,-0.569936367,0.012,0.011,1,,,
GNLY,0.440478043,-2.009183298,0.021,0.022,1,,,
LINC01036,0.441032553,-0.632423989,0.02,0.021,1,,,
AC009269.3,0.442533936,-1.024565869,0.045,0.046,1,,,
STOML2,0.442596011,-0.895843246,0.027,0.028,1,,,
AC078785.1,0.443554347,-0.778287713,0.038,0.035,1,,,
CCDC127,0.444276611,-0.772627958,0.021,0.022,1,,,
RRP1,0.445239157,-0.960474247,0.019,0.02,1,,,
CARD6,0.44538773,-0.821152236,0.037,0.039,1,,,
RORA-AS1,0.445532099,-0.836213633,0.319,0.27,1,,,
LASP1,0.445940139,-0.754970182,0.121,0.112,1,,,
MICAL3,0.446103431,-0.71911284,0.268,0.24,1,,,
ZBTB39,0.447039033,-0.841479824,0.012,0.011,1,,,
USP21,0.447370359,-0.740096263,0.012,0.011,1,,,
AC008761.1,0.447499845,-0.813951666,0.026,0.025,1,,,
MSH2,0.447955975,-0.802795174,0.088,0.087,1,,,
COPZ1,0.449227433,-0.841937722,0.046,0.047,1,,,
PTOV1,0.449498292,-0.802020934,0.094,0.087,1,,,
FZD6,0.450252206,-0.763906557,0.11,0.107,1,,,
AC005476.2,0.451196925,-0.835898276,0.014,0.013,1,,,
PPIL6,0.451640366,-0.705683364,0.058,0.054,1,,,
LINC01088,0.4518505,-1.654292129,0.055,0.052,1,,,
MRPL57,0.452164655,-0.748343435,0.067,0.063,1,,,
ATG4C,0.452402216,-0.846747186,0.141,0.129,1,,,
AL590006.1,0.453349013,-0.918610392,0.042,0.039,1,,,
PLAGL2,0.453882374,-0.875115669,0.015,0.016,1,,,
TTC17,0.454138788,-0.33820437,0.628,0.497,1,,,
MORN2,0.454401491,-0.722511707,0.026,0.024,1,,,
AL591686.2,0.455093063,-1.698799284,0.01,0.011,1,,,
YOD1,0.456210264,-0.719251939,0.015,0.013,1,,,
UBL5,0.457065111,-0.768455749,0.075,0.071,1,,,
LRRN4CL,0.45807229,-0.873229656,0.027,0.028,1,,,
RNF13,0.458848491,-0.636236076,0.4,0.338,1,,,
AC023908.2,0.459354017,-0.958698039,0.012,0.011,1,,,
TCP11L2,0.459462501,-0.750449227,0.129,0.119,1,,,
SNHG8,0.459976515,-0.807926567,0.102,0.095,1,,,
ZNF785,0.460062242,-0.728333682,0.062,0.058,1,,,
NEDD9,0.460559856,-1.171025585,0.146,0.137,1,,,
SURF2,0.461111258,-0.758231673,0.01,0.009,1,,,
SRM,0.461616374,-0.95974395,0.032,0.033,1,,,
HYDIN,0.462149228,-0.827313196,0.013,0.012,1,,,
NREP,0.462402278,-0.7722903,0.086,0.08,1,,,
RGMA,0.462942451,-0.936698834,0.035,0.036,1,,,
CHL1-AS1,0.463189031,-1.098348994,0.011,0.012,1,,,
TRAF4,0.465510254,-0.809899375,0.011,0.012,1,,,
PGBD2,0.465974137,-0.883932936,0.018,0.016,1,,,
AC124283.1,0.466138244,-1.115523348,0.015,0.016,1,,,
HNRNPA0,0.466360595,-0.634174591,0.052,0.05,1,,,
RPS10-NUDT3,0.466545041,-0.703359186,0.011,0.01,1,,,
AC007220.1,0.466860865,-1.053624515,0.012,0.013,1,,,
MEGF11,0.467592135,-1.100186487,0.024,0.022,1,,,
NDUFC2,0.468186433,-0.720691739,0.043,0.041,1,,,
ZNF485,0.468597738,-0.681231533,0.013,0.012,1,,,
WDR91,0.46882947,-0.878039104,0.046,0.043,1,,,
HLA-DMA,0.469181742,-0.790232656,0.086,0.08,1,,,
ANXA2,0.470533254,-0.562146373,0.417,0.354,1,,,
TBC1D22B,0.470915629,-0.787257072,0.077,0.072,1,,,
DERL2,0.471505816,-0.800971831,0.065,0.061,1,,,
AL512638.2,0.473433344,-0.887956323,0.138,0.132,1,,,
GNL1,0.475860159,-0.881107052,0.05,0.051,1,,,
AC008770.3,0.47606728,-0.560642204,0.011,0.01,1,,,
TCF3,0.476858959,-0.97215557,0.04,0.04,1,,,
CSE1L,0.477270587,-0.827622492,0.094,0.092,1,,,
AC011468.2,0.482018504,-1.059785442,0.016,0.017,1,,,
CSNK1G3,0.48326111,-0.804342682,0.203,0.186,1,,,
EXOSC9,0.485006023,-0.779802509,0.055,0.052,1,,,
CCDC32,0.48679516,-0.855879204,0.075,0.074,1,,,
HNRNPF,0.488039617,-0.735107472,0.153,0.14,1,,,
ZSCAN9,0.489627365,-0.966094521,0.037,0.038,1,,,
AC019163.1,0.490079736,-0.77546079,0.02,0.021,1,,,
CCDC22,0.490950162,-0.779624976,0.016,0.015,1,,,
TTLL9,0.491600093,-0.920955409,0.01,0.009,1,,,
ZPR1,0.49232815,-0.729807089,0.017,0.016,1,,,
CCDC157,0.494000384,-0.712903736,0.012,0.011,1,,,
RIT1,0.496516657,-0.890333909,0.039,0.037,1,,,
SCRIB,0.496518071,-0.824521277,0.018,0.019,1,,,
SFR1,0.498128365,-0.752359128,0.018,0.016,1,,,
MBD3,0.498940835,-0.572111418,0.022,0.02,1,,,
EIF4A3,0.49940382,-0.842990332,0.034,0.035,1,,,
DNM3,0.500094403,-0.70297076,0.252,0.222,1,,,
ZRSR2,0.501686762,-0.809892054,0.077,0.072,1,,,
CDK9,0.502661165,-0.810511345,0.055,0.052,1,,,
SPAG6,0.508292342,-0.898284142,0.016,0.015,1,,,
UNC119B,0.509466967,-0.74669547,0.023,0.022,1,,,
AC067852.6,0.509679375,-0.817633671,0.016,0.017,1,,,
ZNF8,0.510854821,-0.636148401,0.011,0.01,1,,,
SLC25A3,0.511163389,-0.793408615,0.146,0.134,1,,,
OSGEP,0.511539082,-0.833731691,0.1,0.093,1,,,
ISY1,0.513703035,-0.713131511,0.015,0.014,1,,,
CD82,0.514099181,-1.114712046,0.016,0.015,1,,,
TRIM3,0.514103383,-0.850885738,0.025,0.023,1,,,
BUD31,0.514178814,-0.84477507,0.03,0.031,1,,,
C6orf47,0.515341694,-0.926393678,0.015,0.016,1,,,
FAM131A,0.51581006,-0.803192071,0.041,0.039,1,,,
DEDD2,0.517231006,-0.815056119,0.016,0.017,1,,,
RNF135,0.519604604,-1.081290319,0.088,0.086,1,,,
FAM210A,0.521203457,-0.858527874,0.067,0.067,1,,,
TNKS2,0.522566769,-0.663231174,0.225,0.201,1,,,
POLR2J,0.522602115,-0.697778234,0.028,0.026,1,,,
CHRAC1,0.523732081,-0.838084259,0.018,0.017,1,,,
CROCC,0.52405256,-0.834910455,0.123,0.118,1,,,
SCAMP2,0.52442065,-0.805738101,0.078,0.073,1,,,
E2F3,0.524801059,-0.806931512,0.073,0.069,1,,,
RBBP9,0.525145155,-0.56807538,0.015,0.014,1,,,
ZNF568,0.526057713,-0.747967378,0.092,0.09,1,,,
FUNDC1,0.528429635,-1.008644008,0.013,0.014,1,,,
RBFOX2,0.528820117,-0.463028383,0.495,0.397,1,,,
RNF207,0.529003867,-0.885866003,0.048,0.046,1,,,
SELENOT,0.530279068,-0.716025141,0.083,0.079,1,,,
USP54,0.532610005,-0.657051037,0.125,0.116,1,,,
PROSER2-AS1,0.53308669,-0.772474894,0.014,0.013,1,,,
EGLN1,0.534736045,-0.806472453,0.135,0.125,1,,,
AL157838.1,0.537391334,-0.905661183,0.029,0.027,1,,,
CHMP2A,0.537616293,-0.882460315,0.056,0.056,1,,,
ZDHHC6,0.538734014,-0.780982988,0.113,0.105,1,,,
CCDC28B,0.539284552,-0.671611113,0.029,0.028,1,,,
ATXN7L3,0.53947568,-0.811151075,0.023,0.022,1,,,
NUTF2,0.540053727,-0.758062347,0.026,0.025,1,,,
LAMP2,0.541447705,-0.839706967,0.171,0.16,1,,,
EMC7,0.542230524,-0.753337824,0.076,0.072,1,,,
MLLT11,0.543022912,-0.946368121,0.009,0.01,1,,,
MRM2,0.544476564,-0.760566896,0.037,0.035,1,,,
DCTD,0.54624174,-0.813428078,0.055,0.052,1,,,
KANSL1,0.546259199,-0.251468368,0.703,0.559,1,,,
AL031594.1,0.546417033,-1.039833303,0.02,0.02,1,,,
RABGGTB,0.548023719,-0.886354065,0.065,0.064,1,,,
THG1L,0.5490669,-0.893991768,0.021,0.02,1,,,
MIB1,0.552248191,-0.611906777,0.331,0.283,1,,,
AC015987.1,0.553311566,-0.703920404,0.013,0.012,1,,,
GATS,0.554499217,-0.936682252,0.103,0.096,1,,,
IL18R1,0.555178065,-1.434012538,0.029,0.03,1,,,
TOP2B,0.555234782,-0.765966213,0.233,0.211,1,,,
MICU2,0.556038979,-0.627960894,0.309,0.266,1,,,
ERO1A,0.557272191,-0.869553685,0.073,0.073,1,,,
AC079203.2,0.558109141,-0.670762071,0.014,0.013,1,,,
ARAF,0.558180851,-0.833766997,0.034,0.034,1,,,
CCDC153,0.558332537,-0.932170696,0.011,0.011,1,,,
PANK4,0.559590973,-0.661914448,0.013,0.013,1,,,
RHBDF1,0.560002584,-0.903688209,0.021,0.022,1,,,
RPN2,0.560099719,-0.836294087,0.149,0.141,1,,,
TMEM246-AS1,0.560272383,-0.892236983,0.018,0.017,1,,,
PNPO,0.561291456,-0.748931475,0.01,0.011,1,,,
BCKDK,0.56211988,-0.923418486,0.018,0.018,1,,,
AC118555.1,0.562338879,-1.062743661,0.02,0.021,1,,,
HSD17B12,0.563493794,-0.862850649,0.083,0.082,1,,,
RERG-AS1,0.563890048,-1.017843945,0.013,0.014,1,,,
PPP2CA,0.564531082,-0.783505094,0.024,0.024,1,,,
SERP2,0.564934079,-1.128871803,0.017,0.017,1,,,
EEF1D,0.565214393,-0.840567138,0.139,0.133,1,,,
ACTR5,0.566769366,-0.939774569,0.027,0.026,1,,,
VPS35,0.568391719,-0.852575982,0.135,0.128,1,,,
ARAP1-AS1,0.569845989,-0.671399048,0.012,0.011,1,,,
SCAMP4,0.571552274,-0.818670057,0.061,0.061,1,,,
SCMH1,0.57157204,-0.491044927,0.465,0.381,1,,,
NAPB,0.573157559,-0.854623348,0.099,0.096,1,,,
TICAM1,0.57372795,-0.835349648,0.023,0.022,1,,,
RUSC1,0.575610953,-0.856814795,0.027,0.025,1,,,
DHCR7,0.575836719,-0.667151153,0.016,0.017,1,,,
AC004862.1,0.576988157,-1.717082555,0.011,0.012,1,,,
CCDC94,0.57721873,-0.973930758,0.024,0.025,1,,,
MAZ,0.577729495,-0.861307702,0.026,0.026,1,,,
SNHG20,0.580977413,-0.87823324,0.043,0.044,1,,,
RIC8A,0.581493926,-0.899882168,0.025,0.023,1,,,
FAM172A,0.582319676,-0.314024526,0.674,0.532,1,,,
ZFP1,0.585304947,-0.679159603,0.017,0.016,1,,,
ZNF846,0.587364493,-0.759636335,0.161,0.152,1,,,
TBC1D10C,0.588905797,-1.206304592,0.01,0.009,1,,,
FANCI,0.589628545,-0.857124593,0.034,0.032,1,,,
COA6,0.590051189,-0.835164526,0.03,0.029,1,,,
AC046143.1,0.590427667,-0.887274382,0.012,0.011,1,,,
ZNF530,0.590877075,-0.749887188,0.01,0.009,1,,,
NEURL2,0.591865815,-0.713056549,0.015,0.015,1,,,
TIA1,0.592091463,-0.698244889,0.191,0.173,1,,,
ZNF738,0.592200778,-0.885116099,0.048,0.046,1,,,
AC006547.2,0.592867247,-0.745741278,0.017,0.016,1,,,
EID2,0.592884188,-0.818679035,0.013,0.012,1,,,
UNC13D,0.593127477,-0.735962797,0.022,0.021,1,,,
RPS20,0.594092919,-0.778698999,0.196,0.182,1,,,
RAB14,0.594455151,-0.86303265,0.133,0.127,1,,,
FUT8,0.595610456,-0.796455459,0.248,0.222,1,,,
HEATR3,0.596823033,-0.8488605,0.057,0.054,1,,,
FLII,0.597295907,-0.733316558,0.055,0.052,1,,,
CHRNB1,0.59813989,-0.687261329,0.011,0.01,1,,,
EVA1A,0.598578954,-1.069723244,0.017,0.018,1,,,
DOCK7,0.598874706,-0.627600906,0.309,0.265,1,,,
PBXIP1,0.599436351,-0.860579251,0.058,0.058,1,,,
PIGO,0.59957718,-0.662529559,0.018,0.017,1,,,
SNX14,0.599937582,-0.711649191,0.232,0.206,1,,,
UBR7,0.600356689,-0.93634718,0.031,0.03,1,,,
TOB1,0.600707872,-0.766042724,0.067,0.067,1,,,
ETNK1,0.600740254,-0.68493409,0.308,0.269,1,,,
RCHY1,0.601310952,-0.836456237,0.114,0.11,1,,,
UBL7,0.601723228,-0.993508256,0.017,0.016,1,,,
OXA1L,0.605600624,-0.821934606,0.05,0.047,1,,,
ABHD11,0.605921176,-0.926149875,0.01,0.01,1,,,
ERGIC3,0.606567122,-0.706022548,0.063,0.063,1,,,
CYB5R2,0.607490368,-0.465588495,0.01,0.01,1,,,
IL17RE,0.610086588,-0.637755058,0.066,0.063,1,,,
B3GNTL1,0.610192872,-0.829809093,0.045,0.043,1,,,
SNHG5,0.611316563,-0.687639185,0.157,0.144,1,,,
LIN7B,0.611383405,-0.894151562,0.025,0.024,1,,,
ZNF418,0.611448436,-0.891173346,0.021,0.022,1,,,
LMTK2,0.611831864,-0.783704763,0.153,0.14,1,,,
AC130895.1,0.612263983,-0.89337938,0.017,0.017,1,,,
AC093227.1,0.613539218,-1.058526528,0.01,0.01,1,,,
SH3D21,0.61526218,-1.147093976,0.011,0.011,1,,,
STX19,0.615813317,-0.877120414,0.043,0.04,1,,,
SLC2A8,0.615983793,-0.642162676,0.017,0.017,1,,,
DYNLRB1,0.616096553,-0.887733906,0.101,0.098,1,,,
AC105233.5,0.616510114,-0.889058821,0.061,0.061,1,,,
CAB39L,0.617303366,-0.767178549,0.141,0.134,1,,,
LIPI,0.617791346,-1.294354513,0.035,0.035,1,,,
SERTAD3,0.618770909,-0.462320714,0.012,0.011,1,,,
DNAJC1,0.619501525,-0.662769647,0.322,0.276,1,,,
CSMD2,0.619769162,-1.298852352,0.013,0.013,1,,,
GPR183,0.620264483,-1.046376284,0.018,0.017,1,,,
SELENOW,0.620546993,-0.941053311,0.122,0.113,1,,,
IPO5,0.62058463,-0.760964604,0.115,0.107,1,,,
CYB5D1,0.621278265,-0.726996164,0.012,0.013,1,,,
BRPF3,0.621311376,-0.813793023,0.045,0.043,1,,,
CSNK2B,0.622191436,-0.923509746,0.027,0.028,1,,,
HSPB8,0.622664977,-0.965935243,0.04,0.041,1,,,
AC011451.1,0.623843638,-0.676474673,0.01,0.01,1,,,
MPP6,0.626575505,-0.766349409,0.204,0.187,1,,,
BIRC6,0.626578959,-0.359972852,0.652,0.517,1,,,
COL23A1,0.627095564,-1.099699981,0.018,0.018,1,,,
ADAMTS6,0.628259083,-1.015555387,0.071,0.07,1,,,
KMT2C,0.628672371,-0.323429227,0.638,0.506,1,,,
MFSD12,0.629219578,-0.882888772,0.042,0.042,1,,,
JOSD2,0.629427667,-0.799603341,0.022,0.021,1,,,
LINC00926,0.63103688,-0.868945142,0.012,0.011,1,,,
NACC2,0.632630392,-0.95244388,0.07,0.069,1,,,
SF3B6,0.632631449,-0.830581634,0.06,0.06,1,,,
ARHGAP39,0.633248378,-0.888963372,0.015,0.014,1,,,
SERAC1,0.634000378,-0.851402574,0.044,0.045,1,,,
KIAA0895,0.634777535,-0.620277792,0.028,0.027,1,,,
SLF2,0.635343096,-0.68786278,0.24,0.213,1,,,
PLCL1,0.635924986,-0.516997465,0.368,0.316,1,,,
PARP16,0.636782441,-0.753737167,0.071,0.067,1,,,
AC008014.1,0.637277851,-0.653991078,0.259,0.236,1,,,
MXRA7,0.637587481,-0.913157297,0.057,0.057,1,,,
PLEKHO2,0.637644037,-0.6417142,0.023,0.022,1,,,
AC009226.1,0.637796432,-1.135096984,0.043,0.043,1,,,
NIFK,0.637992165,-0.846938911,0.047,0.047,1,,,
GPRC5C,0.639824112,-0.797935546,0.023,0.022,1,,,
FNBP4,0.640399416,-0.507961604,0.471,0.388,1,,,
CD83,0.640737925,-1.347062454,0.018,0.017,1,,,
NOP9,0.642854895,-0.761481597,0.012,0.013,1,,,
RABL6,0.643004769,-0.823233774,0.051,0.048,1,,,
LENG1,0.643394614,-0.830584288,0.023,0.024,1,,,
SERPINB8,0.643913634,-0.708751432,0.017,0.017,1,,,
PLRG1,0.644007523,-0.842939609,0.07,0.07,1,,,
CADPS,0.644284188,-1.141949416,0.014,0.013,1,,,
POP7,0.644728319,-0.46781533,0.011,0.01,1,,,
ZNF112,0.646548368,-0.546480463,0.011,0.011,1,,,
FAM32A,0.647517943,-0.848946124,0.028,0.028,1,,,
IRAK1BP1,0.65129249,-0.672663248,0.196,0.177,1,,,
ZSCAN20,0.65242721,-0.879592879,0.012,0.012,1,,,
C14orf159,0.654395494,-0.754161456,0.263,0.229,1,,,
ATP6V0B,0.655768323,-0.861911235,0.09,0.085,1,,,
ERICH1,0.65680891,-0.557006174,0.367,0.314,1,,,
SLC37A3,0.65743994,-0.855985001,0.108,0.104,1,,,
CAMTA1,0.660250032,-0.764281588,0.214,0.191,1,,,
MAN2B1,0.663263917,-0.783028894,0.044,0.042,1,,,
YES1,0.663556493,-0.946290284,0.142,0.133,1,,,
USP37,0.665504815,-0.809397552,0.149,0.141,1,,,
ZNRD1,0.665895793,-0.900532935,0.026,0.025,1,,,
ZNF543,0.666054594,-0.897097428,0.016,0.015,1,,,
RBMS2,0.667459438,-0.671238959,0.241,0.218,1,,,
KLC2,0.668358954,-0.770280451,0.022,0.021,1,,,
NEK5,0.668435494,-0.672430499,0.093,0.091,1,,,
COQ2,0.668607701,-0.74787236,0.034,0.033,1,,,
MMS22L,0.668636749,-0.768729927,0.114,0.107,1,,,
RPH3AL,0.669155395,-1.207126379,0.084,0.078,1,,,
CFAP36,0.669160398,-0.777827736,0.141,0.13,1,,,
CCDC43,0.670797674,-0.784786972,0.026,0.026,1,,,
CALU,0.671196497,-0.778151684,0.163,0.149,1,,,
ASNA1,0.671625437,-0.914487583,0.023,0.022,1,,,
CNNM3,0.67167465,-0.759675252,0.026,0.025,1,,,
FAM122B,0.673807227,-0.715588054,0.05,0.048,1,,,
XRN1,0.673865333,-0.517069313,0.453,0.371,1,,,
PHB,0.676384552,-0.888601265,0.046,0.046,1,,,
GARS,0.677391124,-0.752647049,0.057,0.056,1,,,
KIAA2013,0.677410567,-0.733274989,0.033,0.032,1,,,
MCAT,0.678943037,-0.79914143,0.013,0.012,1,,,
TOR1B,0.679718167,-0.804219149,0.044,0.043,1,,,
MFAP3L,0.679816158,-0.900918758,0.016,0.015,1,,,
HHAT,0.680551648,-0.734021438,0.114,0.107,1,,,
ZNF891,0.680724001,-0.815088816,0.065,0.064,1,,,
AC246817.1,0.680830744,-1.077979168,0.023,0.023,1,,,
MTMR6,0.681812904,-0.898486517,0.073,0.072,1,,,
SNHG15,0.682063865,-0.850247623,0.028,0.027,1,,,
AC093297.3,0.683536962,-0.706298665,0.01,0.011,1,,,
OGFOD3,0.683974976,-0.760526873,0.043,0.041,1,,,
CCT7,0.684286398,-0.846790566,0.068,0.067,1,,,
TP53BP1,0.685681455,-0.727412954,0.193,0.178,1,,,
ARL6IP1,0.685743957,-0.893334498,0.044,0.045,1,,,
SYNGR2,0.686548405,-0.703133603,0.028,0.027,1,,,
ZNF700,0.686656112,-0.900597634,0.012,0.011,1,,,
POLR2B,0.688080577,-0.795396555,0.197,0.181,1,,,
AC011476.3,0.690622336,-0.648993208,0.06,0.057,1,,,
C20orf24,0.690879069,-0.547157156,0.016,0.016,1,,,
TIMM10,0.692148299,-0.915326546,0.013,0.014,1,,,
CCND2-AS1,0.693641402,-0.791432624,0.01,0.01,1,,,
HPS1,0.694006736,-0.907914604,0.075,0.073,1,,,
PI4K2A,0.694837767,-0.8453133,0.023,0.024,1,,,
SLC39A3,0.696762,-0.791935928,0.014,0.013,1,,,
PRKDC,0.697114165,-0.672419738,0.313,0.274,1,,,
PARP1,0.697626629,-0.850913168,0.076,0.075,1,,,
PTPN1,0.699482103,-0.72464396,0.177,0.162,1,,,
IL17RB,0.699812434,-0.967008188,0.009,0.01,1,,,
SMIM29,0.699948989,-0.945791482,0.011,0.01,1,,,
GABARAPL2,0.699970931,-0.884241745,0.078,0.074,1,,,
C1orf174,0.700127069,-0.780286636,0.023,0.022,1,,,
PLBD1,0.701096326,-0.758529611,0.07,0.067,1,,,
SNRPD1,0.701902128,-0.694821025,0.05,0.048,1,,,
HIGD1B,0.702169551,-1.041006779,0.016,0.015,1,,,
THAP9-AS1,0.702764919,-0.901736951,0.043,0.043,1,,,
IFT80,0.703002024,-0.836775785,0.051,0.048,1,,,
THOP1,0.703793099,-0.976177297,0.019,0.019,1,,,
FUZ,0.704841351,-0.707969341,0.019,0.019,1,,,
ARPC4,0.706014137,-0.601867552,0.029,0.029,1,,,
RCAN1,0.707251449,-0.851874544,0.05,0.048,1,,,
HIC2,0.708573715,-0.677114606,0.015,0.014,1,,,
SLC15A4,0.70893927,-0.901153261,0.07,0.068,1,,,
SIK3,0.709297988,-0.542026745,0.505,0.413,1,,,
EPOR,0.709871006,-0.925072768,0.014,0.015,1,,,
DICER1,0.711497788,-0.678329374,0.338,0.29,1,,,
EGOT,0.711865902,-1.016778179,0.017,0.016,1,,,
TNRC18,0.713756742,-0.649337293,0.299,0.264,1,,,
RARB,0.714025449,-0.890064163,0.067,0.066,1,,,
NDC1,0.714058327,-0.947466769,0.056,0.053,1,,,
FAM85B,0.714105161,-0.79320487,0.013,0.014,1,,,
AL359921.1,0.714486778,-0.834870135,0.052,0.051,1,,,
ZNF610,0.715008758,-0.778478998,0.03,0.029,1,,,
CYTH2,0.715256774,-0.808570463,0.029,0.029,1,,,
BMT2,0.716122313,-0.789886077,0.143,0.135,1,,,
ZNF681,0.716758294,-0.805714701,0.017,0.016,1,,,
USP46,0.717291142,-0.812943292,0.065,0.062,1,,,
AC010978.1,0.718586803,-1.258613563,0.011,0.012,1,,,
NFKBID,0.719145567,-0.961713912,0.033,0.032,1,,,
RNF2,0.719697167,-0.866614962,0.064,0.061,1,,,
AC008758.2,0.720910626,-0.999166269,0.01,0.01,1,,,
ATMIN,0.721224911,-0.861304304,0.027,0.027,1,,,
ANXA10,0.723977509,-0.987963132,0.015,0.015,1,,,
TRIM69,0.725467973,-1.003933405,0.025,0.026,1,,,
TMEM9B,0.72606497,-0.781640591,0.057,0.055,1,,,
PRPF4,0.726334027,-0.87337637,0.038,0.038,1,,,
SLC12A4,0.726628085,-0.931726077,0.047,0.046,1,,,
RPS29,0.72808292,-0.839139575,0.184,0.17,1,,,
RALGAPB,0.730359125,-0.811030922,0.184,0.169,1,,,
POLR1B,0.731627736,-0.759570013,0.045,0.043,1,,,
CCT2,0.731731088,-0.783476911,0.083,0.081,1,,,
HIST2H2AC,0.734309695,-0.791364032,0.015,0.014,1,,,
FKBP7,0.73646701,-0.790702294,0.03,0.03,1,,,
TIRAP,0.740281025,-0.819198855,0.038,0.037,1,,,
CCSAP,0.740808624,-0.728081452,0.024,0.023,1,,,
SNAP25-AS1,0.742109985,-1.10438441,0.047,0.046,1,,,
ZNF287,0.743155242,-0.98437732,0.018,0.019,1,,,
TM9SF2,0.743631449,-0.779937241,0.228,0.205,1,,,
SLC50A1,0.745059561,-0.836165821,0.021,0.021,1,,,
PRKCA-AS1,0.746700136,-1.091751111,0.049,0.048,1,,,
TSPAN17,0.74724324,-0.901614993,0.015,0.016,1,,,
AL031668.1,0.748566046,-0.90910985,0.022,0.021,1,,,
ZFHX4-AS1,0.749381466,-0.942084157,0.012,0.012,1,,,
NUP62,0.749390351,-0.54965633,0.037,0.036,1,,,
C2CD3,0.750173346,-0.818472863,0.117,0.112,1,,,
PLCG1,0.751077855,-0.88195185,0.085,0.082,1,,,
DNMBP-AS1,0.752356259,-0.857797966,0.053,0.051,1,,,
MIF4GD,0.752506683,-0.542544191,0.02,0.02,1,,,
C5orf56,0.754171755,-0.813344256,0.049,0.047,1,,,
NUDT3,0.75488202,-0.857679866,0.05,0.05,1,,,
DEGS2,0.755344157,-0.992121136,0.011,0.011,1,,,
ABCD4,0.756117347,-0.808582325,0.093,0.088,1,,,
KIF1C,0.757695288,-0.720756871,0.047,0.047,1,,,
RAB12,0.758115898,-0.859497584,0.117,0.112,1,,,
ALDOA,0.759118862,-0.793666536,0.116,0.109,1,,,
LINC02432,0.760148231,-0.847032887,0.01,0.01,1,,,
GIT2,0.761448299,-0.790442707,0.185,0.168,1,,,
AL356275.1,0.763308928,-0.841661345,0.015,0.015,1,,,
GALNS,0.765189356,-0.82390737,0.058,0.058,1,,,
C8orf31,0.765678403,-1.17549081,0.011,0.011,1,,,
ZMPSTE24,0.766994723,-0.82767054,0.08,0.078,1,,,
IMPG2,0.768429536,-0.811955167,0.016,0.016,1,,,
INTS6,0.769157932,-0.735514302,0.275,0.243,1,,,
RFFL,0.769315154,-0.913406115,0.026,0.025,1,,,
MRPL34,0.769581972,-0.805976708,0.039,0.037,1,,,
CMTR1,0.769776155,-0.827861108,0.078,0.074,1,,,
SPRYD3,0.770383384,-0.805316583,0.022,0.022,1,,,
HSD17B7,0.770506813,-0.714328868,0.03,0.03,1,,,
TMEM115,0.770768205,-0.556448589,0.02,0.021,1,,,
BTAF1,0.77077653,-0.636136096,0.313,0.27,1,,,
AP002360.1,0.770850574,-0.762206425,0.022,0.022,1,,,
LAMC2,0.770924542,-1.015694845,0.013,0.012,1,,,
CLCN2,0.770949624,-0.821333555,0.013,0.013,1,,,
MED12,0.773382262,-0.720580425,0.039,0.038,1,,,
METTL26,0.773492565,-0.833820683,0.035,0.035,1,,,
NFATC1,0.774358904,-0.993825172,0.062,0.06,1,,,
EFCAB7,0.777700529,-0.66119656,0.134,0.125,1,,,
PSEN2,0.779143044,-0.85153223,0.02,0.019,1,,,
MICALL2,0.783625133,-0.98527064,0.023,0.022,1,,,
ENOPH1,0.788826978,-0.849546959,0.043,0.041,1,,,
TMBIM4,0.788902081,-0.751351153,0.155,0.143,1,,,
PICK1,0.791676156,-0.751174037,0.043,0.041,1,,,
ADAMTS7,0.792796113,-0.962750632,0.023,0.023,1,,,
DMXL2,0.793697438,-1.031417581,0.216,0.192,1,,,
GPR68,0.793933818,-1.135716417,0.01,0.009,1,,,
CORO2B,0.794307337,-0.856816397,0.087,0.083,1,,,
TPD52L2,0.794979926,-0.788061514,0.069,0.068,1,,,
SEMA3E,0.79562795,-1.266598564,0.012,0.013,1,,,
PPDPF,0.798512845,-0.841961627,0.051,0.049,1,,,
ATRAID,0.798841824,-0.806490254,0.095,0.09,1,,,
PDAP1,0.799099143,-0.790259438,0.066,0.063,1,,,
KHDRBS1,0.799747691,-0.704162568,0.239,0.216,1,,,
RNF167,0.800038878,-0.843422066,0.037,0.036,1,,,
WWP1,0.80132086,-0.896616388,0.483,0.387,1,,,
GAB3,0.804490951,-1.089163678,0.07,0.066,1,,,
ELK4,0.805286463,-0.831343089,0.077,0.074,1,,,
NFYB,0.810328921,-0.903136316,0.062,0.061,1,,,
DLL1,0.811821455,-1.084600324,0.038,0.038,1,,,
ARHGAP27P1-BPTFP1-KPNA2P3,0.812101654,-0.862364556,0.093,0.09,1,,,
TMEM141,0.814508989,-0.760708429,0.022,0.022,1,,,
LFNG,0.814816539,-0.991150812,0.022,0.023,1,,,
FBXO21,0.814830798,-0.754246135,0.105,0.102,1,,,
MCOLN1,0.81648393,-0.99039258,0.094,0.09,1,,,
PPRC1,0.818469787,-0.905710177,0.028,0.028,1,,,
CREB3L4,0.819575767,-0.848297899,0.015,0.015,1,,,
ACVR2B,0.821048827,-0.846964731,0.038,0.037,1,,,
GAR1,0.822152749,-0.844018062,0.032,0.032,1,,,
SNRPD2,0.823442422,-0.825308093,0.058,0.057,1,,,
PXDC1,0.824878744,-0.763292628,0.049,0.048,1,,,
DMAC1,0.825093846,-0.746404775,0.046,0.044,1,,,
PRPF19,0.825180636,-0.663825389,0.025,0.025,1,,,
ZNF93,0.826354241,-0.922636457,0.015,0.015,1,,,
FTO,0.826575467,-0.472962242,0.534,0.431,1,,,
MZT2A,0.828342804,-0.810743996,0.044,0.044,1,,,
SULT1C4,0.828498881,-0.987252889,0.031,0.031,1,,,
PLK2,0.828572194,-1.046009273,0.016,0.016,1,,,
TATDN2,0.828743639,-0.364665111,0.01,0.01,1,,,
CDC42EP2,0.830132652,-0.792124844,0.02,0.02,1,,,
ZMYM3,0.830262463,-0.806798005,0.033,0.032,1,,,
BROX,0.832348399,-0.797555861,0.102,0.097,1,,,
FAM221A,0.835628364,-0.761282178,0.069,0.067,1,,,
INTS12,0.83637343,-0.89541888,0.137,0.128,1,,,
DIEXF,0.837672348,-0.713603471,0.044,0.044,1,,,
CNDP2,0.842578879,-0.749369537,0.047,0.046,1,,,
EBP,0.843094279,-0.60183948,0.019,0.018,1,,,
TSR3,0.843124527,-0.707601381,0.02,0.02,1,,,
DYNLL2,0.84328414,-0.886857979,0.021,0.021,1,,,
TOPBP1,0.844486065,-0.786285425,0.119,0.113,1,,,
ZNF678,0.84451249,-0.804522006,0.105,0.101,1,,,
GEM,0.844526851,-0.989152751,0.029,0.028,1,,,
STIM1,0.845375092,-0.779085011,0.255,0.226,1,,,
PEBP4,0.846891959,-0.925256535,0.031,0.031,1,,,
GPX8,0.847074533,-0.97173474,0.05,0.05,1,,,
KPNA2,0.847090045,-0.942114811,0.011,0.011,1,,,
DCBLD1,0.848084805,-0.932471575,0.083,0.079,1,,,
ICMT,0.848262404,-0.729900816,0.026,0.025,1,,,
ITGA9-AS1,0.849249683,-0.814988045,0.157,0.144,1,,,
GPR156,0.849454416,-0.993523444,0.01,0.01,1,,,
AL132671.2,0.851479102,-1.161778601,0.038,0.038,1,,,
ASB1,0.852475342,-0.804455541,0.025,0.025,1,,,
ZNF622,0.853143633,-0.822133563,0.026,0.026,1,,,
OGDH,0.8545891,-0.728749054,0.238,0.211,1,,,
CTR9,0.857060934,-0.81179917,0.078,0.075,1,,,
YIPF1,0.858066068,-0.865843534,0.045,0.044,1,,,
KIRREL3,0.858470064,-0.970767182,0.018,0.018,1,,,
AC011466.1,0.859320642,-1.145492116,0.019,0.019,1,,,
PNRC2,0.860552074,-0.78544141,0.065,0.063,1,,,
SLC25A5,0.860840264,-0.74301122,0.031,0.03,1,,,
MCM3,0.861131192,-0.788029647,0.033,0.032,1,,,
SNHG19,0.861912186,-0.808513953,0.045,0.044,1,,,
AC005786.3,0.863293681,-0.887943232,0.018,0.018,1,,,
TSR2,0.863940978,-0.686240394,0.023,0.023,1,,,
AC107973.1,0.864215765,-1.129123857,0.014,0.014,1,,,
TBCC,0.864611912,-0.865140351,0.018,0.018,1,,,
BX322234.1,0.865231489,-1.505064201,0.037,0.036,1,,,
TEX30,0.865368821,-0.767758181,0.023,0.023,1,,,
HEXB,0.865863811,-0.814087752,0.105,0.101,1,,,
RPS6KA4,0.865967128,-0.619002592,0.021,0.021,1,,,
MYBBP1A,0.866223281,-0.829783901,0.026,0.026,1,,,
UHRF1BP1L,0.86782286,-0.722727641,0.201,0.184,1,,,
TMEM248,0.869558184,-0.803419445,0.109,0.103,1,,,
RPL26L1,0.870215525,-0.860385534,0.012,0.012,1,,,
CENPE,0.870735531,-0.904129936,0.018,0.018,1,,,
RBKS,0.87137773,-0.73815339,0.099,0.095,1,,,
STARD10,0.871987282,-0.836781739,0.013,0.013,1,,,
C17orf97,0.872045315,-0.958370308,0.025,0.025,1,,,
TOMM22,0.873971684,-0.546171952,0.014,0.014,1,,,
AC092835.1,0.874010542,-0.783739368,0.032,0.031,1,,,
SCAND1,0.875593169,-0.710575116,0.04,0.039,1,,,
ARSK,0.8763113,-0.86447874,0.047,0.045,1,,,
POLR2I,0.877235965,-0.691620162,0.023,0.023,1,,,
DUSP12,0.878926968,-0.851605074,0.042,0.041,1,,,
DHX37,0.879727616,-0.87132058,0.034,0.034,1,,,
RGS2,0.879918559,-1.00654837,0.011,0.011,1,,,
MED25,0.880725556,-0.946603473,0.057,0.056,1,,,
TRMT6,0.88088341,-0.927740526,0.018,0.018,1,,,
TAF6,0.881649666,-0.762209928,0.019,0.019,1,,,
C16orf45,0.882796979,-0.808865386,0.249,0.22,1,,,
ALKBH2,0.883218095,-0.825907484,0.022,0.022,1,,,
NMRAL1,0.886135435,-0.780270719,0.063,0.061,1,,,
ZNF484,0.887157982,-0.823911596,0.047,0.046,1,,,
CEP89,0.888205479,-0.782835852,0.146,0.137,1,,,
OS9,0.889552283,-0.733039947,0.128,0.122,1,,,
MFSD7,0.892437865,-0.730331482,0.012,0.012,1,,,
OST4,0.89251169,-0.819922836,0.065,0.063,1,,,
IBA57,0.893061268,-0.795185268,0.019,0.019,1,,,
ENO4,0.893903559,-0.714916303,0.123,0.116,1,,,
TRMT11,0.89412967,-0.681909924,0.214,0.193,1,,,
PGAP3,0.895630312,-0.763517903,0.024,0.024,1,,,
LRRC20,0.895821371,-0.827102838,0.023,0.023,1,,,
PLN,0.895909253,-1.258720902,0.016,0.016,1,,,
SLC2A6,0.896731325,-0.867148426,0.012,0.012,1,,,
EVC,0.897944122,-0.794214376,0.102,0.096,1,,,
TMEM30A,0.900326219,-0.744515029,0.108,0.103,1,,,
LTBP3,0.901191736,-0.805450002,0.122,0.116,1,,,
IL6R,0.901502304,-0.814249404,0.127,0.12,1,,,
EPB41L4A-AS1,0.90178166,-0.816236493,0.048,0.048,1,,,
HPN,0.903479536,-0.780125297,0.011,0.011,1,,,
RGP1,0.903633533,-0.813191529,0.034,0.034,1,,,
SLC41A1,0.903690301,-0.744844693,0.033,0.032,1,,,
AC016705.2,0.904830304,-0.457405152,0.016,0.016,1,,,
GPATCH4,0.906594555,-0.955432946,0.035,0.034,1,,,
CEP97,0.90704224,-0.778850691,0.047,0.046,1,,,
GABARAP,0.908042287,-0.866319522,0.01,0.01,1,,,
CUEDC2,0.908487304,-0.772911884,0.052,0.05,1,,,
AC079594.2,0.908986704,-0.945133944,0.037,0.036,1,,,
ZNF548,0.909086488,-0.772959913,0.019,0.018,1,,,
PKIA-AS1,0.910965066,-0.881203359,0.021,0.021,1,,,
FANCD2OS,0.911719871,-0.800895404,0.01,0.01,1,,,
AGBL2,0.912052254,-0.86317922,0.012,0.012,1,,,
ABHD2,0.913142496,-0.31789667,0.127,0.123,1,,,
SLC30A4,0.913927812,-0.764170478,0.05,0.049,1,,,
KCNQ1OT1,0.914417041,-0.623616394,0.382,0.329,1,,,
FANCD2,0.914975585,-0.661947069,0.019,0.019,1,,,
PLXNA3,0.915529098,-0.819720204,0.041,0.04,1,,,
DDX41,0.916192953,-0.524404425,0.015,0.015,1,,,
AC090589.2,0.917441582,-0.93624184,0.011,0.011,1,,,
AC119674.2,0.917464715,-1.068058756,0.019,0.019,1,,,
SPATA18,0.918466787,-0.668025907,0.018,0.018,1,,,
LAMTOR4,0.918772864,-0.794962805,0.08,0.077,1,,,
DLEU2L,0.919641875,-0.622929961,0.01,0.01,1,,,
NCL,0.922248803,-0.724203311,0.206,0.188,1,,,
TSHZ2,0.922432119,-0.705235889,0.775,0.579,1,,,
KCTD16,0.922724375,-1.301911123,0.025,0.025,1,,,
TGFBRAP1,0.923322265,-0.914709302,0.052,0.051,1,,,
DNPH1,0.924660998,-0.599221494,0.037,0.037,1,,,
ZNF787,0.924859603,-0.762585953,0.035,0.035,1,,,
PLCXD3,0.926842251,-1.532710916,0.045,0.044,1,,,
TEX41,0.927839726,-0.545571496,0.041,0.04,1,,,
KIF24,0.928000716,-0.75367433,0.015,0.015,1,,,
DLEC1,0.928223459,-0.859895554,0.047,0.047,1,,,
MRPL21,0.928289708,-0.762945928,0.034,0.033,1,,,
ATP2A2,0.92892021,-0.73687758,0.215,0.193,1,,,
KIAA0040,0.930469069,-0.992030471,0.041,0.04,1,,,
TSHZ1,0.930942673,-0.870358329,0.082,0.079,1,,,
SENP1,0.931532461,-0.771234407,0.093,0.089,1,,,
GDI2,0.934361696,-0.710718757,0.18,0.166,1,,,
NUDT21,0.934730078,-0.86636804,0.067,0.065,1,,,
SNRPB,0.934812162,-0.832631899,0.053,0.052,1,,,
DYNLT3,0.934906996,-0.84520133,0.031,0.031,1,,,
CDK6,0.93491605,-0.563461795,0.386,0.329,1,,,
LSM2,0.935023121,-0.688849932,0.029,0.029,1,,,
TMEM70,0.936699266,-0.825132707,0.029,0.029,1,,,
CUX2,0.937027003,-1.114168603,0.013,0.013,1,,,
ZNF169,0.937919332,-0.834651868,0.063,0.061,1,,,
DLGAP4,0.940089039,-0.787855381,0.14,0.131,1,,,
NSMF,0.942306958,-0.7567211,0.029,0.029,1,,,
PPIA,0.943622466,-0.707423706,0.071,0.069,1,,,
WDR6,0.944668169,-0.689518259,0.108,0.104,1,,,
TTC5,0.948913389,-0.848182517,0.064,0.062,1,,,
ZNF689,0.950387789,-1.028639808,0.01,0.01,1,,,
PCGF5,0.952724982,-0.701662459,0.263,0.233,1,,,
SCLT1,0.953199038,-0.655560211,0.299,0.262,1,,,
EIPR1,0.953655099,-0.869475787,0.068,0.066,1,,,
NRG1,0.956117947,-1.493287625,0.024,0.024,1,,,
CTBP1-AS2,0.956547314,-0.80090668,0.032,0.031,1,,,
PPP1R12C,0.958333502,-0.763466916,0.053,0.052,1,,,
RPL39,0.958367279,-0.619284165,0.027,0.027,1,,,
GPAA1,0.958407946,-0.737999994,0.046,0.046,1,,,
SLC37A4,0.958973175,-0.877049881,0.015,0.015,1,,,
PRR14,0.959325699,-0.891842009,0.023,0.022,1,,,
TIGD1,0.959510467,-0.678242154,0.015,0.015,1,,,
RAI1,0.959835504,-0.865064751,0.075,0.072,1,,,
ZNF184,0.960046552,-0.938729381,0.012,0.012,1,,,
THUMPD2,0.96092761,-0.701279372,0.193,0.176,1,,,
DNASE2,0.961218164,-0.822034055,0.03,0.029,1,,,
CBR1,0.962648201,-0.857965164,0.042,0.042,1,,,
LIN9,0.963581314,-0.775311894,0.074,0.071,1,,,
ATP13A1,0.963784954,-0.794348065,0.025,0.025,1,,,
CROT,0.964745385,-0.835403515,0.071,0.069,1,,,
OPN3,0.965925712,-0.651091316,0.017,0.017,1,,,
RNASEH2C,0.967057571,-0.767063699,0.069,0.067,1,,,
NSMCE3,0.967763513,-0.786344441,0.02,0.02,1,,,
RTL8A,0.968011926,-0.645256803,0.023,0.023,1,,,
TSPEAR,0.969080297,-1.499368196,0.015,0.015,1,,,
TRPM7,0.971044245,-0.438405801,0.487,0.401,1,,,
FAM53B,0.97233004,-0.77019013,0.018,0.018,1,,,
RBM12,0.972972914,-0.956019825,0.038,0.037,1,,,
BRD3,0.973457408,-0.782176332,0.065,0.063,1,,,
MBLAC2,0.975663094,-0.688066044,0.025,0.024,1,,,
09-Mar,0.97814575,-1.029027154,0.019,0.019,1,,,
TOR2A,0.97871928,-0.761812436,0.01,0.01,1,,,
C19orf68,0.979607347,-0.714966863,0.043,0.042,1,,,
MRPL52,0.98164384,-0.80727839,0.044,0.044,1,,,
TTTY15,0.982219779,-0.937287236,0.084,0.08,1,,,
TCF21,0.984514674,-1.014338367,0.018,0.018,1,,,
SIRT6,0.984593974,-0.82564989,0.018,0.018,1,,,
TMED7,0.986351163,-0.747340427,0.046,0.045,1,,,
PHF23,0.986883241,-0.832788243,0.012,0.012,1,,,
FKBP4,0.987916781,-0.707451376,0.021,0.02,1,,,
ELN,0.989181428,-0.639916298,0.21,0.193,1,,,
PABPC4,0.989752452,-0.815463431,0.081,0.078,1,,,
CASC10,0.990895185,-0.719347559,0.01,0.01,1,,,
PLEKHF1,0.991249177,-0.85087084,0.017,0.017,1,,,
CAMLG,0.991433893,-0.852513594,0.061,0.06,1,,,
PSMC3,0.991770331,-0.827221287,0.035,0.034,1,,,
MOB3C,0.992481836,-0.887873508,0.017,0.017,1,,,
ACVR2A,0.99351063,-0.807700536,0.213,0.192,1,,,
IL18BP,0.995174022,-0.814768757,0.012,0.012,1,,,
AC022893.1,0.997058762,-0.991915446,0.036,0.035,1,,,
CBX5,0.997540223,-0.753803207,0.12,0.114,1,,,
C15orf65,0.999295717,-1.012943496,0.014,0.014,1,,,
LSM3,0.999579564,-0.809821428,0.044,0.043,1,,,
